{
  "type": "FeatureCollection",
  "name": "Plošná vymezení jednotlivých památek",
  "crs": {
    "type": "name",
    "properties": {
      "name": "urn:ogc:def:crs:OGC:1.3:CRS84"
    }
  },
  "souradnicovy_system": "WGS-84 (EPSG:4326), pořadí [délka, šířka]",
  "prevedeno_z": "S-JTSK / Křovák East North (EPSG:5514)",
  "parametry_prevodu": {
    "dx_m": 570.8,
    "dy_m": 85.7,
    "dz_m": 462.8,
    "rx_vteriny": -4.998,
    "ry_vteriny": -1.587,
    "rz_vteriny": -5.261,
    "meritko_ppm": 3.56,
    "konvence": "coordinate frame"
  },
  "zdroj": "NPÚ — geoportál, CP_Prstav_PVO",
  "licence": "Služba uvádí jen autora (Národní památkový ústav), licenci ne. Sousední vrstvy geoportálu mají CC BY-SA 4.0, otevřená data ÚSKP CC BY 4.0. Zdroj se uvádí vždy; před komerčním užitím se doptat NPÚ.",
  "dolozka": "datový podklad: Národní památkový ústav, https://www.pamatkovykatalog.cz/, datum aktualizace 31.07.2026, licence CC BY 4.0",
  "obec": {
    "kod": "554642",
    "nazev": "Mariánské Lázně",
    "okres": "Cheb"
  },
  "generovano": "2026-08-17",
  "features": [
    {
      "type": "Feature",
      "geometry": {
        "type": "MultiPolygon",
        "coordinates": [
          [
            [
              [
                12.7069395,
                49.9782261
              ],
              [
                12.7069025,
                49.9782618
              ],
              [
                12.7066693,
                49.9783021
              ],
              [
                12.7066356,
                49.9782984
              ],
              [
                12.7066129,
                49.9782886
              ],
              [
                12.7065979,
                49.9782755
              ],
              [
                12.7065802,
                49.9782574
              ],
              [
                12.7064465,
                49.9781008
              ],
              [
                12.7062699,
                49.9778665
              ],
              [
                12.7062657,
                49.9778676
              ],
              [
                12.7062388,
                49.9778381
              ],
              [
                12.7062791,
                49.977824
              ],
              [
                12.7062857,
                49.9778214
              ],
              [
                12.706289,
                49.9778182
              ],
              [
                12.7062909,
                49.9778147
              ],
              [
                12.7062938,
                49.9778122
              ],
              [
                12.7063277,
                49.9778494
              ],
              [
                12.7063765,
                49.9778571
              ],
              [
                12.7066392,
                49.9778122
              ],
              [
                12.7066591,
                49.977859
              ],
              [
                12.7066656,
                49.9778578
              ],
              [
                12.7066699,
                49.977857
              ],
              [
                12.7065876,
                49.9776891
              ],
              [
                12.7065957,
                49.9776877
              ],
              [
                12.7065947,
                49.9776853
              ],
              [
                12.7065747,
                49.9776382
              ],
              [
                12.7065564,
                49.9775905
              ],
              [
                12.7065543,
                49.9775853
              ],
              [
                12.7065459,
                49.9775633
              ],
              [
                12.7065433,
                49.9775562
              ],
              [
                12.7065187,
                49.9774874
              ],
              [
                12.7065095,
                49.9774612
              ],
              [
                12.7064936,
                49.9774138
              ],
              [
                12.7064906,
                49.9774141
              ],
              [
                12.7064657,
                49.9774165
              ],
              [
                12.7064282,
                49.9772906
              ],
              [
                12.7064415,
                49.9772888
              ],
              [
                12.7064511,
                49.9772874
              ],
              [
                12.706451,
                49.9772871
              ],
              [
                12.7064496,
                49.9772822
              ],
              [
                12.7064355,
                49.9772335
              ],
              [
                12.7064096,
                49.9771299
              ],
              [
                12.7063928,
                49.9770529
              ],
              [
                12.7063779,
                49.9769756
              ],
              [
                12.7063571,
                49.9768476
              ],
              [
                12.7063597,
                49.9768281
              ],
              [
                12.7063495,
                49.9768275
              ],
              [
                12.7063485,
                49.9768177
              ],
              [
                12.7063453,
                49.9768179
              ],
              [
                12.7063452,
                49.9768173
              ],
              [
                12.7063443,
                49.9768112
              ],
              [
                12.7063483,
                49.9768109
              ],
              [
                12.7063418,
                49.976764
              ],
              [
                12.7063376,
                49.9767643
              ],
              [
                12.7063375,
                49.9767634
              ],
              [
                12.7063367,
                49.9767575
              ],
              [
                12.70634,
                49.9767572
              ],
              [
                12.706339,
                49.9767465
              ],
              [
                12.70635,
                49.9767493
              ],
              [
                12.7063549,
                49.976749
              ],
              [
                12.7063556,
                49.9767534
              ],
              [
                12.7065225,
                49.9767445
              ],
              [
                12.7065236,
                49.9767445
              ],
              [
                12.7065231,
                49.9767403
              ],
              [
                12.7065231,
                49.97674
              ],
              [
                12.7065339,
                49.9767394
              ],
              [
                12.7065341,
                49.9767406
              ],
              [
                12.7065351,
                49.9767471
              ],
              [
                12.7065363,
                49.976747
              ],
              [
                12.7065378,
                49.9767469
              ],
              [
                12.7065379,
                49.9767475
              ],
              [
                12.7065386,
                49.9767522
              ],
              [
                12.7065387,
                49.9767528
              ],
              [
                12.7065378,
                49.9767528
              ],
              [
                12.7065367,
                49.9767528
              ],
              [
                12.7065368,
                49.9767534
              ],
              [
                12.706544,
                49.9767998
              ],
              [
                12.706546,
                49.9767997
              ],
              [
                12.7065471,
                49.9768064
              ],
              [
                12.7065451,
                49.9768066
              ],
              [
                12.7065438,
                49.9768067
              ],
              [
                12.7065441,
                49.9768083
              ],
              [
                12.7065442,
                49.9768094
              ],
              [
                12.7065445,
                49.9768109
              ],
              [
                12.7065448,
                49.9768109
              ],
              [
                12.706592,
                49.9768081
              ],
              [
                12.7065922,
                49.9768081
              ],
              [
                12.7066173,
                49.9768066
              ],
              [
                12.7066174,
                49.9768074
              ],
              [
                12.7066187,
                49.9768072
              ],
              [
                12.7066397,
                49.9768064
              ],
              [
                12.7066571,
                49.9768057
              ],
              [
                12.7066673,
                49.9768619
              ],
              [
                12.7066723,
                49.9768897
              ],
              [
                12.7067026,
                49.9770568
              ],
              [
                12.7067039,
                49.9770671
              ],
              [
                12.7067085,
                49.9770691
              ],
              [
                12.7067136,
                49.9770707
              ],
              [
                12.706719,
                49.9770717
              ],
              [
                12.7067245,
                49.9770723
              ],
              [
                12.7067301,
                49.9770723
              ],
              [
                12.7067339,
                49.9770719
              ],
              [
                12.7067378,
                49.977072
              ],
              [
                12.7067415,
                49.9770725
              ],
              [
                12.7067451,
                49.9770734
              ],
              [
                12.7067484,
                49.9770746
              ],
              [
                12.7067514,
                49.9770762
              ],
              [
                12.706754,
                49.977078
              ],
              [
                12.7067622,
                49.977092
              ],
              [
                12.7068893,
                49.977535
              ],
              [
                12.7068894,
                49.9775354
              ],
              [
                12.706888,
                49.9775376
              ],
              [
                12.7068876,
                49.9775383
              ],
              [
                12.7068853,
                49.977542
              ],
              [
                12.7068773,
                49.977544
              ],
              [
                12.7068731,
                49.9775456
              ],
              [
                12.706817,
                49.9775517
              ],
              [
                12.7067956,
                49.9775541
              ],
              [
                12.7067922,
                49.9775548
              ],
              [
                12.706789,
                49.9775559
              ],
              [
                12.7067861,
                49.9775574
              ],
              [
                12.7067837,
                49.9775591
              ],
              [
                12.7067818,
                49.977561
              ],
              [
                12.7067804,
                49.9775632
              ],
              [
                12.7067795,
                49.9775655
              ],
              [
                12.7067793,
                49.9775678
              ],
              [
                12.7067797,
                49.9775701
              ],
              [
                12.7068412,
                49.977711
              ],
              [
                12.706865,
                49.9777654
              ],
              [
                12.7068647,
                49.9777693
              ],
              [
                12.7068646,
                49.9777714
              ],
              [
                12.7068637,
                49.9777752
              ],
              [
                12.7068598,
                49.9777789
              ],
              [
                12.7068508,
                49.9777818
              ],
              [
                12.7068543,
                49.9777895
              ],
              [
                12.7068597,
                49.9778018
              ],
              [
                12.7068965,
                49.9778823
              ],
              [
                12.7069035,
                49.9778986
              ],
              [
                12.7069074,
                49.9779076
              ],
              [
                12.7069332,
                49.9779073
              ],
              [
                12.7069395,
                49.9782261
              ]
            ]
          ],
          [
            [
              [
                12.705834,
                49.9765435
              ],
              [
                12.7058356,
                49.9765439
              ],
              [
                12.7058372,
                49.9765444
              ],
              [
                12.7058385,
                49.9765451
              ],
              [
                12.7058397,
                49.9765459
              ],
              [
                12.7058407,
                49.9765468
              ],
              [
                12.7058414,
                49.9765478
              ],
              [
                12.7058419,
                49.9765489
              ],
              [
                12.7058421,
                49.97655
              ],
              [
                12.7058421,
                49.9765511
              ],
              [
                12.7058417,
                49.9765522
              ],
              [
                12.7058278,
                49.97659
              ],
              [
                12.7058272,
                49.976591
              ],
              [
                12.7058264,
                49.9765919
              ],
              [
                12.7058255,
                49.9765927
              ],
              [
                12.7058243,
                49.9765934
              ],
              [
                12.705823,
                49.9765939
              ],
              [
                12.7058216,
                49.9765943
              ],
              [
                12.70582,
                49.9765946
              ],
              [
                12.7058185,
                49.9765947
              ],
              [
                12.7058169,
                49.9765947
              ],
              [
                12.7058153,
                49.9765945
              ],
              [
                12.7057582,
                49.9765851
              ],
              [
                12.7057543,
                49.9765833
              ],
              [
                12.7057516,
                49.9765805
              ],
              [
                12.7057511,
                49.9765774
              ],
              [
                12.7057638,
                49.9765401
              ],
              [
                12.7057641,
                49.9765391
              ],
              [
                12.7057647,
                49.9765381
              ],
              [
                12.7057655,
                49.9765371
              ],
              [
                12.7057666,
                49.9765363
              ],
              [
                12.7057678,
                49.9765356
              ],
              [
                12.7057692,
                49.9765351
              ],
              [
                12.7057708,
                49.9765347
              ],
              [
                12.7057724,
                49.9765344
              ],
              [
                12.705774,
                49.9765344
              ],
              [
                12.7057757,
                49.9765345
              ],
              [
                12.705834,
                49.9765435
              ]
            ]
          ]
        ]
      },
      "properties": {
        "zdroj": "NPÚ, Památkový geografický informační systém",
        "nazev": "lázeňská kolonáda, s omezením: bez zadního traktu kolonády (dříve M. Gorkého)",
        "ochrana_kod": "KP",
        "ochrana": "kulturní památka",
        "unesco": false,
        "upresneni_ochrany": "NEM",
        "rejstrik": "29745/4-57",
        "prstav_id": "141139",
        "chraneno": true,
        "faze_ochrany": "památkově chráněno, rozsah revidován",
        "rok_zapisu": 1977,
        "url": "https://pamatkovykatalog.cz/pravni-ochrana/x-141139",
        "prislusnost_k_obci": "ÚSKP: obec uvedena u záznamu"
      }
    },
    {
      "type": "Feature",
      "geometry": {
        "type": "MultiPolygon",
        "coordinates": [
          [
            [
              [
                12.7341453,
                49.9306301
              ],
              [
                12.7340734,
                49.9306264
              ],
              [
                12.734084,
                49.9307435
              ],
              [
                12.7340511,
                49.9307596
              ],
              [
                12.7340199,
                49.9307751
              ],
              [
                12.7338971,
                49.9307428
              ],
              [
                12.7337989,
                49.9307198
              ],
              [
                12.7337472,
                49.9307081
              ],
              [
                12.7336706,
                49.9306882
              ],
              [
                12.7336445,
                49.9306814
              ],
              [
                12.7335168,
                49.9306483
              ],
              [
                12.7335597,
                49.9305806
              ],
              [
                12.7335674,
                49.9305684
              ],
              [
                12.7335686,
                49.9305476
              ],
              [
                12.7338028,
                49.9305369
              ],
              [
                12.7341396,
                49.9305323
              ],
              [
                12.7341453,
                49.9306301
              ]
            ]
          ]
        ]
      },
      "properties": {
        "zdroj": "NPÚ, Památkový geografický informační systém",
        "nazev": "venkovská usedlost",
        "ochrana_kod": "KP",
        "ochrana": "kulturní památka",
        "unesco": false,
        "upresneni_ochrany": "NEM",
        "rejstrik": "12434/4-4962",
        "prstav_id": "119708",
        "chraneno": true,
        "faze_ochrany": "památkově chráněno",
        "rok_zapisu": 1994,
        "url": "https://pamatkovykatalog.cz/pravni-ochrana/x-119708",
        "prislusnost_k_obci": "ÚSKP: obec uvedena u záznamu"
      }
    },
    {
      "type": "Feature",
      "geometry": {
        "type": "MultiPolygon",
        "coordinates": [
          [
            [
              [
                12.7020077,
                49.9707633
              ],
              [
                12.7020195,
                49.9708039
              ],
              [
                12.7020211,
                49.9708093
              ],
              [
                12.7020061,
                49.9708111
              ],
              [
                12.7020166,
                49.9708413
              ],
              [
                12.702029,
                49.9708794
              ],
              [
                12.7020517,
                49.9709447
              ],
              [
                12.7020532,
                49.9709491
              ],
              [
                12.7021171,
                49.971133
              ],
              [
                12.7021092,
                49.9711341
              ],
              [
                12.7021308,
                49.9712016
              ],
              [
                12.7021127,
                49.9712061
              ],
              [
                12.7020471,
                49.9712246
              ],
              [
                12.7020129,
                49.9712348
              ],
              [
                12.7020138,
                49.9712363
              ],
              [
                12.701955,
                49.9712505
              ],
              [
                12.7019069,
                49.9712504
              ],
              [
                12.7016233,
                49.9712496
              ],
              [
                12.7015733,
                49.9712027
              ],
              [
                12.7014617,
                49.9710983
              ],
              [
                12.7014476,
                49.9710852
              ],
              [
                12.7014405,
                49.9710825
              ],
              [
                12.7013712,
                49.9710559
              ],
              [
                12.7013547,
                49.9710495
              ],
              [
                12.7013048,
                49.9709967
              ],
              [
                12.7011695,
                49.9708555
              ],
              [
                12.7011335,
                49.9708147
              ],
              [
                12.7013232,
                49.9708099
              ],
              [
                12.7013232,
                49.9708087
              ],
              [
                12.7013205,
                49.9707616
              ],
              [
                12.7013116,
                49.9706055
              ],
              [
                12.7013666,
                49.9706044
              ],
              [
                12.7013538,
                49.9703621
              ],
              [
                12.7014281,
                49.9703512
              ],
              [
                12.7014314,
                49.970347
              ],
              [
                12.7014804,
                49.9703447
              ],
              [
                12.7018415,
                49.9702876
              ],
              [
                12.7018683,
                49.9703657
              ],
              [
                12.7018557,
                49.9703675
              ],
              [
                12.7018604,
                49.9703763
              ],
              [
                12.701937,
                49.9705991
              ],
              [
                12.7019581,
                49.9706573
              ],
              [
                12.7019887,
                49.9707602
              ],
              [
                12.7020059,
                49.970757
              ],
              [
                12.7020077,
                49.9707633
              ]
            ]
          ]
        ]
      },
      "properties": {
        "zdroj": "NPÚ, Památkový geografický informační systém",
        "nazev": "lázeňský dům",
        "ochrana_kod": "KP",
        "ochrana": "kulturní památka",
        "unesco": false,
        "upresneni_ochrany": "NEM",
        "rejstrik": "50625/4-5224",
        "prstav_id": "118992",
        "chraneno": true,
        "faze_ochrany": "památkově chráněno",
        "rok_zapisu": 2001,
        "url": "https://pamatkovykatalog.cz/pravni-ochrana/x-118992",
        "prislusnost_k_obci": "ÚSKP: obec uvedena u záznamu"
      }
    },
    {
      "type": "Feature",
      "geometry": {
        "type": "MultiPolygon",
        "coordinates": [
          [
            [
              [
                12.7096317,
                49.9762526
              ],
              [
                12.7096308,
                49.9762513
              ],
              [
                12.7096289,
                49.9762519
              ],
              [
                12.7096254,
                49.9762464
              ],
              [
                12.7096235,
                49.9762469
              ],
              [
                12.7096178,
                49.9762381
              ],
              [
                12.7096198,
                49.9762375
              ],
              [
                12.7096065,
                49.976217
              ],
              [
                12.7096045,
                49.9762176
              ],
              [
                12.7095989,
                49.9762087
              ],
              [
                12.7096008,
                49.9762082
              ],
              [
                12.7095974,
                49.9762027
              ],
              [
                12.7095992,
                49.9762022
              ],
              [
                12.7095829,
                49.9761766
              ],
              [
                12.7095809,
                49.9761771
              ],
              [
                12.7095776,
                49.9761718
              ],
              [
                12.7095756,
                49.9761723
              ],
              [
                12.7095717,
                49.9761663
              ],
              [
                12.7095737,
                49.9761658
              ],
              [
                12.7095724,
                49.9761638
              ],
              [
                12.7095742,
                49.9761632
              ],
              [
                12.7095571,
                49.9761366
              ],
              [
                12.7095552,
                49.976137
              ],
              [
                12.7095539,
                49.9761349
              ],
              [
                12.7095519,
                49.9761354
              ],
              [
                12.709548,
                49.9761295
              ],
              [
                12.70955,
                49.9761289
              ],
              [
                12.7095464,
                49.9761235
              ],
              [
                12.7095484,
                49.9761229
              ],
              [
                12.7095319,
                49.9760972
              ],
              [
                12.70953,
                49.9760977
              ],
              [
                12.7095264,
                49.9760922
              ],
              [
                12.7095246,
                49.9760928
              ],
              [
                12.7095187,
                49.9760839
              ],
              [
                12.7095207,
                49.9760834
              ],
              [
                12.7095075,
                49.9760628
              ],
              [
                12.7095055,
                49.9760633
              ],
              [
                12.7094998,
                49.9760544
              ],
              [
                12.7095018,
                49.9760539
              ],
              [
                12.7094983,
                49.9760485
              ],
              [
                12.7095003,
                49.976048
              ],
              [
                12.7094995,
                49.9760467
              ],
              [
                12.7095766,
                49.9760268
              ],
              [
                12.7095773,
                49.976028
              ],
              [
                12.7096797,
                49.9760016
              ],
              [
                12.7096788,
                49.9760004
              ],
              [
                12.7097355,
                49.9759857
              ],
              [
                12.7097363,
                49.975987
              ],
              [
                12.7097434,
                49.9759852
              ],
              [
                12.7097442,
                49.9759864
              ],
              [
                12.7097706,
                49.9759796
              ],
              [
                12.7097698,
                49.9759784
              ],
              [
                12.7097923,
                49.9759726
              ],
              [
                12.7097931,
                49.9759739
              ],
              [
                12.7098193,
                49.975967
              ],
              [
                12.7098185,
                49.9759658
              ],
              [
                12.709841,
                49.9759599
              ],
              [
                12.7098418,
                49.9759612
              ],
              [
                12.709868,
                49.9759544
              ],
              [
                12.7098673,
                49.9759532
              ],
              [
                12.7098896,
                49.9759474
              ],
              [
                12.7098905,
                49.9759486
              ],
              [
                12.709917,
                49.9759418
              ],
              [
                12.7099162,
                49.9759406
              ],
              [
                12.7099385,
                49.9759348
              ],
              [
                12.7099392,
                49.975936
              ],
              [
                12.7099644,
                49.9759295
              ],
              [
                12.7099636,
                49.9759283
              ],
              [
                12.7099787,
                49.9759244
              ],
              [
                12.7099779,
                49.9759232
              ],
              [
                12.709993,
                49.9759193
              ],
              [
                12.7099936,
                49.9759206
              ],
              [
                12.7100188,
                49.9759141
              ],
              [
                12.710018,
                49.9759128
              ],
              [
                12.7100336,
                49.9759088
              ],
              [
                12.7100351,
                49.9759112
              ],
              [
                12.7100383,
                49.9759103
              ],
              [
                12.7100391,
                49.9759116
              ],
              [
                12.7100639,
                49.9759054
              ],
              [
                12.7100633,
                49.9759041
              ],
              [
                12.7101003,
                49.9758948
              ],
              [
                12.7101007,
                49.9758957
              ],
              [
                12.7101078,
                49.9758943
              ],
              [
                12.7101083,
                49.9758957
              ],
              [
                12.7101344,
                49.9758907
              ],
              [
                12.7101338,
                49.9758895
              ],
              [
                12.7101505,
                49.9758863
              ],
              [
                12.7101511,
                49.9758876
              ],
              [
                12.7101771,
                49.9758827
              ],
              [
                12.7101765,
                49.9758814
              ],
              [
                12.7101931,
                49.9758783
              ],
              [
                12.7101938,
                49.9758795
              ],
              [
                12.7102211,
                49.9758743
              ],
              [
                12.7102206,
                49.9758731
              ],
              [
                12.7102339,
                49.9758706
              ],
              [
                12.7102332,
                49.9758693
              ],
              [
                12.7102618,
                49.9758639
              ],
              [
                12.7102625,
                49.9758652
              ],
              [
                12.7102883,
                49.9758603
              ],
              [
                12.7102877,
                49.975859
              ],
              [
                12.7103156,
                49.9758537
              ],
              [
                12.7103176,
                49.9758559
              ],
              [
                12.7103249,
                49.9758685
              ],
              [
                12.710401,
                49.9758484
              ],
              [
                12.7104162,
                49.9758738
              ],
              [
                12.7104057,
                49.9758765
              ],
              [
                12.7104961,
                49.9760206
              ],
              [
                12.7105304,
                49.9760777
              ],
              [
                12.7105275,
                49.9760796
              ],
              [
                12.7105203,
                49.9760814
              ],
              [
                12.7105375,
                49.9761105
              ],
              [
                12.7104716,
                49.9761278
              ],
              [
                12.7105038,
                49.9761786
              ],
              [
                12.71034,
                49.9762236
              ],
              [
                12.7102827,
                49.976215
              ],
              [
                12.7102432,
                49.976151
              ],
              [
                12.7100281,
                49.9762093
              ],
              [
                12.7100208,
                49.9762111
              ],
              [
                12.7100077,
                49.9762125
              ],
              [
                12.7099971,
                49.9762124
              ],
              [
                12.7099902,
                49.976212
              ],
              [
                12.7099885,
                49.9762199
              ],
              [
                12.7099843,
                49.9762196
              ],
              [
                12.7099866,
                49.976209
              ],
              [
                12.7099975,
                49.9762097
              ],
              [
                12.7100074,
                49.9762099
              ],
              [
                12.7100197,
                49.9762085
              ],
              [
                12.7100265,
                49.9762068
              ],
              [
                12.7100185,
                49.9761942
              ],
              [
                12.7099918,
                49.9761525
              ],
              [
                12.7097069,
                49.9762306
              ],
              [
                12.7097077,
                49.9762319
              ],
              [
                12.7096351,
                49.9762517
              ],
              [
                12.7096317,
                49.9762526
              ]
            ]
          ]
        ]
      },
      "properties": {
        "zdroj": "NPÚ, Památkový geografický informační systém",
        "nazev": "lázeňský dům Hvězda",
        "ochrana_kod": "KP",
        "ochrana": "kulturní památka",
        "unesco": false,
        "upresneni_ochrany": "NEM",
        "rejstrik": "50829/4-5238",
        "prstav_id": "118991",
        "chraneno": true,
        "faze_ochrany": "památkově chráněno",
        "rok_zapisu": 2001,
        "url": "https://pamatkovykatalog.cz/pravni-ochrana/x-118991",
        "prislusnost_k_obci": "ÚSKP: obec uvedena u záznamu"
      }
    },
    {
      "type": "Feature",
      "geometry": {
        "type": "MultiPolygon",
        "coordinates": [
          [
            [
              [
                12.7856251,
                50.1067431
              ],
              [
                12.785615,
                50.1067512
              ],
              [
                12.7855687,
                50.1067448
              ],
              [
                12.7850463,
                50.1066594
              ],
              [
                12.7845438,
                50.1066055
              ],
              [
                12.7842073,
                50.1065848
              ],
              [
                12.783888,
                50.106501
              ],
              [
                12.783727,
                50.1064258
              ],
              [
                12.7836302,
                50.1063432
              ],
              [
                12.7835089,
                50.1063723
              ],
              [
                12.783502,
                50.1063579
              ],
              [
                12.7836392,
                50.1063071
              ],
              [
                12.7838062,
                50.1064062
              ],
              [
                12.783918,
                50.1064763
              ],
              [
                12.7842098,
                50.106565
              ],
              [
                12.784276,
                50.1065687
              ],
              [
                12.785076,
                50.1066264
              ],
              [
                12.7855836,
                50.1067025
              ],
              [
                12.7856305,
                50.106707
              ],
              [
                12.7859709,
                50.1066725
              ],
              [
                12.7863503,
                50.1066183
              ],
              [
                12.7863942,
                50.1066089
              ],
              [
                12.7872108,
                50.106386
              ],
              [
                12.7877547,
                50.1060475
              ],
              [
                12.7879866,
                50.105919
              ],
              [
                12.7884878,
                50.1056581
              ],
              [
                12.7888882,
                50.1054804
              ],
              [
                12.7892655,
                50.1053276
              ],
              [
                12.7896503,
                50.1051719
              ],
              [
                12.7899696,
                50.1050462
              ],
              [
                12.7900853,
                50.1050008
              ],
              [
                12.7908239,
                50.1046196
              ],
              [
                12.7911519,
                50.1044791
              ],
              [
                12.7915509,
                50.1043297
              ],
              [
                12.791638,
                50.1042956
              ],
              [
                12.7919113,
                50.1041644
              ],
              [
                12.7925952,
                50.1036734
              ],
              [
                12.7926801,
                50.1035939
              ],
              [
                12.7926822,
                50.1035838
              ],
              [
                12.7926884,
                50.1035538
              ],
              [
                12.7926734,
                50.1034961
              ],
              [
                12.7926162,
                50.1034313
              ],
              [
                12.79261,
                50.1034261
              ],
              [
                12.7926074,
                50.1034239
              ],
              [
                12.7926021,
                50.1034213
              ],
              [
                12.7925029,
                50.1033736
              ],
              [
                12.7924466,
                50.1033465
              ],
              [
                12.7920904,
                50.1032975
              ],
              [
                12.7919515,
                50.1032848
              ],
              [
                12.7918954,
                50.1032796
              ],
              [
                12.7916193,
                50.1032658
              ],
              [
                12.7914493,
                50.1032573
              ],
              [
                12.7913511,
                50.1032524
              ],
              [
                12.7913297,
                50.1032514
              ],
              [
                12.7911796,
                50.103194
              ],
              [
                12.7911718,
                50.1031864
              ],
              [
                12.7910857,
                50.1031024
              ],
              [
                12.7909979,
                50.102995
              ],
              [
                12.7909843,
                50.1029784
              ],
              [
                12.7908224,
                50.1027133
              ],
              [
                12.7908066,
                50.1026876
              ],
              [
                12.7906809,
                50.1022737
              ],
              [
                12.7906685,
                50.1022529
              ],
              [
                12.7905941,
                50.1021291
              ],
              [
                12.7904287,
                50.1019681
              ],
              [
                12.7901154,
                50.1017488
              ],
              [
                12.7899175,
                50.1016104
              ],
              [
                12.7897249,
                50.101398
              ],
              [
                12.7897089,
                50.1013819
              ],
              [
                12.7896965,
                50.1010916
              ],
              [
                12.7896927,
                50.1010005
              ],
              [
                12.7895645,
                50.1008587
              ],
              [
                12.7895043,
                50.100792
              ],
              [
                12.7894954,
                50.1007822
              ],
              [
                12.7893153,
                50.1006957
              ],
              [
                12.7892718,
                50.1006818
              ],
              [
                12.7890544,
                50.1006126
              ],
              [
                12.7890292,
                50.1006046
              ],
              [
                12.7889922,
                50.1005984
              ],
              [
                12.7883482,
                50.1004903
              ],
              [
                12.7883078,
                50.1004922
              ],
              [
                12.7880978,
                50.1004941
              ],
              [
                12.7879885,
                50.1004967
              ],
              [
                12.7876381,
                50.1005051
              ],
              [
                12.7869418,
                50.1005126
              ],
              [
                12.7864581,
                50.1005218
              ],
              [
                12.7863518,
                50.1005238
              ],
              [
                12.7859234,
                50.1005344
              ],
              [
                12.7858211,
                50.1005421
              ],
              [
                12.7857606,
                50.1005396
              ],
              [
                12.7855143,
                50.1005295
              ],
              [
                12.7851057,
                50.1005175
              ],
              [
                12.7846202,
                50.100524
              ],
              [
                12.7841075,
                50.1004921
              ],
              [
                12.7839782,
                50.1004966
              ],
              [
                12.7837565,
                50.1005043
              ],
              [
                12.7836835,
                50.1004917
              ],
              [
                12.7835856,
                50.1004748
              ],
              [
                12.7830995,
                50.1003929
              ],
              [
                12.7830992,
                50.1003928
              ],
              [
                12.7829801,
                50.1003497
              ],
              [
                12.7827172,
                50.1002598
              ],
              [
                12.7826334,
                50.1002311
              ],
              [
                12.7825307,
                50.1002082
              ],
              [
                12.782132,
                50.1001194
              ],
              [
                12.7819797,
                50.1000892
              ],
              [
                12.7815589,
                50.0998929
              ],
              [
                12.7815243,
                50.0998794
              ],
              [
                12.7811654,
                50.0997403
              ],
              [
                12.7809523,
                50.0996623
              ],
              [
                12.7806365,
                50.0995466
              ],
              [
                12.7803552,
                50.0994603
              ],
              [
                12.7801804,
                50.0994081
              ],
              [
                12.7799088,
                50.0993269
              ],
              [
                12.7798891,
                50.0993183
              ],
              [
                12.7798821,
                50.0993055
              ],
              [
                12.7798721,
                50.0992875
              ],
              [
                12.7797767,
                50.0992602
              ],
              [
                12.779657,
                50.0992159
              ],
              [
                12.7795207,
                50.0991654
              ],
              [
                12.7793928,
                50.0991179
              ],
              [
                12.7788855,
                50.0989879
              ],
              [
                12.7782789,
                50.0988695
              ],
              [
                12.777858,
                50.0987795
              ],
              [
                12.7771748,
                50.0986779
              ],
              [
                12.7767592,
                50.0986631
              ],
              [
                12.776495,
                50.0986358
              ],
              [
                12.7763513,
                50.0986184
              ],
              [
                12.7760854,
                50.0985862
              ],
              [
                12.7757912,
                50.0986003
              ],
              [
                12.7756387,
                50.0986076
              ],
              [
                12.7756384,
                50.0986076
              ],
              [
                12.7751373,
                50.0986333
              ],
              [
                12.7750695,
                50.0986196
              ],
              [
                12.7748705,
                50.0985794
              ],
              [
                12.7746412,
                50.0985514
              ],
              [
                12.7742967,
                50.0985094
              ],
              [
                12.7738408,
                50.0984543
              ],
              [
                12.7737349,
                50.0984415
              ],
              [
                12.7736411,
                50.0984295
              ],
              [
                12.7732223,
                50.0983759
              ],
              [
                12.7727782,
                50.0983813
              ],
              [
                12.7724403,
                50.0983854
              ],
              [
                12.7720286,
                50.0983887
              ],
              [
                12.7716948,
                50.0983914
              ],
              [
                12.7713709,
                50.0983952
              ],
              [
                12.7709485,
                50.0984001
              ],
              [
                12.7702504,
                50.0984083
              ],
              [
                12.7694486,
                50.0984185
              ],
              [
                12.7693413,
                50.0984247
              ],
              [
                12.7693409,
                50.0984247
              ],
              [
                12.769129,
                50.0984058
              ],
              [
                12.7686034,
                50.0983587
              ],
              [
                12.7683728,
                50.0982621
              ],
              [
                12.7675499,
                50.0981527
              ],
              [
                12.767068,
                50.0980826
              ],
              [
                12.766754,
                50.0980369
              ],
              [
                12.7662029,
                50.0979634
              ],
              [
                12.7660338,
                50.0979408
              ],
              [
                12.7658575,
                50.097848
              ],
              [
                12.7657852,
                50.0978348
              ],
              [
                12.7656977,
                50.0978188
              ],
              [
                12.7654223,
                50.0976583
              ],
              [
                12.7650796,
                50.0975229
              ],
              [
                12.7647642,
                50.0973983
              ],
              [
                12.7640225,
                50.0972016
              ],
              [
                12.763916,
                50.0971605
              ],
              [
                12.7637752,
                50.0971062
              ],
              [
                12.7637747,
                50.097106
              ],
              [
                12.7634501,
                50.0970751
              ],
              [
                12.7633726,
                50.0970677
              ],
              [
                12.7633723,
                50.0970677
              ],
              [
                12.7631459,
                50.0970917
              ],
              [
                12.7630515,
                50.0970808
              ],
              [
                12.7628378,
                50.0970562
              ],
              [
                12.7624504,
                50.0972257
              ],
              [
                12.7615166,
                50.097521
              ],
              [
                12.7608556,
                50.0975454
              ],
              [
                12.7595806,
                50.0975925
              ],
              [
                12.7593053,
                50.0976643
              ],
              [
                12.7591857,
                50.0979814
              ],
              [
                12.7591857,
                50.0979815
              ],
              [
                12.7591994,
                50.098068
              ],
              [
                12.7591994,
                50.0980681
              ],
              [
                12.759245,
                50.0982076
              ],
              [
                12.759307,
                50.0983969
              ],
              [
                12.7592939,
                50.0985238
              ],
              [
                12.7592789,
                50.0986681
              ],
              [
                12.759099,
                50.0987562
              ],
              [
                12.7590459,
                50.0987822
              ],
              [
                12.7590105,
                50.0987557
              ],
              [
                12.75901,
                50.0987553
              ],
              [
                12.7590096,
                50.0987551
              ],
              [
                12.7590077,
                50.0987429
              ],
              [
                12.7590058,
                50.0987313
              ],
              [
                12.758967,
                50.0986944
              ],
              [
                12.7588375,
                50.0985716
              ],
              [
                12.7587445,
                50.0984686
              ],
              [
                12.7586778,
                50.0984304
              ],
              [
                12.7584497,
                50.0983
              ],
              [
                12.7579154,
                50.09806
              ],
              [
                12.7576541,
                50.0977972
              ],
              [
                12.7577155,
                50.0976947
              ],
              [
                12.7577501,
                50.0976371
              ],
              [
                12.7580607,
                50.0975035
              ],
              [
                12.7580897,
                50.0974837
              ],
              [
                12.7582679,
                50.0973613
              ],
              [
                12.7583405,
                50.0971627
              ],
              [
                12.7584503,
                50.0970775
              ],
              [
                12.7584879,
                50.0970482
              ],
              [
                12.7585049,
                50.0969942
              ],
              [
                12.7585196,
                50.0969474
              ],
              [
                12.7589132,
                50.0967783
              ],
              [
                12.7591851,
                50.0966613
              ],
              [
                12.7593631,
                50.0964105
              ],
              [
                12.7594802,
                50.0962456
              ],
              [
                12.7595216,
                50.0962244
              ],
              [
                12.7599949,
                50.0959822
              ],
              [
                12.7601163,
                50.0957204
              ],
              [
                12.760166,
                50.0956131
              ],
              [
                12.7603359,
                50.0954556
              ],
              [
                12.760591,
                50.0952193
              ],
              [
                12.7606511,
                50.0950623
              ],
              [
                12.7606763,
                50.0949965
              ],
              [
                12.7605865,
                50.0948003
              ],
              [
                12.7601264,
                50.0944086
              ],
              [
                12.7599207,
                50.0943505
              ],
              [
                12.7595805,
                50.0942546
              ],
              [
                12.7595804,
                50.0942545
              ],
              [
                12.7590484,
                50.0938091
              ],
              [
                12.7587418,
                50.0936552
              ],
              [
                12.7586373,
                50.0936027
              ],
              [
                12.7586373,
                50.0936027
              ],
              [
                12.7584601,
                50.0935485
              ],
              [
                12.7576834,
                50.0933109
              ],
              [
                12.7570531,
                50.0929286
              ],
              [
                12.7570438,
                50.0929352
              ],
              [
                12.7570488,
                50.0928461
              ],
              [
                12.7569402,
                50.0928661
              ],
              [
                12.7565097,
                50.0929919
              ],
              [
                12.7557759,
                50.0932361
              ],
              [
                12.7549664,
                50.0933391
              ],
              [
                12.7547621,
                50.0932834
              ],
              [
                12.7546625,
                50.0932381
              ],
              [
                12.7544501,
                50.0931206
              ],
              [
                12.7541503,
                50.0930484
              ],
              [
                12.753965,
                50.0929572
              ],
              [
                12.7539338,
                50.0927691
              ],
              [
                12.753989,
                50.0925805
              ],
              [
                12.7540148,
                50.0924134
              ],
              [
                12.754044,
                50.0923405
              ],
              [
                12.7541236,
                50.0922682
              ],
              [
                12.7546891,
                50.0920334
              ],
              [
                12.7551601,
                50.0916727
              ],
              [
                12.7553523,
                50.0913765
              ],
              [
                12.7554682,
                50.0911602
              ],
              [
                12.7557803,
                50.0898934
              ],
              [
                12.7554494,
                50.0895188
              ],
              [
                12.7554611,
                50.0895139
              ],
              [
                12.7554729,
                50.0895091
              ],
              [
                12.7553323,
                50.0893797
              ],
              [
                12.7550103,
                50.0892455
              ],
              [
                12.7549159,
                50.0891807
              ],
              [
                12.7548783,
                50.0891054
              ],
              [
                12.7548346,
                50.0887198
              ],
              [
                12.7547472,
                50.0885726
              ],
              [
                12.7544429,
                50.0882815
              ],
              [
                12.7543315,
                50.0881471
              ],
              [
                12.7543288,
                50.0880817
              ],
              [
                12.7544874,
                50.0877564
              ],
              [
                12.7546119,
                50.0875016
              ],
              [
                12.7545797,
                50.0874854
              ],
              [
                12.7549964,
                50.0871888
              ],
              [
                12.7552299,
                50.0871235
              ],
              [
                12.7553553,
                50.0871144
              ],
              [
                12.7553515,
                50.0871219
              ],
              [
                12.7553477,
                50.0871294
              ],
              [
                12.7554517,
                50.0871301
              ],
              [
                12.7556345,
                50.087039
              ],
              [
                12.7559939,
                50.086899
              ],
              [
                12.7561153,
                50.0868409
              ],
              [
                12.7562722,
                50.0865934
              ],
              [
                12.7562819,
                50.0864631
              ],
              [
                12.7562486,
                50.0862719
              ],
              [
                12.7561741,
                50.0860627
              ],
              [
                12.7560548,
                50.0859034
              ],
              [
                12.7559667,
                50.085823
              ],
              [
                12.7558225,
                50.085761
              ],
              [
                12.755464,
                50.085664
              ],
              [
                12.7552611,
                50.0856679
              ],
              [
                12.7551988,
                50.0856425
              ],
              [
                12.754968,
                50.0854875
              ],
              [
                12.7547954,
                50.0854168
              ],
              [
                12.7543634,
                50.0851951
              ],
              [
                12.7543161,
                50.0851096
              ],
              [
                12.7541216,
                50.0849851
              ],
              [
                12.7541096,
                50.0849775
              ],
              [
                12.7540976,
                50.0849698
              ],
              [
                12.753944,
                50.0849542
              ],
              [
                12.7536752,
                50.0848479
              ],
              [
                12.7535645,
                50.0847338
              ],
              [
                12.7533779,
                50.0846411
              ],
              [
                12.7532626,
                50.0845312
              ],
              [
                12.753087,
                50.0843482
              ],
              [
                12.7526287,
                50.0839452
              ],
              [
                12.7524763,
                50.0835747
              ],
              [
                12.7524625,
                50.083505
              ],
              [
                12.7524769,
                50.0831943
              ],
              [
                12.7524333,
                50.0829214
              ],
              [
                12.7525334,
                50.0828119
              ],
              [
                12.7528197,
                50.0826556
              ],
              [
                12.7530837,
                50.082484
              ],
              [
                12.7534596,
                50.0821311
              ],
              [
                12.7534612,
                50.08204
              ],
              [
                12.7534338,
                50.0820051
              ],
              [
                12.7533832,
                50.0819567
              ],
              [
                12.7533402,
                50.0819272
              ],
              [
                12.7533284,
                50.0819316
              ],
              [
                12.7533167,
                50.0819361
              ],
              [
                12.7526554,
                50.0814588
              ],
              [
                12.7521261,
                50.0812512
              ],
              [
                12.7520435,
                50.0811587
              ],
              [
                12.7516792,
                50.0806297
              ],
              [
                12.7514828,
                50.0805927
              ],
              [
                12.7510448,
                50.0804981
              ],
              [
                12.7508622,
                50.0804798
              ],
              [
                12.750726,
                50.080422
              ],
              [
                12.7505353,
                50.0801976
              ],
              [
                12.7502724,
                50.0801822
              ],
              [
                12.7501703,
                50.0801493
              ],
              [
                12.7499701,
                50.0801579
              ],
              [
                12.7498421,
                50.0801139
              ],
              [
                12.7498147,
                50.0800892
              ],
              [
                12.7496713,
                50.0799592
              ],
              [
                12.7494561,
                50.0798087
              ],
              [
                12.7492777,
                50.0797149
              ],
              [
                12.7482651,
                50.0796586
              ],
              [
                12.7482707,
                50.0795867
              ],
              [
                12.7481215,
                50.0795101
              ],
              [
                12.7480039,
                50.0795345
              ],
              [
                12.7480424,
                50.0795566
              ],
              [
                12.747987,
                50.0795992
              ],
              [
                12.7478353,
                50.0796795
              ],
              [
                12.7476439,
                50.0797123
              ],
              [
                12.747606,
                50.0796468
              ],
              [
                12.7474279,
                50.0796503
              ],
              [
                12.7473873,
                50.0796266
              ],
              [
                12.7474085,
                50.0795848
              ],
              [
                12.7473174,
                50.0795518
              ],
              [
                12.7471306,
                50.0795582
              ],
              [
                12.7470589,
                50.0796529
              ],
              [
                12.7471505,
                50.0797222
              ],
              [
                12.7471342,
                50.0797753
              ],
              [
                12.7469858,
                50.0798162
              ],
              [
                12.7467621,
                50.0798595
              ],
              [
                12.7465638,
                50.0798613
              ],
              [
                12.7465066,
                50.0798046
              ],
              [
                12.7463357,
                50.0797411
              ],
              [
                12.7460185,
                50.0797735
              ],
              [
                12.7459253,
                50.0798277
              ],
              [
                12.7458719,
                50.079793
              ],
              [
                12.7456256,
                50.0798455
              ],
              [
                12.7455764,
                50.0799052
              ],
              [
                12.7455492,
                50.0799081
              ],
              [
                12.7453212,
                50.0799327
              ],
              [
                12.7452237,
                50.0798537
              ],
              [
                12.745244,
                50.0797833
              ],
              [
                12.7450935,
                50.0798169
              ],
              [
                12.7450576,
                50.0798009
              ],
              [
                12.7450239,
                50.079855
              ],
              [
                12.7448748,
                50.0798861
              ],
              [
                12.744786,
                50.0798118
              ],
              [
                12.7446726,
                50.0797684
              ],
              [
                12.7445674,
                50.0797484
              ],
              [
                12.7444544,
                50.0797565
              ],
              [
                12.7443276,
                50.079714
              ],
              [
                12.7443135,
                50.0796672
              ],
              [
                12.7441835,
                50.0797095
              ],
              [
                12.7441057,
                50.079769
              ],
              [
                12.7440434,
                50.0798476
              ],
              [
                12.7438782,
                50.0798232
              ],
              [
                12.7439163,
                50.0796859
              ],
              [
                12.7438453,
                50.0796797
              ],
              [
                12.743709,
                50.0796882
              ],
              [
                12.7436164,
                50.0797285
              ],
              [
                12.7434482,
                50.0797725
              ],
              [
                12.7433248,
                50.0797835
              ],
              [
                12.7432045,
                50.0797251
              ],
              [
                12.7430689,
                50.0797218
              ],
              [
                12.7429938,
                50.0797488
              ],
              [
                12.7426622,
                50.0797083
              ],
              [
                12.7424872,
                50.0796577
              ],
              [
                12.7423985,
                50.0796032
              ],
              [
                12.7423377,
                50.0796356
              ],
              [
                12.7422162,
                50.0796377
              ],
              [
                12.7420374,
                50.0795563
              ],
              [
                12.7419036,
                50.0795212
              ],
              [
                12.7418554,
                50.0795463
              ],
              [
                12.741667,
                50.0794733
              ],
              [
                12.7417697,
                50.0794357
              ],
              [
                12.7417472,
                50.0793749
              ],
              [
                12.7416592,
                50.0793815
              ],
              [
                12.7417582,
                50.0792655
              ],
              [
                12.741753,
                50.0792219
              ],
              [
                12.7416301,
                50.0792294
              ],
              [
                12.7415984,
                50.0791625
              ],
              [
                12.7415537,
                50.0791553
              ],
              [
                12.7414872,
                50.0791878
              ],
              [
                12.7414337,
                50.0791566
              ],
              [
                12.7413935,
                50.0791629
              ],
              [
                12.7413669,
                50.079205
              ],
              [
                12.7412136,
                50.0791923
              ],
              [
                12.7412432,
                50.0791469
              ],
              [
                12.7411837,
                50.0791493
              ],
              [
                12.7411153,
                50.0791813
              ],
              [
                12.7409829,
                50.079177
              ],
              [
                12.740954,
                50.0792481
              ],
              [
                12.7408645,
                50.0792778
              ],
              [
                12.7407854,
                50.0792501
              ],
              [
                12.7406994,
                50.0793336
              ],
              [
                12.740562,
                50.0792169
              ],
              [
                12.7405182,
                50.0792348
              ],
              [
                12.7403826,
                50.0792323
              ],
              [
                12.7403026,
                50.0792652
              ],
              [
                12.7403048,
                50.0792029
              ],
              [
                12.7402585,
                50.0791992
              ],
              [
                12.7401928,
                50.0792633
              ],
              [
                12.7400813,
                50.0792712
              ],
              [
                12.7399618,
                50.0792955
              ],
              [
                12.7398938,
                50.0792343
              ],
              [
                12.7398372,
                50.0792975
              ],
              [
                12.7397544,
                50.0792772
              ],
              [
                12.7396782,
                50.0793146
              ],
              [
                12.7396896,
                50.0793558
              ],
              [
                12.7395077,
                50.0794087
              ],
              [
                12.7393348,
                50.0793444
              ],
              [
                12.7392237,
                50.0793263
              ],
              [
                12.7391648,
                50.0793738
              ],
              [
                12.7390495,
                50.0794017
              ],
              [
                12.7390306,
                50.079342
              ],
              [
                12.7388989,
                50.0793703
              ],
              [
                12.7389085,
                50.0794249
              ],
              [
                12.7388255,
                50.0794568
              ],
              [
                12.7387645,
                50.0794292
              ],
              [
                12.7386869,
                50.0794659
              ],
              [
                12.7385744,
                50.0794417
              ],
              [
                12.7384483,
                50.0794973
              ],
              [
                12.7384256,
                50.0794421
              ],
              [
                12.7383142,
                50.0794655
              ],
              [
                12.738286,
                50.0794941
              ],
              [
                12.7383017,
                50.0795541
              ],
              [
                12.7381879,
                50.0795383
              ],
              [
                12.7381523,
                50.0794913
              ],
              [
                12.7379645,
                50.0794842
              ],
              [
                12.7379544,
                50.0795609
              ],
              [
                12.7377363,
                50.0794931
              ],
              [
                12.7376808,
                50.0793507
              ],
              [
                12.7374537,
                50.0793711
              ],
              [
                12.7374091,
                50.0794354
              ],
              [
                12.7369241,
                50.0794764
              ],
              [
                12.7364509,
                50.0794299
              ],
              [
                12.7355605,
                50.0794039
              ],
              [
                12.7351277,
                50.0797299
              ],
              [
                12.7348284,
                50.0798438
              ],
              [
                12.734766,
                50.0799636
              ],
              [
                12.7345454,
                50.0800373
              ],
              [
                12.7345342,
                50.0800895
              ],
              [
                12.7343336,
                50.0801183
              ],
              [
                12.733863,
                50.0798775
              ],
              [
                12.7336688,
                50.0798565
              ],
              [
                12.7337135,
                50.0797791
              ],
              [
                12.7333698,
                50.079535
              ],
              [
                12.7330782,
                50.079524
              ],
              [
                12.7329595,
                50.0793821
              ],
              [
                12.7331127,
                50.0795015
              ],
              [
                12.733344,
                50.0794977
              ],
              [
                12.7334382,
                50.079532
              ],
              [
                12.7337517,
                50.0797644
              ],
              [
                12.733717,
                50.0798122
              ],
              [
                12.7338815,
                50.0798326
              ],
              [
                12.7343444,
                50.0800891
              ],
              [
                12.7345142,
                50.0800805
              ],
              [
                12.7345288,
                50.08003
              ],
              [
                12.7347479,
                50.0799602
              ],
              [
                12.7348094,
                50.0798369
              ],
              [
                12.7351147,
                50.079723
              ],
              [
                12.7355562,
                50.0793898
              ],
              [
                12.7364172,
                50.0794106
              ],
              [
                12.7369167,
                50.079459
              ],
              [
                12.737392,
                50.0794218
              ],
              [
                12.7374375,
                50.0793652
              ],
              [
                12.7377017,
                50.0793357
              ],
              [
                12.7377549,
                50.0794876
              ],
              [
                12.7379354,
                50.079543
              ],
              [
                12.7379473,
                50.0794737
              ],
              [
                12.7381695,
                50.0794816
              ],
              [
                12.7381967,
                50.079532
              ],
              [
                12.7382768,
                50.0795419
              ],
              [
                12.7382647,
                50.0794958
              ],
              [
                12.7383053,
                50.0794553
              ],
              [
                12.7384439,
                50.0794282
              ],
              [
                12.7384631,
                50.0794788
              ],
              [
                12.7385844,
                50.0794283
              ],
              [
                12.7386873,
                50.0794556
              ],
              [
                12.7387621,
                50.0794099
              ],
              [
                12.7388228,
                50.0794414
              ],
              [
                12.7388861,
                50.0794193
              ],
              [
                12.7388754,
                50.0793622
              ],
              [
                12.7390445,
                50.0793266
              ],
              [
                12.7390655,
                50.0793853
              ],
              [
                12.7391617,
                50.079359
              ],
              [
                12.7392176,
                50.0793125
              ],
              [
                12.7393364,
                50.0793291
              ],
              [
                12.7395072,
                50.0793918
              ],
              [
                12.739668,
                50.0793469
              ],
              [
                12.7396563,
                50.0793107
              ],
              [
                12.7397537,
                50.0792638
              ],
              [
                12.7398265,
                50.0792831
              ],
              [
                12.7398961,
                50.0792099
              ],
              [
                12.7399656,
                50.0792809
              ],
              [
                12.7400971,
                50.0792523
              ],
              [
                12.7401814,
                50.0792494
              ],
              [
                12.740251,
                50.0791869
              ],
              [
                12.7403243,
                50.0791917
              ],
              [
                12.7403208,
                50.079241
              ],
              [
                12.740375,
                50.0792199
              ],
              [
                12.7405115,
                50.0792226
              ],
              [
                12.7405688,
                50.0791989
              ],
              [
                12.7406951,
                50.0793128
              ],
              [
                12.7407756,
                50.0792291
              ],
              [
                12.7408629,
                50.0792597
              ],
              [
                12.7409303,
                50.0792405
              ],
              [
                12.7409677,
                50.0791632
              ],
              [
                12.7411021,
                50.0791659
              ],
              [
                12.741163,
                50.0791394
              ],
              [
                12.7412702,
                50.0791315
              ],
              [
                12.7412471,
                50.0791809
              ],
              [
                12.7413566,
                50.0791884
              ],
              [
                12.7413751,
                50.0791525
              ],
              [
                12.74144,
                50.0791416
              ],
              [
                12.7414854,
                50.0791668
              ],
              [
                12.7415485,
                50.0791352
              ],
              [
                12.7416151,
                50.0791524
              ],
              [
                12.7416409,
                50.079218
              ],
              [
                12.7417226,
                50.0792048
              ],
              [
                12.7417682,
                50.0792194
              ],
              [
                12.7417771,
                50.0792671
              ],
              [
                12.7416847,
                50.0793678
              ],
              [
                12.7417623,
                50.0793635
              ],
              [
                12.7417861,
                50.079438
              ],
              [
                12.7416984,
                50.0794735
              ],
              [
                12.7418508,
                50.0795324
              ],
              [
                12.741901,
                50.0795082
              ],
              [
                12.7420482,
                50.0795459
              ],
              [
                12.7422144,
                50.0796236
              ],
              [
                12.7423287,
                50.0796274
              ],
              [
                12.7424032,
                50.0795826
              ],
              [
                12.7424895,
                50.0796438
              ],
              [
                12.7426551,
                50.0796932
              ],
              [
                12.7429877,
                50.0797376
              ],
              [
                12.7430519,
                50.0797088
              ],
              [
                12.7432113,
                50.0797124
              ],
              [
                12.743324,
                50.0797708
              ],
              [
                12.7434349,
                50.0797615
              ],
              [
                12.7435934,
                50.0797221
              ],
              [
                12.7436853,
                50.0796846
              ],
              [
                12.7438489,
                50.0796669
              ],
              [
                12.7439355,
                50.0796744
              ],
              [
                12.7438989,
                50.0798159
              ],
              [
                12.7440319,
                50.0798342
              ],
              [
                12.7440912,
                50.0797693
              ],
              [
                12.7441765,
                50.0797025
              ],
              [
                12.744333,
                50.0796532
              ],
              [
                12.7443475,
                50.0797082
              ],
              [
                12.7444648,
                50.0797456
              ],
              [
                12.7445686,
                50.0797369
              ],
              [
                12.7446647,
                50.0797478
              ],
              [
                12.7447993,
                50.0797967
              ],
              [
                12.7448916,
                50.0798715
              ],
              [
                12.745014,
                50.0798463
              ],
              [
                12.7450563,
                50.079784
              ],
              [
                12.7450935,
                50.0798047
              ],
              [
                12.7452727,
                50.0797642
              ],
              [
                12.7452378,
                50.0798486
              ],
              [
                12.7453305,
                50.0799193
              ],
              [
                12.7455695,
                50.0798928
              ],
              [
                12.7456088,
                50.0798366
              ],
              [
                12.7457645,
                50.0798024
              ],
              [
                12.7458765,
                50.0797779
              ],
              [
                12.7459294,
                50.0798098
              ],
              [
                12.7460037,
                50.0797643
              ],
              [
                12.7463453,
                50.0797319
              ],
              [
                12.7465089,
                50.0797894
              ],
              [
                12.7465755,
                50.079852
              ],
              [
                12.7467503,
                50.0798489
              ],
              [
                12.7469447,
                50.0798131
              ],
              [
                12.7471179,
                50.0797683
              ],
              [
                12.7471312,
                50.0797265
              ],
              [
                12.7470375,
                50.0796539
              ],
              [
                12.7471183,
                50.0795457
              ],
              [
                12.7473165,
                50.0795352
              ],
              [
                12.7474308,
                50.0795783
              ],
              [
                12.7474118,
                50.0796192
              ],
              [
                12.7474391,
                50.0796365
              ],
              [
                12.7476181,
                50.0796357
              ],
              [
                12.7476579,
                50.0796956
              ],
              [
                12.7478262,
                50.0796685
              ],
              [
                12.747983,
                50.0795884
              ],
              [
                12.7480126,
                50.0795561
              ],
              [
                12.7479717,
                50.0795289
              ],
              [
                12.7481224,
                50.0794932
              ],
              [
                12.7482943,
                50.0795779
              ],
              [
                12.7483142,
                50.0795349
              ],
              [
                12.7484647,
                50.0794173
              ],
              [
                12.7488542,
                50.0789725
              ],
              [
                12.749025,
                50.0789118
              ],
              [
                12.7494838,
                50.0787094
              ],
              [
                12.7498668,
                50.0786006
              ],
              [
                12.7499998,
                50.0785858
              ],
              [
                12.7500892,
                50.0785786
              ],
              [
                12.7502332,
                50.0785699
              ],
              [
                12.750323,
                50.0785205
              ],
              [
                12.750497,
                50.0783808
              ],
              [
                12.7505053,
                50.0782744
              ],
              [
                12.7504183,
                50.0779127
              ],
              [
                12.7504143,
                50.0778431
              ],
              [
                12.7505253,
                50.0777306
              ],
              [
                12.750615,
                50.0776913
              ],
              [
                12.7508137,
                50.0776965
              ],
              [
                12.7514771,
                50.0778456
              ],
              [
                12.7516578,
                50.0779578
              ],
              [
                12.7519326,
                50.0781869
              ],
              [
                12.75217,
                50.0783615
              ],
              [
                12.7523163,
                50.0784485
              ],
              [
                12.7526144,
                50.0785801
              ],
              [
                12.7530867,
                50.0787852
              ],
              [
                12.7531049,
                50.0787816
              ],
              [
                12.7531231,
                50.078778
              ],
              [
                12.753846,
                50.0790043
              ],
              [
                12.7541604,
                50.0790482
              ],
              [
                12.7542326,
                50.0790339
              ],
              [
                12.7543633,
                50.0790373
              ],
              [
                12.7545603,
                50.0790606
              ],
              [
                12.7551843,
                50.0791924
              ],
              [
                12.7553193,
                50.079194
              ],
              [
                12.7562073,
                50.0791139
              ],
              [
                12.7564998,
                50.0791689
              ],
              [
                12.7572987,
                50.0793976
              ],
              [
                12.7574399,
                50.0794586
              ],
              [
                12.7575399,
                50.0795218
              ],
              [
                12.7580638,
                50.0799293
              ],
              [
                12.7582262,
                50.0800247
              ],
              [
                12.7583448,
                50.0800915
              ],
              [
                12.7585778,
                50.0801976
              ],
              [
                12.759058,
                50.0803527
              ],
              [
                12.759589,
                50.0804795
              ],
              [
                12.7606694,
                50.0806744
              ],
              [
                12.7607413,
                50.080679
              ],
              [
                12.7611189,
                50.0806851
              ],
              [
                12.7615956,
                50.0806397
              ],
              [
                12.7619054,
                50.0806386
              ],
              [
                12.7623736,
                50.0806885
              ],
              [
                12.762556,
                50.0806471
              ],
              [
                12.7632815,
                50.0806183
              ],
              [
                12.7633359,
                50.0806127
              ],
              [
                12.7633171,
                50.0805857
              ],
              [
                12.7635405,
                50.0805682
              ],
              [
                12.7638959,
                50.0805013
              ],
              [
                12.7643655,
                50.0804112
              ],
              [
                12.7643707,
                50.0804171
              ],
              [
                12.764376,
                50.080423
              ],
              [
                12.7646443,
                50.0803146
              ],
              [
                12.7648337,
                50.0802085
              ],
              [
                12.7648527,
                50.0802243
              ],
              [
                12.7648638,
                50.0802191
              ],
              [
                12.7648719,
                50.0802153
              ],
              [
                12.7648751,
                50.0802181
              ],
              [
                12.7648805,
                50.0802226
              ],
              [
                12.764938,
                50.0801933
              ],
              [
                12.7652203,
                50.0800341
              ],
              [
                12.7655574,
                50.0797464
              ],
              [
                12.7655681,
                50.0796813
              ],
              [
                12.7655489,
                50.0794685
              ],
              [
                12.7657884,
                50.0791788
              ],
              [
                12.7657889,
                50.0791076
              ],
              [
                12.7657164,
                50.0788171
              ],
              [
                12.7657005,
                50.0787371
              ],
              [
                12.765693,
                50.0786812
              ],
              [
                12.7657015,
                50.0782783
              ],
              [
                12.7657324,
                50.0782072
              ],
              [
                12.7658972,
                50.0780223
              ],
              [
                12.7659054,
                50.0778768
              ],
              [
                12.765879,
                50.0777293
              ],
              [
                12.7658047,
                50.0775348
              ],
              [
                12.7649858,
                50.0769289
              ],
              [
                12.7647617,
                50.0767641
              ],
              [
                12.7646503,
                50.0765803
              ],
              [
                12.7645691,
                50.0763414
              ],
              [
                12.7645242,
                50.0757428
              ],
              [
                12.7645289,
                50.0756572
              ],
              [
                12.7646427,
                50.0755171
              ],
              [
                12.7647308,
                50.0754434
              ],
              [
                12.7648549,
                50.0753216
              ],
              [
                12.7649466,
                50.0751401
              ],
              [
                12.7649849,
                50.0750044
              ],
              [
                12.7649674,
                50.0749634
              ],
              [
                12.7648984,
                50.0748709
              ],
              [
                12.7642231,
                50.0743246
              ],
              [
                12.7639133,
                50.0742024
              ],
              [
                12.7638634,
                50.0741676
              ],
              [
                12.7637742,
                50.0739853
              ],
              [
                12.7635595,
                50.073549
              ],
              [
                12.7634775,
                50.0734279
              ],
              [
                12.7633806,
                50.0733425
              ],
              [
                12.7633362,
                50.0732894
              ],
              [
                12.7632351,
                50.0729831
              ],
              [
                12.7632153,
                50.072897
              ],
              [
                12.7634207,
                50.0723735
              ],
              [
                12.7635155,
                50.0721915
              ],
              [
                12.7635766,
                50.0720258
              ],
              [
                12.7635967,
                50.0719123
              ],
              [
                12.7631899,
                50.0712019
              ],
              [
                12.7631499,
                50.0710635
              ],
              [
                12.7631292,
                50.0709434
              ],
              [
                12.7632172,
                50.0705481
              ],
              [
                12.7631386,
                50.0703643
              ],
              [
                12.762952,
                50.0700506
              ],
              [
                12.7628255,
                50.0697966
              ],
              [
                12.7627726,
                50.0695524
              ],
              [
                12.7624497,
                50.0693162
              ],
              [
                12.7615512,
                50.0688403
              ],
              [
                12.7613681,
                50.0687566
              ],
              [
                12.7612921,
                50.0687487
              ],
              [
                12.7612474,
                50.0688483
              ],
              [
                12.7612017,
                50.068845
              ],
              [
                12.7612141,
                50.0687414
              ],
              [
                12.7599975,
                50.0686757
              ],
              [
                12.7589189,
                50.0687077
              ],
              [
                12.7589133,
                50.068702
              ],
              [
                12.7589077,
                50.0686964
              ],
              [
                12.7582771,
                50.0687165
              ],
              [
                12.7578701,
                50.0687261
              ],
              [
                12.7570982,
                50.0688145
              ],
              [
                12.7569714,
                50.0687943
              ],
              [
                12.7553601,
                50.0681623
              ],
              [
                12.7552636,
                50.06811
              ],
              [
                12.7545594,
                50.0673176
              ],
              [
                12.7545146,
                50.0672472
              ],
              [
                12.7544643,
                50.0671179
              ],
              [
                12.7544642,
                50.0671181
              ],
              [
                12.7544509,
                50.0670879
              ],
              [
                12.7544534,
                50.0670328
              ],
              [
                12.7544212,
                50.067027
              ],
              [
                12.7544304,
                50.066975
              ],
              [
                12.7544194,
                50.0668992
              ],
              [
                12.7543882,
                50.0667538
              ],
              [
                12.7543273,
                50.066668
              ],
              [
                12.7540975,
                50.0664033
              ],
              [
                12.7539288,
                50.0662245
              ],
              [
                12.7536862,
                50.0659513
              ],
              [
                12.7535408,
                50.0657989
              ],
              [
                12.7534032,
                50.065645
              ],
              [
                12.7532537,
                50.0655091
              ],
              [
                12.7529777,
                50.0652348
              ],
              [
                12.7528055,
                50.06507
              ],
              [
                12.7527194,
                50.065025
              ],
              [
                12.7527041,
                50.0650114
              ],
              [
                12.7522831,
                50.0645679
              ],
              [
                12.7522852,
                50.0645296
              ],
              [
                12.752134,
                50.0643405
              ],
              [
                12.7519845,
                50.0641444
              ],
              [
                12.7519575,
                50.0641175
              ],
              [
                12.7518646,
                50.0639947
              ],
              [
                12.7517471,
                50.0638356
              ],
              [
                12.7517146,
                50.0636804
              ],
              [
                12.751747,
                50.0635055
              ],
              [
                12.7517471,
                50.063385
              ],
              [
                12.7517849,
                50.0633828
              ],
              [
                12.7517857,
                50.0633335
              ],
              [
                12.7517486,
                50.0633383
              ],
              [
                12.7516954,
                50.0632634
              ],
              [
                12.751613,
                50.0631798
              ],
              [
                12.7514767,
                50.0631136
              ],
              [
                12.7504638,
                50.0628529
              ],
              [
                12.7503549,
                50.0628214
              ],
              [
                12.7494448,
                50.0627967
              ],
              [
                12.7492844,
                50.0627917
              ],
              [
                12.7491982,
                50.062777
              ],
              [
                12.7490944,
                50.0627432
              ],
              [
                12.7487022,
                50.0625147
              ],
              [
                12.7478199,
                50.0620188
              ],
              [
                12.7477138,
                50.061976
              ],
              [
                12.7467053,
                50.0618776
              ],
              [
                12.7462421,
                50.0618441
              ],
              [
                12.7459986,
                50.0618479
              ],
              [
                12.7458523,
                50.0618761
              ],
              [
                12.7456955,
                50.0619467
              ],
              [
                12.7454405,
                50.0621227
              ],
              [
                12.7453072,
                50.0622072
              ],
              [
                12.7450915,
                50.0626215
              ],
              [
                12.7450074,
                50.0627429
              ],
              [
                12.7449325,
                50.062845
              ],
              [
                12.7448296,
                50.0629153
              ],
              [
                12.7447803,
                50.0629507
              ],
              [
                12.7446693,
                50.063
              ],
              [
                12.7445159,
                50.0630564
              ],
              [
                12.7444777,
                50.0631016
              ],
              [
                12.7444477,
                50.0631679
              ],
              [
                12.7443928,
                50.0632258
              ],
              [
                12.7443616,
                50.0632428
              ],
              [
                12.7442474,
                50.0632686
              ],
              [
                12.7440891,
                50.0632551
              ],
              [
                12.7437186,
                50.0630838
              ],
              [
                12.7433589,
                50.0628153
              ],
              [
                12.7430631,
                50.0625968
              ],
              [
                12.7428986,
                50.0624642
              ],
              [
                12.7426636,
                50.0621999
              ],
              [
                12.7425775,
                50.0621129
              ],
              [
                12.7424693,
                50.0620786
              ],
              [
                12.7422788,
                50.0620503
              ],
              [
                12.7419021,
                50.061994
              ],
              [
                12.7414764,
                50.0620078
              ],
              [
                12.7413738,
                50.0620082
              ],
              [
                12.7411739,
                50.0620141
              ],
              [
                12.7409395,
                50.0620236
              ],
              [
                12.7407016,
                50.0620471
              ],
              [
                12.7405185,
                50.0620909
              ],
              [
                12.7402719,
                50.0621641
              ],
              [
                12.7399368,
                50.062262
              ],
              [
                12.739741,
                50.0623116
              ],
              [
                12.7396075,
                50.0623219
              ],
              [
                12.7392147,
                50.0623512
              ],
              [
                12.7388473,
                50.0623686
              ],
              [
                12.7384241,
                50.0623995
              ],
              [
                12.7383113,
                50.0624167
              ],
              [
                12.738207,
                50.0624445
              ],
              [
                12.7380016,
                50.0625028
              ],
              [
                12.7379546,
                50.0625413
              ],
              [
                12.7379284,
                50.0626611
              ],
              [
                12.7379283,
                50.0626614
              ],
              [
                12.7378842,
                50.0628083
              ],
              [
                12.7378841,
                50.0628087
              ],
              [
                12.7377849,
                50.062996
              ],
              [
                12.7376849,
                50.0632169
              ],
              [
                12.7376186,
                50.0633474
              ],
              [
                12.7375899,
                50.0634023
              ],
              [
                12.7375435,
                50.0634384
              ],
              [
                12.7374646,
                50.0635146
              ],
              [
                12.7372629,
                50.0636479
              ],
              [
                12.7370501,
                50.0637657
              ],
              [
                12.73687,
                50.0638723
              ],
              [
                12.7365919,
                50.0640267
              ],
              [
                12.7364923,
                50.064081
              ],
              [
                12.7364922,
                50.064081
              ],
              [
                12.7364926,
                50.0640991
              ],
              [
                12.7364926,
                50.0640994
              ],
              [
                12.7359728,
                50.0642697
              ],
              [
                12.7357981,
                50.064295
              ],
              [
                12.7356348,
                50.0642745
              ],
              [
                12.7353846,
                50.0642197
              ],
              [
                12.7352447,
                50.0641727
              ],
              [
                12.7351463,
                50.0640722
              ],
              [
                12.7350352,
                50.0639775
              ],
              [
                12.7348722,
                50.0638884
              ],
              [
                12.7343663,
                50.0637782
              ],
              [
                12.734134,
                50.0637867
              ],
              [
                12.7338909,
                50.0638158
              ],
              [
                12.7337815,
                50.0638045
              ],
              [
                12.7336609,
                50.0637703
              ],
              [
                12.7333757,
                50.0636757
              ],
              [
                12.7331857,
                50.0636272
              ],
              [
                12.7329136,
                50.0635701
              ],
              [
                12.7326113,
                50.0634991
              ],
              [
                12.7325419,
                50.0634847
              ],
              [
                12.7324379,
                50.0634739
              ],
              [
                12.7323285,
                50.0634626
              ],
              [
                12.73226,
                50.0634446
              ],
              [
                12.7321757,
                50.0633998
              ],
              [
                12.7320252,
                50.063283
              ],
              [
                12.7319242,
                50.063193
              ],
              [
                12.7318691,
                50.063144
              ],
              [
                12.7317573,
                50.0630746
              ],
              [
                12.7312737,
                50.0628077
              ],
              [
                12.7309701,
                50.0625847
              ],
              [
                12.7307014,
                50.0624015
              ],
              [
                12.7305631,
                50.0623257
              ],
              [
                12.7304215,
                50.0622858
              ],
              [
                12.7300031,
                50.062163
              ],
              [
                12.7297088,
                50.0621723
              ],
              [
                12.7292436,
                50.0621241
              ],
              [
                12.7289477,
                50.0620501
              ],
              [
                12.7286071,
                50.0619751
              ],
              [
                12.7283488,
                50.0619303
              ],
              [
                12.7280759,
                50.0618767
              ],
              [
                12.7278456,
                50.0618095
              ],
              [
                12.7276977,
                50.0617725
              ],
              [
                12.727424,
                50.0617442
              ],
              [
                12.7269352,
                50.0617008
              ],
              [
                12.7267629,
                50.0616938
              ],
              [
                12.726598,
                50.0617021
              ],
              [
                12.7265981,
                50.0617017
              ],
              [
                12.7266042,
                50.0616774
              ],
              [
                12.7264549,
                50.0616908
              ],
              [
                12.7253715,
                50.0617124
              ],
              [
                12.7249369,
                50.0617216
              ],
              [
                12.7244758,
                50.0617245
              ],
              [
                12.7239537,
                50.0617246
              ],
              [
                12.7232944,
                50.0617792
              ],
              [
                12.7228547,
                50.0618028
              ],
              [
                12.7224459,
                50.0618448
              ],
              [
                12.7222319,
                50.0618834
              ],
              [
                12.7219746,
                50.0619276
              ],
              [
                12.7216901,
                50.0619757
              ],
              [
                12.7212466,
                50.0620309
              ],
              [
                12.7205967,
                50.0621154
              ],
              [
                12.7201141,
                50.0621801
              ],
              [
                12.7198202,
                50.0622239
              ],
              [
                12.7195698,
                50.0622823
              ],
              [
                12.7191471,
                50.0623802
              ],
              [
                12.7188212,
                50.0624678
              ],
              [
                12.7186308,
                50.0624751
              ],
              [
                12.7183196,
                50.0624833
              ],
              [
                12.7181093,
                50.0624649
              ],
              [
                12.7178038,
                50.0624501
              ],
              [
                12.7176702,
                50.0624397
              ],
              [
                12.7175858,
                50.0624208
              ],
              [
                12.717422,
                50.0623634
              ],
              [
                12.7173835,
                50.062329
              ],
              [
                12.7173645,
                50.0623
              ],
              [
                12.7172971,
                50.0621716
              ],
              [
                12.7172959,
                50.0621344
              ],
              [
                12.717296,
                50.0621342
              ],
              [
                12.7173663,
                50.0620203
              ],
              [
                12.7176681,
                50.061505
              ],
              [
                12.7178199,
                50.0612543
              ],
              [
                12.7178199,
                50.0612541
              ],
              [
                12.7178595,
                50.0608232
              ],
              [
                12.7178858,
                50.0606134
              ],
              [
                12.7178858,
                50.0606131
              ],
              [
                12.7179377,
                50.059735
              ],
              [
                12.7179378,
                50.0597347
              ],
              [
                12.7179806,
                50.0594797
              ],
              [
                12.7179869,
                50.059224
              ],
              [
                12.7179894,
                50.0590252
              ],
              [
                12.7178929,
                50.0587825
              ],
              [
                12.7177226,
                50.0584579
              ],
              [
                12.7175565,
                50.0582416
              ],
              [
                12.7174404,
                50.0581824
              ],
              [
                12.7170634,
                50.0580556
              ],
              [
                12.7167342,
                50.0579473
              ],
              [
                12.7162232,
                50.0578741
              ],
              [
                12.7160547,
                50.0578566
              ],
              [
                12.715911,
                50.0578653
              ],
              [
                12.7156206,
                50.0579162
              ],
              [
                12.715477,
                50.0579249
              ],
              [
                12.7152951,
                50.0579398
              ],
              [
                12.7149793,
                50.0579037
              ],
              [
                12.7146785,
                50.0579332
              ],
              [
                12.7144543,
                50.0579707
              ],
              [
                12.7142926,
                50.0579675
              ],
              [
                12.7140216,
                50.0578989
              ],
              [
                12.7136611,
                50.0578109
              ],
              [
                12.713251,
                50.0577954
              ],
              [
                12.7124398,
                50.0578125
              ],
              [
                12.712126,
                50.0578103
              ],
              [
                12.7118245,
                50.0578634
              ],
              [
                12.7117405,
                50.0578851
              ],
              [
                12.7116837,
                50.0579028
              ],
              [
                12.7115328,
                50.0579614
              ],
              [
                12.7112912,
                50.0580476
              ],
              [
                12.7110757,
                50.058113
              ],
              [
                12.7106406,
                50.0581556
              ],
              [
                12.7104601,
                50.058228
              ],
              [
                12.7101845,
                50.0583242
              ],
              [
                12.7086334,
                50.058639
              ],
              [
                12.7081916,
                50.0588968
              ],
              [
                12.7073733,
                50.059382
              ],
              [
                12.7070188,
                50.059605
              ],
              [
                12.7068829,
                50.0597292
              ],
              [
                12.7068401,
                50.0597955
              ],
              [
                12.7068401,
                50.0597956
              ],
              [
                12.7068379,
                50.059846
              ],
              [
                12.706838,
                50.0598495
              ],
              [
                12.7068381,
                50.0598529
              ],
              [
                12.7068451,
                50.0602984
              ],
              [
                12.7068452,
                50.0602988
              ],
              [
                12.7068043,
                50.0602945
              ],
              [
                12.7067172,
                50.0603496
              ],
              [
                12.706617,
                50.0603729
              ],
              [
                12.7064273,
                50.0603432
              ],
              [
                12.7064238,
                50.0603426
              ],
              [
                12.7062993,
                50.0603231
              ],
              [
                12.7062261,
                50.0603065
              ],
              [
                12.7059423,
                50.0602422
              ],
              [
                12.7058865,
                50.0602245
              ],
              [
                12.7058792,
                50.0602222
              ],
              [
                12.705878,
                50.0602215
              ],
              [
                12.7056544,
                50.0600943
              ],
              [
                12.705535,
                50.0600482
              ],
              [
                12.7052745,
                50.0600212
              ],
              [
                12.7051539,
                50.0600424
              ],
              [
                12.7049857,
                50.0600654
              ],
              [
                12.7044791,
                50.059996
              ],
              [
                12.7043576,
                50.0599159
              ],
              [
                12.7043177,
                50.0598241
              ],
              [
                12.7042615,
                50.0597137
              ],
              [
                12.7042215,
                50.0596016
              ],
              [
                12.7041,
                50.0595215
              ],
              [
                12.7039255,
                50.0594022
              ],
              [
                12.7037598,
                50.0593108
              ],
              [
                12.7036726,
                50.0592613
              ],
              [
                12.7033465,
                50.0590149
              ],
              [
                12.7032639,
                50.0589052
              ],
              [
                12.7032018,
                50.0587975
              ],
              [
                12.703144,
                50.0586937
              ],
              [
                12.7028694,
                50.0580951
              ],
              [
                12.7025811,
                50.0574883
              ],
              [
                12.7025386,
                50.0573861
              ],
              [
                12.7025397,
                50.0572142
              ],
              [
                12.7025398,
                50.0572138
              ],
              [
                12.7025654,
                50.0571325
              ],
              [
                12.7025655,
                50.0571322
              ],
              [
                12.703061,
                50.0557806
              ],
              [
                12.7030611,
                50.0557803
              ],
              [
                12.7030768,
                50.0557384
              ],
              [
                12.7031825,
                50.0554626
              ],
              [
                12.7031825,
                50.0554625
              ],
              [
                12.7031825,
                50.055358
              ],
              [
                12.7031508,
                50.0551287
              ],
              [
                12.7031509,
                50.0551284
              ],
              [
                12.7032397,
                50.0547736
              ],
              [
                12.7032398,
                50.0547733
              ],
              [
                12.7032532,
                50.0547287
              ],
              [
                12.7032533,
                50.0547284
              ],
              [
                12.7030772,
                50.054685
              ],
              [
                12.702331,
                50.0544544
              ],
              [
                12.7018233,
                50.0540605
              ],
              [
                12.7013051,
                50.0537985
              ],
              [
                12.7009895,
                50.0536241
              ],
              [
                12.7006022,
                50.0535029
              ],
              [
                12.7002038,
                50.0532823
              ],
              [
                12.6996576,
                50.0530782
              ],
              [
                12.698946,
                50.0529609
              ],
              [
                12.6984896,
                50.0527747
              ],
              [
                12.698727,
                50.0524726
              ],
              [
                12.6987655,
                50.0523725
              ],
              [
                12.6988215,
                50.0521846
              ],
              [
                12.6987707,
                50.052029
              ],
              [
                12.6987783,
                50.0519806
              ],
              [
                12.6988925,
                50.0515963
              ],
              [
                12.6989424,
                50.0511996
              ],
              [
                12.6990163,
                50.050922
              ],
              [
                12.6990119,
                50.0508985
              ],
              [
                12.699012,
                50.0508985
              ],
              [
                12.6991559,
                50.0508969
              ],
              [
                12.6993621,
                50.0508721
              ],
              [
                12.6995689,
                50.0508242
              ],
              [
                12.699892,
                50.0507422
              ],
              [
                12.6999349,
                50.0506938
              ],
              [
                12.6999961,
                50.050654
              ],
              [
                12.7001398,
                50.0506127
              ],
              [
                12.7002528,
                50.0505915
              ],
              [
                12.7006159,
                50.0505136
              ],
              [
                12.7006849,
                50.0505042
              ],
              [
                12.7007931,
                50.0505022
              ],
              [
                12.7009022,
                50.0505169
              ],
              [
                12.7009712,
                50.0505075
              ],
              [
                12.70105,
                50.0504794
              ],
              [
                12.7013702,
                50.0503475
              ],
              [
                12.7015527,
                50.050274
              ],
              [
                12.7017171,
                50.0502317
              ],
              [
                12.7018053,
                50.0502276
              ],
              [
                12.7018825,
                50.0502059
              ],
              [
                12.7019349,
                50.0502014
              ],
              [
                12.7020338,
                50.0501754
              ],
              [
                12.702204,
                50.0501303
              ],
              [
                12.7023876,
                50.0500932
              ],
              [
                12.702589,
                50.0500877
              ],
              [
                12.702622,
                50.0500581
              ],
              [
                12.7030552,
                50.0500073
              ],
              [
                12.7032008,
                50.0499993
              ],
              [
                12.7033408,
                50.0500138
              ],
              [
                12.7033407,
                50.0500135
              ],
              [
                12.7033248,
                50.0498933
              ],
              [
                12.7033249,
                50.0498931
              ],
              [
                12.7033607,
                50.0498112
              ],
              [
                12.7034034,
                50.049743
              ],
              [
                12.7036325,
                50.049463
              ],
              [
                12.7037314,
                50.0493544
              ],
              [
                12.7037761,
                50.0493194
              ],
              [
                12.7039674,
                50.0492105
              ],
              [
                12.7040801,
                50.0491495
              ],
              [
                12.7042397,
                50.0491265
              ],
              [
                12.7045002,
                50.0491304
              ],
              [
                12.7047082,
                50.049119
              ],
              [
                12.7048478,
                50.0490938
              ],
              [
                12.7053957,
                50.0489327
              ],
              [
                12.7060027,
                50.0487613
              ],
              [
                12.7062957,
                50.0486761
              ],
              [
                12.7064279,
                50.0486601
              ],
              [
                12.7070775,
                50.0486053
              ],
              [
                12.7072804,
                50.0485934
              ],
              [
                12.7075676,
                50.0485935
              ],
              [
                12.7077807,
                50.0486024
              ],
              [
                12.7084782,
                50.0487044
              ],
              [
                12.7088359,
                50.0487911
              ],
              [
                12.7093999,
                50.0489552
              ],
              [
                12.7095133,
                50.0489736
              ],
              [
                12.7098688,
                50.0489873
              ],
              [
                12.7102755,
                50.0489602
              ],
              [
                12.7104333,
                50.0489237
              ],
              [
                12.710704,
                50.0488461
              ],
              [
                12.7109556,
                50.0487831
              ],
              [
                12.7110859,
                50.0487338
              ],
              [
                12.7113747,
                50.0485426
              ],
              [
                12.7116363,
                50.0483782
              ],
              [
                12.7120408,
                50.0480933
              ],
              [
                12.7122874,
                50.0479273
              ],
              [
                12.7123868,
                50.0477759
              ],
              [
                12.7123869,
                50.0477756
              ],
              [
                12.7124559,
                50.0475816
              ],
              [
                12.7125735,
                50.0473165
              ],
              [
                12.7125735,
                50.0473162
              ],
              [
                12.7126007,
                50.0471872
              ],
              [
                12.7122147,
                50.0468236
              ],
              [
                12.7119951,
                50.0466358
              ],
              [
                12.7111074,
                50.0458801
              ],
              [
                12.7109741,
                50.0456747
              ],
              [
                12.7107744,
                50.0453866
              ],
              [
                12.7105428,
                50.0450621
              ],
              [
                12.710388,
                50.0448612
              ],
              [
                12.7102973,
                50.0446702
              ],
              [
                12.7101741,
                50.0444659
              ],
              [
                12.7101017,
                50.0443659
              ],
              [
                12.7097218,
                50.0439171
              ],
              [
                12.7094198,
                50.043341
              ],
              [
                12.7092294,
                50.0431595
              ],
              [
                12.7091284,
                50.0430301
              ],
              [
                12.7090709,
                50.0428294
              ],
              [
                12.7089819,
                50.0426319
              ],
              [
                12.7089314,
                50.0425672
              ],
              [
                12.708732,
                50.0424597
              ],
              [
                12.7084716,
                50.0423339
              ],
              [
                12.7081548,
                50.0422842
              ],
              [
                12.7079989,
                50.0422343
              ],
              [
                12.7074363,
                50.0419856
              ],
              [
                12.7067601,
                50.0416672
              ],
              [
                12.7067193,
                50.0416509
              ],
              [
                12.7054902,
                50.0410752
              ],
              [
                12.7051697,
                50.040801
              ],
              [
                12.7050399,
                50.0406767
              ],
              [
                12.7047114,
                50.0403896
              ],
              [
                12.704629,
                50.0403305
              ],
              [
                12.7043316,
                50.0401285
              ],
              [
                12.7039885,
                50.0399146
              ],
              [
                12.7035264,
                50.0396233
              ],
              [
                12.7031771,
                50.0393894
              ],
              [
                12.7026465,
                50.0390428
              ],
              [
                12.7023096,
                50.0388344
              ],
              [
                12.7021566,
                50.038698
              ],
              [
                12.7019501,
                50.0385368
              ],
              [
                12.7016843,
                50.0382683
              ],
              [
                12.7015178,
                50.0381112
              ],
              [
                12.7013997,
                50.0380002
              ],
              [
                12.7010857,
                50.0377001
              ],
              [
                12.7007573,
                50.037413
              ],
              [
                12.7005911,
                50.0372994
              ],
              [
                12.7002935,
                50.0371432
              ],
              [
                12.7000053,
                50.0370241
              ],
              [
                12.6993947,
                50.036833
              ],
              [
                12.698784,
                50.0366274
              ],
              [
                12.6987128,
                50.0366128
              ],
              [
                12.6973412,
                50.0363981
              ],
              [
                12.6972877,
                50.0363877
              ],
              [
                12.6972549,
                50.0363843
              ],
              [
                12.6965022,
                50.0362676
              ],
              [
                12.695781,
                50.0362047
              ],
              [
                12.6951828,
                50.0361637
              ],
              [
                12.6948308,
                50.0362161
              ],
              [
                12.694786,
                50.0362195
              ],
              [
                12.6940613,
                50.0361564
              ],
              [
                12.6937761,
                50.0361672
              ],
              [
                12.6929882,
                50.0362309
              ],
              [
                12.6924209,
                50.036366
              ],
              [
                12.6917591,
                50.0365276
              ],
              [
                12.6914269,
                50.0365609
              ],
              [
                12.6914148,
                50.0365733
              ],
              [
                12.6912075,
                50.0365381
              ],
              [
                12.6910862,
                50.0365363
              ],
              [
                12.6908368,
                50.0365629
              ],
              [
                12.6906189,
                50.036678
              ],
              [
                12.6905477,
                50.0366946
              ],
              [
                12.690177,
                50.0367092
              ],
              [
                12.6898766,
                50.0367745
              ],
              [
                12.6898058,
                50.0367641
              ],
              [
                12.6895256,
                50.0365861
              ],
              [
                12.6893794,
                50.0365256
              ],
              [
                12.6891059,
                50.0364771
              ],
              [
                12.6885924,
                50.0364771
              ],
              [
                12.6882511,
                50.0365953
              ],
              [
                12.6881105,
                50.0366892
              ],
              [
                12.6878538,
                50.0370598
              ],
              [
                12.6877455,
                50.0372691
              ],
              [
                12.6875099,
                50.0373404
              ],
              [
                12.6871689,
                50.0373111
              ],
              [
                12.686681,
                50.0373642
              ],
              [
                12.6865351,
                50.0373273
              ],
              [
                12.6864726,
                50.0372413
              ],
              [
                12.6864707,
                50.0370581
              ],
              [
                12.686174,
                50.0368306
              ],
              [
                12.6860102,
                50.036722
              ],
              [
                12.685461,
                50.0364858
              ],
              [
                12.6847925,
                50.0361319
              ],
              [
                12.6844848,
                50.0360422
              ],
              [
                12.6842798,
                50.0360243
              ],
              [
                12.6839524,
                50.036082
              ],
              [
                12.6838065,
                50.0361732
              ],
              [
                12.6834533,
                50.0364574
              ],
              [
                12.6832029,
                50.0365918
              ],
              [
                12.6830406,
                50.0365967
              ],
              [
                12.6824269,
                50.0364619
              ],
              [
                12.6817757,
                50.0365969
              ],
              [
                12.6816203,
                50.0366665
              ],
              [
                12.6814039,
                50.0366775
              ],
              [
                12.681295,
                50.036576
              ],
              [
                12.6813242,
                50.0362638
              ],
              [
                12.6812214,
                50.0360921
              ],
              [
                12.6808833,
                50.0358947
              ],
              [
                12.6805309,
                50.0354009
              ],
              [
                12.6802972,
                50.035217
              ],
              [
                12.6801167,
                50.035141
              ],
              [
                12.6796091,
                50.0351065
              ],
              [
                12.6792235,
                50.0349101
              ],
              [
                12.6790303,
                50.034845
              ],
              [
                12.6786318,
                50.0347769
              ],
              [
                12.678122,
                50.0345934
              ],
              [
                12.6776378,
                50.0342501
              ],
              [
                12.6770101,
                50.0339678
              ],
              [
                12.676938,
                50.0338622
              ],
              [
                12.6769487,
                50.0336838
              ],
              [
                12.676875,
                50.0335278
              ],
              [
                12.6768069,
                50.0334087
              ],
              [
                12.676806,
                50.0331742
              ],
              [
                12.676698,
                50.0329255
              ],
              [
                12.676496,
                50.0325858
              ],
              [
                12.6764653,
                50.0325341
              ],
              [
                12.6762631,
                50.0321201
              ],
              [
                12.6761107,
                50.0319511
              ],
              [
                12.6760511,
                50.0319105
              ],
              [
                12.675868,
                50.0317393
              ],
              [
                12.6756203,
                50.0315763
              ],
              [
                12.6753284,
                50.0314068
              ],
              [
                12.6752525,
                50.0312984
              ],
              [
                12.675298,
                50.0311405
              ],
              [
                12.6751583,
                50.0309377
              ],
              [
                12.6745055,
                50.0306103
              ],
              [
                12.6743993,
                50.0305335
              ],
              [
                12.6743773,
                50.0302575
              ],
              [
                12.6743665,
                50.0298427
              ],
              [
                12.6744673,
                50.0291767
              ],
              [
                12.6739864,
                50.028496
              ],
              [
                12.6740979,
                50.0283391
              ],
              [
                12.6743169,
                50.0281963
              ],
              [
                12.6750568,
                50.0281211
              ],
              [
                12.6750915,
                50.0280586
              ],
              [
                12.6752237,
                50.0280852
              ],
              [
                12.6751842,
                50.0281552
              ],
              [
                12.6752933,
                50.0281741
              ],
              [
                12.6752606,
                50.0282461
              ],
              [
                12.675252,
                50.0284139
              ],
              [
                12.675585,
                50.0288656
              ],
              [
                12.6755934,
                50.0289139
              ],
              [
                12.6756041,
                50.0290788
              ],
              [
                12.6756724,
                50.0292329
              ],
              [
                12.6756913,
                50.0294213
              ],
              [
                12.6758391,
                50.0299855
              ],
              [
                12.6759663,
                50.0301749
              ],
              [
                12.6764012,
                50.030545
              ],
              [
                12.6753552,
                50.0310959
              ],
              [
                12.6753794,
                50.0311233
              ],
              [
                12.6753246,
                50.0312871
              ],
              [
                12.675407,
                50.0313817
              ],
              [
                12.6757546,
                50.0315915
              ],
              [
                12.6759702,
                50.0317418
              ],
              [
                12.6761973,
                50.031937
              ],
              [
                12.6763326,
                50.0321167
              ],
              [
                12.6765273,
                50.032496
              ],
              [
                12.6765537,
                50.0325461
              ],
              [
                12.6768847,
                50.0331348
              ],
              [
                12.6768912,
                50.0334111
              ],
              [
                12.676956,
                50.0335155
              ],
              [
                12.6770366,
                50.033707
              ],
              [
                12.6770144,
                50.0338413
              ],
              [
                12.6770752,
                50.0339388
              ],
              [
                12.677686,
                50.034214
              ],
              [
                12.6781733,
                50.0345536
              ],
              [
                12.6786389,
                50.0347246
              ],
              [
                12.679079,
                50.0348037
              ],
              [
                12.6792648,
                50.0348673
              ],
              [
                12.6796441,
                50.0350578
              ],
              [
                12.6798743,
                50.0350802
              ],
              [
                12.6801229,
                50.0350899
              ],
              [
                12.6803402,
                50.0351784
              ],
              [
                12.6806301,
                50.0353995
              ],
              [
                12.6809381,
                50.0358387
              ],
              [
                12.6812847,
                50.0360465
              ],
              [
                12.6814123,
                50.0362403
              ],
              [
                12.6813817,
                50.0365757
              ],
              [
                12.6814705,
                50.0366482
              ],
              [
                12.6816257,
                50.036616
              ],
              [
                12.681737,
                50.0365521
              ],
              [
                12.6824341,
                50.0364119
              ],
              [
                12.6830565,
                50.0365362
              ],
              [
                12.6831585,
                50.0365338
              ],
              [
                12.6834083,
                50.0364093
              ],
              [
                12.6837216,
                50.0361467
              ],
              [
                12.6839543,
                50.0360255
              ],
              [
                12.6840766,
                50.0360028
              ],
              [
                12.6842766,
                50.0359822
              ],
              [
                12.6844954,
                50.0360102
              ],
              [
                12.6848258,
                50.0361042
              ],
              [
                12.6854855,
                50.0364473
              ],
              [
                12.6860323,
                50.0366939
              ],
              [
                12.6862556,
                50.0368432
              ],
              [
                12.6865261,
                50.037045
              ],
              [
                12.6865308,
                50.0372503
              ],
              [
                12.6865788,
                50.0373036
              ],
              [
                12.686695,
                50.0373301
              ],
              [
                12.6871446,
                50.0372756
              ],
              [
                12.6875152,
                50.0373038
              ],
              [
                12.6877067,
                50.0372389
              ],
              [
                12.6878036,
                50.0370486
              ],
              [
                12.6880525,
                50.0366842
              ],
              [
                12.6882081,
                50.0365677
              ],
              [
                12.6885831,
                50.0364418
              ],
              [
                12.6891077,
                50.0364395
              ],
              [
                12.6894162,
                50.0364938
              ],
              [
                12.6895578,
                50.0365565
              ],
              [
                12.689857,
                50.0367337
              ],
              [
                12.6901617,
                50.0366732
              ],
              [
                12.690545,
                50.0366603
              ],
              [
                12.6908117,
                50.0365248
              ],
              [
                12.691091,
                50.0364914
              ],
              [
                12.6912164,
                50.0364941
              ],
              [
                12.6913995,
                50.0365253
              ],
              [
                12.6914167,
                50.0365163
              ],
              [
                12.6915882,
                50.0364993
              ],
              [
                12.6916804,
                50.0364896
              ],
              [
                12.6917217,
                50.0364891
              ],
              [
                12.6921356,
                50.0363899
              ],
              [
                12.6922725,
                50.0363511
              ],
              [
                12.692684,
                50.0362469
              ],
              [
                12.6929373,
                50.0361913
              ],
              [
                12.6933117,
                50.0361603
              ],
              [
                12.6940431,
                50.036123
              ],
              [
                12.6942205,
                50.0361318
              ],
              [
                12.6947631,
                50.0361761
              ],
              [
                12.6948353,
                50.0361716
              ],
              [
                12.6952138,
                50.0361241
              ],
              [
                12.6957308,
                50.0361658
              ],
              [
                12.6964466,
                50.0362208
              ],
              [
                12.6986997,
                50.0365608
              ],
              [
                12.6995788,
                50.0368449
              ],
              [
                12.7000098,
                50.0369764
              ],
              [
                12.7001572,
                50.0370302
              ],
              [
                12.7003528,
                50.0371156
              ],
              [
                12.7004279,
                50.0371595
              ],
              [
                12.7006877,
                50.0373022
              ],
              [
                12.7007488,
                50.0373422
              ],
              [
                12.7009591,
                50.0375183
              ],
              [
                12.7013331,
                50.0378776
              ],
              [
                12.7018465,
                50.0383526
              ],
              [
                12.7021642,
                50.038653
              ],
              [
                12.7022607,
                50.0387305
              ],
              [
                12.7023987,
                50.0388219
              ],
              [
                12.7028774,
                50.0391367
              ],
              [
                12.7032498,
                50.0393681
              ],
              [
                12.7040313,
                50.0398781
              ],
              [
                12.7046901,
                50.0403103
              ],
              [
                12.7051078,
                50.0406597
              ],
              [
                12.7055428,
                50.0410446
              ],
              [
                12.7058574,
                50.0411929
              ],
              [
                12.7067566,
                50.0416066
              ],
              [
                12.7072626,
                50.0418422
              ],
              [
                12.7073163,
                50.0418671
              ],
              [
                12.7075394,
                50.041977
              ],
              [
                12.7080672,
                50.0422004
              ],
              [
                12.7082085,
                50.0422488
              ],
              [
                12.7084882,
                50.0422826
              ],
              [
                12.7085729,
                50.0423179
              ],
              [
                12.7087723,
                50.0424181
              ],
              [
                12.7089669,
                50.042528
              ],
              [
                12.7090693,
                50.0426311
              ],
              [
                12.7091435,
                50.0428468
              ],
              [
                12.7091906,
                50.0430069
              ],
              [
                12.709295,
                50.0431431
              ],
              [
                12.7094904,
                50.0433252
              ],
              [
                12.7098177,
                50.0439436
              ],
              [
                12.7101244,
                50.0442956
              ],
              [
                12.7102102,
                50.0444036
              ],
              [
                12.7104435,
                50.044824
              ],
              [
                12.7105544,
                50.0449544
              ],
              [
                12.7108442,
                50.045374
              ],
              [
                12.7111678,
                50.0458434
              ],
              [
                12.712147,
                50.0466845
              ],
              [
                12.7123901,
                50.046907
              ],
              [
                12.7126393,
                50.0471351
              ],
              [
                12.7126714,
                50.0471913
              ],
              [
                12.7126769,
                50.0472512
              ],
              [
                12.712677,
                50.0472513
              ],
              [
                12.7124772,
                50.0477423
              ],
              [
                12.7124107,
                50.0478444
              ],
              [
                12.71234,
                50.0479427
              ],
              [
                12.7120703,
                50.0481393
              ],
              [
                12.7118279,
                50.0483089
              ],
              [
                12.7115004,
                50.0485523
              ],
              [
                12.7112935,
                50.0486827
              ],
              [
                12.7110474,
                50.0488058
              ],
              [
                12.7106497,
                50.0489197
              ],
              [
                12.7104388,
                50.0489837
              ],
              [
                12.7102186,
                50.0490236
              ],
              [
                12.7100506,
                50.0490392
              ],
              [
                12.7097877,
                50.0490449
              ],
              [
                12.709382,
                50.0490062
              ],
              [
                12.7087923,
                50.0488426
              ],
              [
                12.7084869,
                50.0487515
              ],
              [
                12.708242,
                50.0487261
              ],
              [
                12.7080445,
                50.0486958
              ],
              [
                12.7078554,
                50.0486728
              ],
              [
                12.7076263,
                50.0486458
              ],
              [
                12.7075081,
                50.0486467
              ],
              [
                12.7073325,
                50.0486516
              ],
              [
                12.7069948,
                50.0486694
              ],
              [
                12.7066912,
                50.048694
              ],
              [
                12.706406,
                50.0487272
              ],
              [
                12.7062838,
                50.0487442
              ],
              [
                12.7056445,
                50.0489222
              ],
              [
                12.7055723,
                50.0489445
              ],
              [
                12.7053904,
                50.0489949
              ],
              [
                12.7051672,
                50.0490675
              ],
              [
                12.7048965,
                50.0491451
              ],
              [
                12.7047211,
                50.0491698
              ],
              [
                12.7045389,
                50.0491806
              ],
              [
                12.7043584,
                50.049185
              ],
              [
                12.7041778,
                50.0491894
              ],
              [
                12.7040442,
                50.0492317
              ],
              [
                12.70388,
                50.0493242
              ],
              [
                12.7037959,
                50.0493733
              ],
              [
                12.7037396,
                50.0494426
              ],
              [
                12.703427,
                50.0498304
              ],
              [
                12.7034005,
                50.0499006
              ],
              [
                12.7034004,
                50.0499009
              ],
              [
                12.7034123,
                50.049985
              ],
              [
                12.7034702,
                50.0500527
              ],
              [
                12.7035952,
                50.0501273
              ],
              [
                12.7037231,
                50.0502023
              ],
              [
                12.7037935,
                50.0502443
              ],
              [
                12.7038209,
                50.0502722
              ],
              [
                12.7038299,
                50.0503078
              ],
              [
                12.7038414,
                50.0503697
              ],
              [
                12.7038174,
                50.0504479
              ],
              [
                12.7038173,
                50.0504482
              ],
              [
                12.7037667,
                50.0505066
              ],
              [
                12.7037036,
                50.0505434
              ],
              [
                12.7036218,
                50.0506014
              ],
              [
                12.7035983,
                50.0506595
              ],
              [
                12.7035982,
                50.0506597
              ],
              [
                12.7036067,
                50.0507155
              ],
              [
                12.703709,
                50.050755
              ],
              [
                12.7037929,
                50.0507609
              ],
              [
                12.7038614,
                50.0507564
              ],
              [
                12.7039896,
                50.0507466
              ],
              [
                12.7041243,
                50.0507287
              ],
              [
                12.7042319,
                50.0506936
              ],
              [
                12.7043524,
                50.0506425
              ],
              [
                12.7045087,
                50.0505922
              ],
              [
                12.704674,
                50.0505776
              ],
              [
                12.7048272,
                50.0505935
              ],
              [
                12.7050958,
                50.0506329
              ],
              [
                12.7054534,
                50.0506931
              ],
              [
                12.7056973,
                50.0507416
              ],
              [
                12.7057991,
                50.0508013
              ],
              [
                12.7058924,
                50.0508948
              ],
              [
                12.7059551,
                50.0509852
              ],
              [
                12.7059721,
                50.0510968
              ],
              [
                12.7059724,
                50.0512212
              ],
              [
                12.7059577,
                50.0513697
              ],
              [
                12.7059576,
                50.05137
              ],
              [
                12.7059103,
                50.0515412
              ],
              [
                12.7059102,
                50.0515415
              ],
              [
                12.7058429,
                50.0516848
              ],
              [
                12.7057906,
                50.0517864
              ],
              [
                12.7056648,
                50.0519121
              ],
              [
                12.7055412,
                50.0520294
              ],
              [
                12.7054217,
                50.0521298
              ],
              [
                12.7052632,
                50.0522608
              ],
              [
                12.7051727,
                50.0523353
              ],
              [
                12.704995,
                50.0524354
              ],
              [
                12.7046511,
                50.0526253
              ],
              [
                12.704413,
                50.0527594
              ],
              [
                12.7041421,
                50.0529037
              ],
              [
                12.7038294,
                50.0530648
              ],
              [
                12.7035973,
                50.053204
              ],
              [
                12.7035022,
                50.0533212
              ],
              [
                12.7034734,
                50.0534176
              ],
              [
                12.7034733,
                50.0534179
              ],
              [
                12.7034559,
                50.0535247
              ],
              [
                12.7034559,
                50.053525
              ],
              [
                12.7035057,
                50.0536451
              ],
              [
                12.7035633,
                50.0537902
              ],
              [
                12.7035636,
                50.0538265
              ],
              [
                12.7033304,
                50.0547394
              ],
              [
                12.7033303,
                50.0547398
              ],
              [
                12.7033156,
                50.0547845
              ],
              [
                12.7033155,
                50.0547848
              ],
              [
                12.7032868,
                50.0548996
              ],
              [
                12.7032867,
                50.0548999
              ],
              [
                12.7032497,
                50.0550476
              ],
              [
                12.7032496,
                50.0550479
              ],
              [
                12.7032277,
                50.0551566
              ],
              [
                12.7032276,
                50.0551569
              ],
              [
                12.7032316,
                50.0552248
              ],
              [
                12.7032533,
                50.055389
              ],
              [
                12.7032548,
                50.0554666
              ],
              [
                12.7032548,
                50.0554667
              ],
              [
                12.7030322,
                50.0560842
              ],
              [
                12.7030321,
                50.0560846
              ],
              [
                12.7029617,
                50.056303
              ],
              [
                12.7029616,
                50.0563033
              ],
              [
                12.7026866,
                50.0570671
              ],
              [
                12.7026865,
                50.0570675
              ],
              [
                12.7026327,
                50.0572403
              ],
              [
                12.7026327,
                50.0572407
              ],
              [
                12.7026238,
                50.0572968
              ],
              [
                12.7026238,
                50.0572971
              ],
              [
                12.7026269,
                50.0573683
              ],
              [
                12.7028217,
                50.0577832
              ],
              [
                12.7030643,
                50.0583211
              ],
              [
                12.703285,
                50.0587791
              ],
              [
                12.7034099,
                50.0589709
              ],
              [
                12.7036489,
                50.0591677
              ],
              [
                12.7037799,
                50.0592724
              ],
              [
                12.7040171,
                50.0593712
              ],
              [
                12.704291,
                50.0595751
              ],
              [
                12.7043948,
                50.0597882
              ],
              [
                12.704421,
                50.0598719
              ],
              [
                12.7044332,
                50.0599069
              ],
              [
                12.7045501,
                50.0599426
              ],
              [
                12.7049615,
                50.0600157
              ],
              [
                12.7052901,
                50.0599587
              ],
              [
                12.705371,
                50.0599705
              ],
              [
                12.7055498,
                50.059989
              ],
              [
                12.7056427,
                50.0600155
              ],
              [
                12.7058136,
                50.0601074
              ],
              [
                12.7059111,
                50.0601783
              ],
              [
                12.7060245,
                50.0602069
              ],
              [
                12.7062375,
                50.060256
              ],
              [
                12.7065509,
                50.060302
              ],
              [
                12.7066249,
                50.0602995
              ],
              [
                12.7066911,
                50.0602862
              ],
              [
                12.7067427,
                50.0602477
              ],
              [
                12.7067427,
                50.0602473
              ],
              [
                12.7067548,
                50.0601781
              ],
              [
                12.7067571,
                50.0599388
              ],
              [
                12.7067701,
                50.0598048
              ],
              [
                12.7067704,
                50.0598019
              ],
              [
                12.7067743,
                50.0597652
              ],
              [
                12.7067723,
                50.0597312
              ],
              [
                12.7067724,
                50.0597311
              ],
              [
                12.7067984,
                50.0596901
              ],
              [
                12.7068583,
                50.059639
              ],
              [
                12.7070832,
                50.0594734
              ],
              [
                12.7073167,
                50.0593357
              ],
              [
                12.7081817,
                50.0588317
              ],
              [
                12.7085253,
                50.0586312
              ],
              [
                12.7088714,
                50.0585254
              ],
              [
                12.7099489,
                50.0583234
              ],
              [
                12.7101713,
                50.0582722
              ],
              [
                12.7101838,
                50.0582432
              ],
              [
                12.7105452,
                50.058139
              ],
              [
                12.7107956,
                50.0580806
              ],
              [
                12.7111228,
                50.0580504
              ],
              [
                12.7115491,
                50.0578753
              ],
              [
                12.7116959,
                50.0578332
              ],
              [
                12.7117196,
                50.0578222
              ],
              [
                12.7118367,
                50.0577938
              ],
              [
                12.711999,
                50.0577736
              ],
              [
                12.7121359,
                50.0577709
              ],
              [
                12.7132803,
                50.0577411
              ],
              [
                12.7133637,
                50.057743
              ],
              [
                12.7135313,
                50.0577435
              ],
              [
                12.7136743,
                50.0577583
              ],
              [
                12.7138677,
                50.057802
              ],
              [
                12.7142503,
                50.0578855
              ],
              [
                12.7143951,
                50.057914
              ],
              [
                12.7144962,
                50.0579076
              ],
              [
                12.7146313,
                50.0578912
              ],
              [
                12.7148563,
                50.0578505
              ],
              [
                12.7149881,
                50.0578473
              ],
              [
                12.7151908,
                50.057875
              ],
              [
                12.7153432,
                50.0578942
              ],
              [
                12.7154605,
                50.0578861
              ],
              [
                12.7157517,
                50.057832
              ],
              [
                12.7159904,
                50.0577994
              ],
              [
                12.7162534,
                50.0578165
              ],
              [
                12.7167404,
                50.0578804
              ],
              [
                12.7170782,
                50.0579964
              ],
              [
                12.7175175,
                50.0581465
              ],
              [
                12.7176605,
                50.0582659
              ],
              [
                12.7177851,
                50.0584171
              ],
              [
                12.7179088,
                50.0586559
              ],
              [
                12.7180587,
                50.0589785
              ],
              [
                12.7180687,
                50.0590436
              ],
              [
                12.7180779,
                50.0593211
              ],
              [
                12.7180479,
                50.0595879
              ],
              [
                12.7180304,
                50.0598256
              ],
              [
                12.7179932,
                50.0602468
              ],
              [
                12.7179624,
                50.0606214
              ],
              [
                12.7179117,
                50.0612433
              ],
              [
                12.7179116,
                50.0612435
              ],
              [
                12.7175026,
                50.0619365
              ],
              [
                12.7174054,
                50.0621154
              ],
              [
                12.7173899,
                50.0621775
              ],
              [
                12.7173898,
                50.0621779
              ],
              [
                12.7173851,
                50.0622175
              ],
              [
                12.7173851,
                50.0622178
              ],
              [
                12.7174204,
                50.0622654
              ],
              [
                12.7174846,
                50.0623226
              ],
              [
                12.7175819,
                50.0623529
              ],
              [
                12.7176638,
                50.0623817
              ],
              [
                12.7177651,
                50.0623955
              ],
              [
                12.7180076,
                50.0624105
              ],
              [
                12.7183513,
                50.0624192
              ],
              [
                12.7184304,
                50.0624172
              ],
              [
                12.7186031,
                50.0624183
              ],
              [
                12.7187093,
                50.0624124
              ],
              [
                12.7188504,
                50.0623933
              ],
              [
                12.7192408,
                50.0622988
              ],
              [
                12.7194861,
                50.0622399
              ],
              [
                12.7198019,
                50.0621714
              ],
              [
                12.7202818,
                50.0620963
              ],
              [
                12.7203429,
                50.0620824
              ],
              [
                12.720812,
                50.0620298
              ],
              [
                12.7213744,
                50.0619598
              ],
              [
                12.721829,
                50.0619024
              ],
              [
                12.7221143,
                50.061851
              ],
              [
                12.7224871,
                50.061785
              ],
              [
                12.72264,
                50.0617603
              ],
              [
                12.7228431,
                50.0617443
              ],
              [
                12.7229914,
                50.0617334
              ],
              [
                12.7232191,
                50.0617208
              ],
              [
                12.7234705,
                50.0617035
              ],
              [
                12.7239695,
                50.0616612
              ],
              [
                12.7241865,
                50.0616692
              ],
              [
                12.724766,
                50.0616642
              ],
              [
                12.7256144,
                50.0616617
              ],
              [
                12.7264626,
                50.0616374
              ],
              [
                12.7266038,
                50.061634
              ],
              [
                12.7266037,
                50.0616337
              ],
              [
                12.7265944,
                50.0616041
              ],
              [
                12.7269334,
                50.0615958
              ],
              [
                12.7272132,
                50.0615995
              ],
              [
                12.7275251,
                50.0616318
              ],
              [
                12.7278583,
                50.0616916
              ],
              [
                12.7281579,
                50.0617732
              ],
              [
                12.7284619,
                50.0618372
              ],
              [
                12.72889,
                50.0619213
              ],
              [
                12.72927,
                50.0620184
              ],
              [
                12.7296478,
                50.0620792
              ],
              [
                12.7299885,
                50.0620639
              ],
              [
                12.7303346,
                50.0621395
              ],
              [
                12.7305714,
                50.0622254
              ],
              [
                12.730737,
                50.062304
              ],
              [
                12.7308589,
                50.062378
              ],
              [
                12.7313872,
                50.062758
              ],
              [
                12.7316591,
                50.0629054
              ],
              [
                12.7319421,
                50.0630539
              ],
              [
                12.7320442,
                50.0631621
              ],
              [
                12.7322185,
                50.0632958
              ],
              [
                12.7322604,
                50.0632857
              ],
              [
                12.7323072,
                50.063323
              ],
              [
                12.7323676,
                50.063351
              ],
              [
                12.7324634,
                50.0633717
              ],
              [
                12.7325729,
                50.0633831
              ],
              [
                12.7326705,
                50.0633968
              ],
              [
                12.7328623,
                50.0634383
              ],
              [
                12.7333929,
                50.0635619
              ],
              [
                12.7335428,
                50.0636135
              ],
              [
                12.7337503,
                50.063682
              ],
              [
                12.7338652,
                50.0636939
              ],
              [
                12.7339718,
                50.0636941
              ],
              [
                12.734214,
                50.0636685
              ],
              [
                12.7343279,
                50.0636622
              ],
              [
                12.7344575,
                50.0636829
              ],
              [
                12.7345534,
                50.0637036
              ],
              [
                12.734946,
                50.0637948
              ],
              [
                12.7350275,
                50.0638286
              ],
              [
                12.7351181,
                50.0638705
              ],
              [
                12.7351749,
                50.0639125
              ],
              [
                12.735276,
                50.0640025
              ],
              [
                12.7353468,
                50.0640785
              ],
              [
                12.7353989,
                50.0640947
              ],
              [
                12.7356529,
                50.0641571
              ],
              [
                12.7357862,
                50.0641853
              ],
              [
                12.735849,
                50.064181
              ],
              [
                12.7359808,
                50.0641477
              ],
              [
                12.7362397,
                50.0640552
              ],
              [
                12.7363696,
                50.0640072
              ],
              [
                12.736498,
                50.0639879
              ],
              [
                12.7364952,
                50.0639492
              ],
              [
                12.7367714,
                50.0637874
              ],
              [
                12.7373372,
                50.0634701
              ],
              [
                12.7374107,
                50.0634006
              ],
              [
                12.7374399,
                50.0633434
              ],
              [
                12.7374994,
                50.0633447
              ],
              [
                12.7374995,
                50.0633447
              ],
              [
                12.7375254,
                50.0633161
              ],
              [
                12.7375881,
                50.0631997
              ],
              [
                12.7377816,
                50.0628294
              ],
              [
                12.7377817,
                50.0628291
              ],
              [
                12.737871,
                50.0625013
              ],
              [
                12.7379355,
                50.0624526
              ],
              [
                12.7381507,
                50.0624001
              ],
              [
                12.738355,
                50.0623466
              ],
              [
                12.7387217,
                50.062317
              ],
              [
                12.7390969,
                50.062298
              ],
              [
                12.7393537,
                50.062274
              ],
              [
                12.7397721,
                50.0622474
              ],
              [
                12.7400484,
                50.0621748
              ],
              [
                12.740592,
                50.0620214
              ],
              [
                12.7407618,
                50.0619859
              ],
              [
                12.7409445,
                50.0619735
              ],
              [
                12.7413915,
                50.0619522
              ],
              [
                12.7415057,
                50.0619443
              ],
              [
                12.7416931,
                50.0619492
              ],
              [
                12.7419636,
                50.0619454
              ],
              [
                12.7424921,
                50.0620232
              ],
              [
                12.7425812,
                50.0620439
              ],
              [
                12.742664,
                50.0620901
              ],
              [
                12.7427421,
                50.0621733
              ],
              [
                12.7429366,
                50.0624016
              ],
              [
                12.7430756,
                50.0625287
              ],
              [
                12.74375,
                50.0630119
              ],
              [
                12.7441594,
                50.0632075
              ],
              [
                12.744225,
                50.0632142
              ],
              [
                12.7443197,
                50.0631951
              ],
              [
                12.7443593,
                50.0631443
              ],
              [
                12.744398,
                50.0630789
              ],
              [
                12.744421,
                50.0630408
              ],
              [
                12.7444703,
                50.0630054
              ],
              [
                12.74458,
                50.0629618
              ],
              [
                12.7446998,
                50.0629135
              ],
              [
                12.7447484,
                50.0628809
              ],
              [
                12.7448809,
                50.0627819
              ],
              [
                12.7449659,
                50.062675
              ],
              [
                12.7450989,
                50.0623938
              ],
              [
                12.7451979,
                50.0622133
              ],
              [
                12.7452622,
                50.0621534
              ],
              [
                12.7455041,
                50.061976
              ],
              [
                12.7457907,
                50.0618351
              ],
              [
                12.7458918,
                50.0618079
              ],
              [
                12.7460454,
                50.0617862
              ],
              [
                12.746192,
                50.0617927
              ],
              [
                12.7464087,
                50.0618064
              ],
              [
                12.7477037,
                50.0619085
              ],
              [
                12.7477775,
                50.0619363
              ],
              [
                12.7479063,
                50.0619785
              ],
              [
                12.749186,
                50.0627179
              ],
              [
                12.7504618,
                50.0627891
              ],
              [
                12.7509376,
                50.0629163
              ],
              [
                12.7515412,
                50.0630712
              ],
              [
                12.7516473,
                50.0631139
              ],
              [
                12.7517179,
                50.0631732
              ],
              [
                12.7518283,
                50.0632887
              ],
              [
                12.7518524,
                50.0634445
              ],
              [
                12.7518821,
                50.0635054
              ],
              [
                12.7519178,
                50.0635102
              ],
              [
                12.7518918,
                50.0636521
              ],
              [
                12.7518811,
                50.0637323
              ],
              [
                12.7519059,
                50.0637831
              ],
              [
                12.7519394,
                50.0638739
              ],
              [
                12.7520163,
                50.0639782
              ],
              [
                12.7522099,
                50.064215
              ],
              [
                12.7524081,
                50.0644523
              ],
              [
                12.7525878,
                50.0646697
              ],
              [
                12.7526914,
                50.0647798
              ],
              [
                12.7528914,
                50.0649721
              ],
              [
                12.7531304,
                50.0651955
              ],
              [
                12.7533925,
                50.0654394
              ],
              [
                12.7535648,
                50.0655928
              ],
              [
                12.753703,
                50.0657516
              ],
              [
                12.7539285,
                50.0659917
              ],
              [
                12.7541849,
                50.0662772
              ],
              [
                12.7544183,
                50.0665422
              ],
              [
                12.7545377,
                50.0667202
              ],
              [
                12.754559,
                50.0668037
              ],
              [
                12.7545358,
                50.0668116
              ],
              [
                12.7545357,
                50.0668117
              ],
              [
                12.7545492,
                50.0668599
              ],
              [
                12.7545796,
                50.0669902
              ],
              [
                12.7545796,
                50.0669903
              ],
              [
                12.7545523,
                50.0670375
              ],
              [
                12.7545854,
                50.0672223
              ],
              [
                12.7546576,
                50.0673274
              ],
              [
                12.7549772,
                50.0676802
              ],
              [
                12.7552916,
                50.0680427
              ],
              [
                12.7554121,
                50.0681211
              ],
              [
                12.7570337,
                50.0687609
              ],
              [
                12.7571392,
                50.0687569
              ],
              [
                12.7577629,
                50.0686889
              ],
              [
                12.7599853,
                50.0686128
              ],
              [
                12.7612104,
                50.0686898
              ],
              [
                12.7613221,
                50.0685622
              ],
              [
                12.7613641,
                50.068642
              ],
              [
                12.7613111,
                50.068662
              ],
              [
                12.7613203,
                50.0686917
              ],
              [
                12.7613999,
                50.0687036
              ],
              [
                12.7616719,
                50.0688188
              ],
              [
                12.7624652,
                50.0692392
              ],
              [
                12.7628514,
                50.0695261
              ],
              [
                12.7628888,
                50.0696078
              ],
              [
                12.7629426,
                50.0699424
              ],
              [
                12.7631496,
                50.0702229
              ],
              [
                12.7632784,
                50.0705578
              ],
              [
                12.7631951,
                50.0709462
              ],
              [
                12.7632465,
                50.0712181
              ],
              [
                12.7634278,
                50.0714902
              ],
              [
                12.76359,
                50.0717299
              ],
              [
                12.7636677,
                50.0719407
              ],
              [
                12.7636574,
                50.0720247
              ],
              [
                12.7632885,
                50.0728937
              ],
              [
                12.7633286,
                50.0730857
              ],
              [
                12.7633949,
                50.073281
              ],
              [
                12.7635957,
                50.0734762
              ],
              [
                12.7636163,
                50.073539
              ],
              [
                12.7636746,
                50.0735934
              ],
              [
                12.7638886,
                50.0740527
              ],
              [
                12.7638993,
                50.0740539
              ],
              [
                12.7639099,
                50.0740551
              ],
              [
                12.7639422,
                50.0741142
              ],
              [
                12.764004,
                50.0741534
              ],
              [
                12.7642698,
                50.074276
              ],
              [
                12.7648761,
                50.0747482
              ],
              [
                12.7650313,
                50.0749164
              ],
              [
                12.7650632,
                50.0749946
              ],
              [
                12.7650513,
                50.075072
              ],
              [
                12.7649559,
                50.0753177
              ],
              [
                12.7648915,
                50.0754118
              ],
              [
                12.7647027,
                50.0755597
              ],
              [
                12.7646731,
                50.0755866
              ],
              [
                12.7646203,
                50.0756343
              ],
              [
                12.7645992,
                50.0757235
              ],
              [
                12.7646231,
                50.0759499
              ],
              [
                12.7646353,
                50.0761275
              ],
              [
                12.76465,
                50.0763418
              ],
              [
                12.7647288,
                50.0765543
              ],
              [
                12.7647656,
                50.07662
              ],
              [
                12.764832,
                50.0767386
              ],
              [
                12.7654291,
                50.0771532
              ],
              [
                12.7658283,
                50.0774701
              ],
              [
                12.7659274,
                50.0776299
              ],
              [
                12.7659605,
                50.0778324
              ],
              [
                12.7659941,
                50.0779121
              ],
              [
                12.7659855,
                50.0780208
              ],
              [
                12.7658028,
                50.0782526
              ],
              [
                12.7657785,
                50.0783626
              ],
              [
                12.7657777,
                50.0787479
              ],
              [
                12.7657923,
                50.078815
              ],
              [
                12.7658702,
                50.0790883
              ],
              [
                12.7658682,
                50.0791971
              ],
              [
                12.7656333,
                50.0794735
              ],
              [
                12.7656544,
                50.0797236
              ],
              [
                12.7656353,
                50.0797778
              ],
              [
                12.765371,
                50.0800233
              ],
              [
                12.76496,
                50.0802263
              ],
              [
                12.7649043,
                50.0802581
              ],
              [
                12.7644466,
                50.0804453
              ],
              [
                12.7644295,
                50.080451
              ],
              [
                12.7644123,
                50.0804567
              ],
              [
                12.7637345,
                50.0806023
              ],
              [
                12.7634959,
                50.0806377
              ],
              [
                12.7633167,
                50.0806566
              ],
              [
                12.7631441,
                50.0806664
              ],
              [
                12.7624835,
                50.0807161
              ],
              [
                12.7623449,
                50.080719
              ],
              [
                12.762185,
                50.0807116
              ],
              [
                12.7617778,
                50.0806733
              ],
              [
                12.7613251,
                50.0807104
              ],
              [
                12.7607241,
                50.0807117
              ],
              [
                12.7594264,
                50.0804758
              ],
              [
                12.7585696,
                50.0802444
              ],
              [
                12.7582798,
                50.0801158
              ],
              [
                12.7579646,
                50.0799392
              ],
              [
                12.7575295,
                50.0795838
              ],
              [
                12.7573739,
                50.0794765
              ],
              [
                12.7565071,
                50.0792291
              ],
              [
                12.7561971,
                50.0791672
              ],
              [
                12.7553993,
                50.079257
              ],
              [
                12.7550287,
                50.0792318
              ],
              [
                12.754777,
                50.0791407
              ],
              [
                12.7541603,
                50.0790781
              ],
              [
                12.7537466,
                50.0790747
              ],
              [
                12.7534004,
                50.0789293
              ],
              [
                12.7529815,
                50.0787951
              ],
              [
                12.7525772,
                50.0786139
              ],
              [
                12.7523307,
                50.078537
              ],
              [
                12.7520088,
                50.0783281
              ],
              [
                12.7517553,
                50.0781131
              ],
              [
                12.7515249,
                50.0779419
              ],
              [
                12.7514292,
                50.0778924
              ],
              [
                12.7508906,
                50.077741
              ],
              [
                12.7507221,
                50.0777353
              ],
              [
                12.7505956,
                50.0777574
              ],
              [
                12.7505249,
                50.07781
              ],
              [
                12.7505011,
                50.0778661
              ],
              [
                12.7505996,
                50.0782909
              ],
              [
                12.7505777,
                50.0783788
              ],
              [
                12.7504749,
                50.0784885
              ],
              [
                12.7503941,
                50.078533
              ],
              [
                12.7502514,
                50.0786101
              ],
              [
                12.7501262,
                50.0786205
              ],
              [
                12.7500393,
                50.0786259
              ],
              [
                12.7498187,
                50.0786599
              ],
              [
                12.7495386,
                50.0787314
              ],
              [
                12.7491462,
                50.0789086
              ],
              [
                12.7488978,
                50.0790077
              ],
              [
                12.7485274,
                50.079429
              ],
              [
                12.748366,
                50.0795621
              ],
              [
                12.7483443,
                50.0796168
              ],
              [
                12.7492957,
                50.079678
              ],
              [
                12.7494249,
                50.0797397
              ],
              [
                12.7495622,
                50.079827
              ],
              [
                12.7497241,
                50.0799459
              ],
              [
                12.7498518,
                50.0800678
              ],
              [
                12.7499371,
                50.0800943
              ],
              [
                12.749976,
                50.080077
              ],
              [
                12.7501299,
                50.0800799
              ],
              [
                12.7500184,
                50.0801129
              ],
              [
                12.7501915,
                50.0801112
              ],
              [
                12.7502867,
                50.0801456
              ],
              [
                12.7505772,
                50.0801616
              ],
              [
                12.7507087,
                50.0803335
              ],
              [
                12.7507755,
                50.080402
              ],
              [
                12.7508929,
                50.0804499
              ],
              [
                12.7510874,
                50.0804719
              ],
              [
                12.7513418,
                50.0805286
              ],
              [
                12.7517394,
                50.0805964
              ],
              [
                12.7518355,
                50.0807188
              ],
              [
                12.7519364,
                50.0809011
              ],
              [
                12.7520585,
                50.0810602
              ],
              [
                12.7521785,
                50.0812169
              ],
              [
                12.7526926,
                50.0814163
              ],
              [
                12.7528441,
                50.0815153
              ],
              [
                12.7531504,
                50.0817471
              ],
              [
                12.7533977,
                50.0819007
              ],
              [
                12.7534435,
                50.0819329
              ],
              [
                12.7535025,
                50.0819914
              ],
              [
                12.753519,
                50.0820356
              ],
              [
                12.7535072,
                50.0821563
              ],
              [
                12.7531651,
                50.0824929
              ],
              [
                12.7528784,
                50.0826757
              ],
              [
                12.7526021,
                50.0828276
              ],
              [
                12.752507,
                50.0829212
              ],
              [
                12.7525413,
                50.0831809
              ],
              [
                12.7525291,
                50.0835293
              ],
              [
                12.7527031,
                50.0839306
              ],
              [
                12.753033,
                50.084225
              ],
              [
                12.7531873,
                50.0843527
              ],
              [
                12.7534312,
                50.0846094
              ],
              [
                12.7536259,
                50.0847184
              ],
              [
                12.7537166,
                50.0848138
              ],
              [
                12.7539517,
                50.0849069
              ],
              [
                12.7541458,
                50.0849231
              ],
              [
                12.7543647,
                50.0850851
              ],
              [
                12.754416,
                50.0851657
              ],
              [
                12.7547659,
                50.0853416
              ],
              [
                12.754997,
                50.0854434
              ],
              [
                12.7552678,
                50.0856181
              ],
              [
                12.7554636,
                50.0856181
              ],
              [
                12.7558612,
                50.085726
              ],
              [
                12.7560032,
                50.0857847
              ],
              [
                12.7561076,
                50.0858794
              ],
              [
                12.7562385,
                50.0860584
              ],
              [
                12.7563081,
                50.0862616
              ],
              [
                12.7563143,
                50.0862936
              ],
              [
                12.7563499,
                50.0864775
              ],
              [
                12.7563366,
                50.0865838
              ],
              [
                12.7561755,
                50.0868622
              ],
              [
                12.7560195,
                50.0869351
              ],
              [
                12.7558063,
                50.0870097
              ],
              [
                12.7558064,
                50.0870507
              ],
              [
                12.7554758,
                50.0871634
              ],
              [
                12.7551895,
                50.0871817
              ],
              [
                12.7550502,
                50.0872313
              ],
              [
                12.7547063,
                50.0874656
              ],
              [
                12.7545806,
                50.0877091
              ],
              [
                12.7544239,
                50.0880583
              ],
              [
                12.7544027,
                50.088138
              ],
              [
                12.7547771,
                50.0885089
              ],
              [
                12.7549079,
                50.0887272
              ],
              [
                12.7549444,
                50.0889322
              ],
              [
                12.7549327,
                50.0890886
              ],
              [
                12.7549585,
                50.0891345
              ],
              [
                12.7553462,
                50.0893231
              ],
              [
                12.7556425,
                50.0896075
              ],
              [
                12.7558368,
                50.0898172
              ],
              [
                12.7558587,
                50.0898985
              ],
              [
                12.7555836,
                50.091058
              ],
              [
                12.7555717,
                50.0911077
              ],
              [
                12.7555423,
                50.0912318
              ],
              [
                12.7551993,
                50.091747
              ],
              [
                12.7549825,
                50.0918817
              ],
              [
                12.754701,
                50.0921182
              ],
              [
                12.7542221,
                50.0922791
              ],
              [
                12.7541463,
                50.0923443
              ],
              [
                12.7541442,
                50.0924707
              ],
              [
                12.7540571,
                50.0927247
              ],
              [
                12.7540652,
                50.0928948
              ],
              [
                12.7542176,
                50.0929885
              ],
              [
                12.7544931,
                50.093062
              ],
              [
                12.7546302,
                50.0931254
              ],
              [
                12.7547813,
                50.0932158
              ],
              [
                12.7548534,
                50.0932417
              ],
              [
                12.7549448,
                50.0932565
              ],
              [
                12.7550835,
                50.09326
              ],
              [
                12.755904,
                50.0931417
              ],
              [
                12.7561419,
                50.0930625
              ],
              [
                12.7562979,
                50.0930029
              ],
              [
                12.7566283,
                50.0929074
              ],
              [
                12.7570727,
                50.0927985
              ],
              [
                12.7570858,
                50.0927459
              ],
              [
                12.7571514,
                50.0927484
              ],
              [
                12.7571434,
                50.0928014
              ],
              [
                12.7572248,
                50.092806
              ],
              [
                12.7571214,
                50.0928798
              ],
              [
                12.7575991,
                50.0931922
              ],
              [
                12.7577296,
                50.0932776
              ],
              [
                12.7586699,
                50.0935636
              ],
              [
                12.7591085,
                50.0937922
              ],
              [
                12.7594054,
                50.0940435
              ],
              [
                12.7596063,
                50.0942136
              ],
              [
                12.7601641,
                50.0943651
              ],
              [
                12.7606106,
                50.0947287
              ],
              [
                12.7606475,
                50.0947587
              ],
              [
                12.7607658,
                50.0949867
              ],
              [
                12.7606518,
                50.0952175
              ],
              [
                12.7603618,
                50.0955077
              ],
              [
                12.7602091,
                50.0956606
              ],
              [
                12.7600457,
                50.0960066
              ],
              [
                12.7596364,
                50.0962089
              ],
              [
                12.7595279,
                50.0962625
              ],
              [
                12.7592773,
                50.0966606
              ],
              [
                12.7585871,
                50.0969655
              ],
              [
                12.7585499,
                50.0970438
              ],
              [
                12.7584514,
                50.097135
              ],
              [
                12.7584032,
                50.0971796
              ],
              [
                12.758362,
                50.0972737
              ],
              [
                12.7583208,
                50.0973677
              ],
              [
                12.7580584,
                50.0975393
              ],
              [
                12.7577986,
                50.0976652
              ],
              [
                12.7577116,
                50.0977994
              ],
              [
                12.7578381,
                50.0979207
              ],
              [
                12.7579416,
                50.0980199
              ],
              [
                12.7581872,
                50.098131
              ],
              [
                12.7584827,
                50.0982647
              ],
              [
                12.7585913,
                50.098329
              ],
              [
                12.7588111,
                50.098459
              ],
              [
                12.7590332,
                50.0987106
              ],
              [
                12.7590335,
                50.0987105
              ],
              [
                12.7590716,
                50.0986937
              ],
              [
                12.7591016,
                50.0986804
              ],
              [
                12.759125,
                50.0986671
              ],
              [
                12.7591413,
                50.0986578
              ],
              [
                12.7592114,
                50.0986211
              ],
              [
                12.7592346,
                50.0984029
              ],
              [
                12.7591316,
                50.0980247
              ],
              [
                12.7591316,
                50.0980244
              ],
              [
                12.7591371,
                50.0979462
              ],
              [
                12.7591373,
                50.0979459
              ],
              [
                12.7592289,
                50.0976701
              ],
              [
                12.7592341,
                50.0976544
              ],
              [
                12.7592342,
                50.0976542
              ],
              [
                12.7594601,
                50.097577
              ],
              [
                12.7595249,
                50.0975549
              ],
              [
                12.7598503,
                50.0975438
              ],
              [
                12.7605737,
                50.0975128
              ],
              [
                12.7615003,
                50.0974791
              ],
              [
                12.761863,
                50.097369
              ],
              [
                12.7623957,
                50.0972073
              ],
              [
                12.7624675,
                50.0971765
              ],
              [
                12.7628234,
                50.0970238
              ],
              [
                12.7629469,
                50.0970354
              ],
              [
                12.7631301,
                50.0970527
              ],
              [
                12.7633302,
                50.0970223
              ],
              [
                12.7637865,
                50.0970585
              ],
              [
                12.7638451,
                50.0970809
              ],
              [
                12.7640345,
                50.0971533
              ],
              [
                12.76406,
                50.0971588
              ],
              [
                12.7640909,
                50.0971655
              ],
              [
                12.7647621,
                50.0973503
              ],
              [
                12.7649182,
                50.0974129
              ],
              [
                12.7654437,
                50.0976236
              ],
              [
                12.7655529,
                50.0976894
              ],
              [
                12.7656971,
                50.0977763
              ],
              [
                12.7658954,
                50.0978149
              ],
              [
                12.7660399,
                50.0978936
              ],
              [
                12.7668284,
                50.0980049
              ],
              [
                12.767221,
                50.098057
              ],
              [
                12.7675378,
                50.098099
              ],
              [
                12.7679058,
                50.0981561
              ],
              [
                12.7683577,
                50.0982263
              ],
              [
                12.7685458,
                50.0983029
              ],
              [
                12.768594,
                50.0983226
              ],
              [
                12.7685943,
                50.0983226
              ],
              [
                12.7687776,
                50.0983387
              ],
              [
                12.769372,
                50.098391
              ],
              [
                12.7704803,
                50.0983713
              ],
              [
                12.7705312,
                50.0983704
              ],
              [
                12.7712121,
                50.0983584
              ],
              [
                12.7718609,
                50.0983543
              ],
              [
                12.7718611,
                50.0983543
              ],
              [
                12.7725253,
                50.0983453
              ],
              [
                12.7731947,
                50.0983387
              ],
              [
                12.7741539,
                50.0984576
              ],
              [
                12.7747733,
                50.0985214
              ],
              [
                12.7751755,
                50.0985929
              ],
              [
                12.7756507,
                50.0985708
              ],
              [
                12.7758933,
                50.0985629
              ],
              [
                12.7761071,
                50.0985559
              ],
              [
                12.7765869,
                50.0986094
              ],
              [
                12.7767595,
                50.0986286
              ],
              [
                12.777145,
                50.0986428
              ],
              [
                12.777467,
                50.0986898
              ],
              [
                12.7778262,
                50.0987421
              ],
              [
                12.7782132,
                50.0988219
              ],
              [
                12.7784708,
                50.0988749
              ],
              [
                12.7789612,
                50.0989737
              ],
              [
                12.7793835,
                50.09909
              ],
              [
                12.7794468,
                50.0991155
              ],
              [
                12.7797058,
                50.0992196
              ],
              [
                12.7797062,
                50.0992198
              ],
              [
                12.7798084,
                50.099253
              ],
              [
                12.7806187,
                50.099504
              ],
              [
                12.7808181,
                50.0995783
              ],
              [
                12.7813593,
                50.0997797
              ],
              [
                12.7815845,
                50.0998638
              ],
              [
                12.7817736,
                50.0999516
              ],
              [
                12.781998,
                50.1000557
              ],
              [
                12.7825393,
                50.1001756
              ],
              [
                12.7826282,
                50.1001953
              ],
              [
                12.7830905,
                50.1003494
              ],
              [
                12.7834962,
                50.1004238
              ],
              [
                12.783725,
                50.1004657
              ],
              [
                12.7838664,
                50.1004605
              ],
              [
                12.7839721,
                50.1004565
              ],
              [
                12.7840675,
                50.1004629
              ],
              [
                12.7845663,
                50.1004959
              ],
              [
                12.7849785,
                50.1004827
              ],
              [
                12.785268,
                50.1004734
              ],
              [
                12.7856111,
                50.1004929
              ],
              [
                12.7858412,
                50.100506
              ],
              [
                12.7858947,
                50.1005043
              ],
              [
                12.7860381,
                50.1004998
              ],
              [
                12.7863686,
                50.1004952
              ],
              [
                12.7867224,
                50.1004901
              ],
              [
                12.7873045,
                50.1004818
              ],
              [
                12.7876994,
                50.1004761
              ],
              [
                12.7877787,
                50.100475
              ],
              [
                12.7880156,
                50.1004727
              ],
              [
                12.7882792,
                50.1004701
              ],
              [
                12.7883508,
                50.1004779
              ],
              [
                12.788352,
                50.1004721
              ],
              [
                12.7883533,
                50.1004657
              ],
              [
                12.7885252,
                50.1004969
              ],
              [
                12.7886389,
                50.1005176
              ],
              [
                12.7890309,
                50.1005888
              ],
              [
                12.7893158,
                50.100671
              ],
              [
                12.7895225,
                50.100765
              ],
              [
                12.7895816,
                50.1008286
              ],
              [
                12.7897426,
                50.1010017
              ],
              [
                12.7897413,
                50.1010555
              ],
              [
                12.7897336,
                50.1013698
              ],
              [
                12.7897336,
                50.1013727
              ],
              [
                12.7897715,
                50.1014118
              ],
              [
                12.7899465,
                50.1015919
              ],
              [
                12.7900981,
                50.1016993
              ],
              [
                12.7904569,
                50.1019535
              ],
              [
                12.7906293,
                50.1021231
              ],
              [
                12.7906431,
                50.1021459
              ],
              [
                12.7906481,
                50.1021542
              ],
              [
                12.7907185,
                50.1022707
              ],
              [
                12.7907799,
                50.1024761
              ],
              [
                12.7908068,
                50.1025662
              ],
              [
                12.7908396,
                50.1026759
              ],
              [
                12.79101,
                50.1029605
              ],
              [
                12.7911066,
                50.1030878
              ],
              [
                12.7911948,
                50.1031757
              ],
              [
                12.7913362,
                50.1032337
              ],
              [
                12.7914016,
                50.1032374
              ],
              [
                12.7918988,
                50.1032649
              ],
              [
                12.7920896,
                50.1032803
              ],
              [
                12.7924584,
                50.1033314
              ],
              [
                12.7925681,
                50.1033841
              ],
              [
                12.7926101,
                50.1034043
              ],
              [
                12.7926306,
                50.1034141
              ],
              [
                12.7927017,
                50.103487
              ],
              [
                12.7927411,
                50.1035554
              ],
              [
                12.7927465,
                50.1036161
              ],
              [
                12.7926536,
                50.1036817
              ],
              [
                12.7919532,
                50.1041939
              ],
              [
                12.7917089,
                50.1043134
              ],
              [
                12.7915663,
                50.1043773
              ],
              [
                12.7911782,
                50.1045163
              ],
              [
                12.790849,
                50.1046524
              ],
              [
                12.7903156,
                50.1049426
              ],
              [
                12.7900834,
                50.1050448
              ],
              [
                12.7896693,
                50.1051997
              ],
              [
                12.7893098,
                50.1053505
              ],
              [
                12.7889682,
                50.1055116
              ],
              [
                12.7885766,
                50.1056652
              ],
              [
                12.7880215,
                50.1059509
              ],
              [
                12.7877789,
                50.1060746
              ],
              [
                12.7872262,
                50.1064067
              ],
              [
                12.7871137,
                50.1064474
              ],
              [
                12.7863917,
                50.1066343
              ],
              [
                12.7859789,
                50.1067052
              ],
              [
                12.7856251,
                50.1067431
              ]
            ],
            [
              [
                12.7319748,
                50.0631477
              ],
              [
                12.7321373,
                50.0632838
              ],
              [
                12.7321301,
                50.0632773
              ],
              [
                12.7319151,
                50.0630859
              ],
              [
                12.7319123,
                50.0630834
              ],
              [
                12.7319748,
                50.0631477
              ]
            ],
            [
              [
                12.7057658,
                50.0516881
              ],
              [
                12.7057017,
                50.0517826
              ],
              [
                12.7055442,
                50.0519456
              ],
              [
                12.7052822,
                50.0521671
              ],
              [
                12.7050772,
                50.0523222
              ],
              [
                12.7046202,
                50.052587
              ],
              [
                12.7041007,
                50.0528628
              ],
              [
                12.7037296,
                50.0530692
              ],
              [
                12.7035544,
                50.053169
              ],
              [
                12.7034463,
                50.0532818
              ],
              [
                12.7033932,
                50.0534002
              ],
              [
                12.7033931,
                50.0534004
              ],
              [
                12.7034462,
                50.0532821
              ],
              [
                12.7035543,
                50.0531693
              ],
              [
                12.7037295,
                50.0530696
              ],
              [
                12.7041006,
                50.0528631
              ],
              [
                12.7046201,
                50.0525874
              ],
              [
                12.7050771,
                50.0523225
              ],
              [
                12.7052821,
                50.0521674
              ],
              [
                12.7055441,
                50.0519459
              ],
              [
                12.7057016,
                50.051783
              ],
              [
                12.7057657,
                50.0516884
              ],
              [
                12.705848,
                50.0515032
              ],
              [
                12.7058481,
                50.0515029
              ],
              [
                12.7057658,
                50.0516881
              ]
            ],
            [
              [
                12.7037074,
                50.0504567
              ],
              [
                12.7036414,
                50.0505048
              ],
              [
                12.7035871,
                50.0505426
              ],
              [
                12.7035364,
                50.0505836
              ],
              [
                12.7035363,
                50.0505839
              ],
              [
                12.703587,
                50.0505429
              ],
              [
                12.7036414,
                50.0505051
              ],
              [
                12.7037073,
                50.050457
              ],
              [
                12.703751,
                50.0503719
              ],
              [
                12.703751,
                50.0503718
              ],
              [
                12.7037074,
                50.0504567
              ]
            ],
            [
              [
                12.7025779,
                50.0501225
              ],
              [
                12.7026587,
                50.0501309
              ],
              [
                12.7026317,
                50.0501219
              ],
              [
                12.7025779,
                50.0501225
              ]
            ]
          ],
          [
            [
              [
                12.6787157,
                50.02535
              ],
              [
                12.678222,
                50.0259627
              ],
              [
                12.6779499,
                50.026756
              ],
              [
                12.6776773,
                50.0271293
              ],
              [
                12.6776074,
                50.0273368
              ],
              [
                12.6775731,
                50.0281616
              ],
              [
                12.6774862,
                50.0283401
              ],
              [
                12.6771044,
                50.0283081
              ],
              [
                12.6767498,
                50.0283037
              ],
              [
                12.6762236,
                50.0282292
              ],
              [
                12.676131,
                50.0281325
              ],
              [
                12.6748623,
                50.0279153
              ],
              [
                12.6743871,
                50.0277895
              ],
              [
                12.6727763,
                50.0272288
              ],
              [
                12.6715683,
                50.0268404
              ],
              [
                12.6721931,
                50.026267
              ],
              [
                12.6730377,
                50.0261702
              ],
              [
                12.6741937,
                50.0250857
              ],
              [
                12.6750111,
                50.0244639
              ],
              [
                12.6762425,
                50.0248146
              ],
              [
                12.676979,
                50.0249847
              ],
              [
                12.6789314,
                50.0248738
              ],
              [
                12.6787157,
                50.02535
              ]
            ]
          ],
          [
            [
              [
                12.6966553,
                50.0506007
              ],
              [
                12.696721,
                50.0513066
              ],
              [
                12.6966004,
                50.0520406
              ],
              [
                12.696503,
                50.0523665
              ],
              [
                12.6960515,
                50.0522755
              ],
              [
                12.6959777,
                50.0521491
              ],
              [
                12.6958715,
                50.052026
              ],
              [
                12.6942077,
                50.0518092
              ],
              [
                12.6935213,
                50.0516666
              ],
              [
                12.6936237,
                50.0511105
              ],
              [
                12.6940605,
                50.0507555
              ],
              [
                12.6948098,
                50.0504362
              ],
              [
                12.6951834,
                50.0503121
              ],
              [
                12.6956325,
                50.0502027
              ],
              [
                12.6958553,
                50.0501545
              ],
              [
                12.6963856,
                50.0500365
              ],
              [
                12.6966553,
                50.0506007
              ]
            ]
          ],
          [
            [
              [
                12.7861598,
                50.1085239
              ],
              [
                12.7861751,
                50.1085604
              ],
              [
                12.7861967,
                50.1086469
              ],
              [
                12.7861781,
                50.1086462
              ],
              [
                12.7861486,
                50.108554
              ],
              [
                12.7859563,
                50.1085065
              ],
              [
                12.7857427,
                50.1084617
              ],
              [
                12.7856088,
                50.1084575
              ],
              [
                12.7855327,
                50.1084774
              ],
              [
                12.7851735,
                50.1084983
              ],
              [
                12.785099,
                50.1084665
              ],
              [
                12.7845072,
                50.1082177
              ],
              [
                12.7842294,
                50.108047
              ],
              [
                12.7842036,
                50.1080455
              ],
              [
                12.7841846,
                50.1080315
              ],
              [
                12.7841111,
                50.1079505
              ],
              [
                12.7840579,
                50.1078932
              ],
              [
                12.784088,
                50.1078626
              ],
              [
                12.784169,
                50.1077781
              ],
              [
                12.7841129,
                50.1076194
              ],
              [
                12.7840815,
                50.1076101
              ],
              [
                12.78403,
                50.1075916
              ],
              [
                12.7839473,
                50.1075024
              ],
              [
                12.7835956,
                50.107365
              ],
              [
                12.7835237,
                50.1073154
              ],
              [
                12.7835056,
                50.1072678
              ],
              [
                12.7835067,
                50.107233
              ],
              [
                12.783484,
                50.1071511
              ],
              [
                12.7834701,
                50.1070943
              ],
              [
                12.7834601,
                50.1070668
              ],
              [
                12.783349,
                50.106971
              ],
              [
                12.7833033,
                50.106929
              ],
              [
                12.7831948,
                50.1068455
              ],
              [
                12.7831362,
                50.1066914
              ],
              [
                12.7833833,
                50.106565
              ],
              [
                12.7834287,
                50.1064891
              ],
              [
                12.7834477,
                50.1064565
              ],
              [
                12.7834591,
                50.1064692
              ],
              [
                12.7834415,
                50.1065036
              ],
              [
                12.7834166,
                50.1065844
              ],
              [
                12.7831562,
                50.1067073
              ],
              [
                12.7832136,
                50.1067749
              ],
              [
                12.7832336,
                50.1067816
              ],
              [
                12.7832732,
                50.1068628
              ],
              [
                12.7834003,
                50.1069485
              ],
              [
                12.7834925,
                50.1070691
              ],
              [
                12.7835231,
                50.1071865
              ],
              [
                12.7835362,
                50.1072276
              ],
              [
                12.7835205,
                50.1072681
              ],
              [
                12.7835646,
                50.1073016
              ],
              [
                12.7836335,
                50.1073484
              ],
              [
                12.7839717,
                50.1074868
              ],
              [
                12.7840575,
                50.1075788
              ],
              [
                12.7841396,
                50.1076101
              ],
              [
                12.7841948,
                50.1077796
              ],
              [
                12.7841074,
                50.1078826
              ],
              [
                12.7841893,
                50.1079898
              ],
              [
                12.7845581,
                50.108194
              ],
              [
                12.7851091,
                50.1084411
              ],
              [
                12.7851815,
                50.1084738
              ],
              [
                12.7855523,
                50.108459
              ],
              [
                12.7856154,
                50.1084462
              ],
              [
                12.7857494,
                50.1084419
              ],
              [
                12.7859008,
                50.1084659
              ],
              [
                12.7861598,
                50.1085239
              ]
            ]
          ]
        ]
      },
      "properties": {
        "zdroj": "NPÚ, Památkový geografický informační systém",
        "nazev": "vodní dílo Dlouhá stoka s rybníky Kladským a Novým",
        "ochrana_kod": "KP",
        "ochrana": "kulturní památka",
        "unesco": false,
        "upresneni_ochrany": "NEM",
        "rejstrik": "100490",
        "prstav_id": "121655",
        "chraneno": true,
        "faze_ochrany": "památkově chráněno",
        "rok_zapisu": 2003,
        "url": "https://pamatkovykatalog.cz/pravni-ochrana/x-121655",
        "prislusnost_k_obci": "ÚSKP: obec uvedena u záznamu"
      }
    },
    {
      "type": "Feature",
      "geometry": {
        "type": "MultiPolygon",
        "coordinates": [
          [
            [
              [
                12.7027321,
                49.9816943
              ],
              [
                12.7027262,
                49.981692
              ],
              [
                12.7027283,
                49.9816896
              ],
              [
                12.7027131,
                49.9816836
              ],
              [
                12.702711,
                49.9816859
              ],
              [
                12.7027051,
                49.9816836
              ],
              [
                12.7027099,
                49.9816783
              ],
              [
                12.7026981,
                49.9816737
              ],
              [
                12.7026927,
                49.9816745
              ],
              [
                12.7026908,
                49.9816696
              ],
              [
                12.7026962,
                49.9816687
              ],
              [
                12.7026991,
                49.9816657
              ],
              [
                12.7026849,
                49.98166
              ],
              [
                12.702686,
                49.9816588
              ],
              [
                12.7026652,
                49.9816507
              ],
              [
                12.7026669,
                49.9816488
              ],
              [
                12.7026385,
                49.9816375
              ],
              [
                12.702648,
                49.981626
              ],
              [
                12.702677,
                49.981637
              ],
              [
                12.7026794,
                49.9816347
              ],
              [
                12.7027009,
                49.9816428
              ],
              [
                12.702702,
                49.9816416
              ],
              [
                12.7027165,
                49.9816471
              ],
              [
                12.7027192,
                49.9816439
              ],
              [
                12.7027183,
                49.9816402
              ],
              [
                12.7027259,
                49.9816391
              ],
              [
                12.7027273,
                49.9816427
              ],
              [
                12.7027396,
                49.9816478
              ],
              [
                12.7027447,
                49.9816426
              ],
              [
                12.7027506,
                49.9816451
              ],
              [
                12.7027483,
                49.9816473
              ],
              [
                12.7027635,
                49.9816535
              ],
              [
                12.7027657,
                49.9816512
              ],
              [
                12.7027716,
                49.9816536
              ],
              [
                12.7027663,
                49.981659
              ],
              [
                12.7027834,
                49.9816659
              ],
              [
                12.7027783,
                49.9816699
              ],
              [
                12.7027854,
                49.9816726
              ],
              [
                12.702765,
                49.9816941
              ],
              [
                12.7027578,
                49.9816913
              ],
              [
                12.7027538,
                49.9816955
              ],
              [
                12.7027372,
                49.9816889
              ],
              [
                12.7027321,
                49.9816943
              ]
            ]
          ]
        ]
      },
      "properties": {
        "zdroj": "NPÚ, Památkový geografický informační systém",
        "nazev": "kaple Bolestné P. Marie",
        "ochrana_kod": "KP",
        "ochrana": "kulturní památka",
        "unesco": false,
        "upresneni_ochrany": "NEM",
        "rejstrik": "29254/4-5187",
        "prstav_id": "119004",
        "chraneno": true,
        "faze_ochrany": "památkově chráněno",
        "rok_zapisu": 2000,
        "url": "https://pamatkovykatalog.cz/pravni-ochrana/x-119004",
        "prislusnost_k_obci": "ÚSKP: obec uvedena u záznamu"
      }
    },
    {
      "type": "Feature",
      "geometry": {
        "type": "MultiPolygon",
        "coordinates": [
          [
            [
              [
                12.7207524,
                49.9524413
              ],
              [
                12.7202703,
                49.9524363
              ],
              [
                12.7202095,
                49.9523886
              ],
              [
                12.7202035,
                49.9523837
              ],
              [
                12.7202096,
                49.9523516
              ],
              [
                12.7201366,
                49.9523461
              ],
              [
                12.7201455,
                49.9522975
              ],
              [
                12.7202188,
                49.9523033
              ],
              [
                12.7202251,
                49.9522709
              ],
              [
                12.7202327,
                49.9522667
              ],
              [
                12.7202337,
                49.9522205
              ],
              [
                12.7202391,
                49.9521813
              ],
              [
                12.7203087,
                49.9521862
              ],
              [
                12.7203431,
                49.952189
              ],
              [
                12.7203689,
                49.9520828
              ],
              [
                12.720634,
                49.9521077
              ],
              [
                12.720785,
                49.9521247
              ],
              [
                12.7207683,
                49.9522205
              ],
              [
                12.7208656,
                49.9522286
              ],
              [
                12.7209338,
                49.9522333
              ],
              [
                12.7209303,
                49.9522592
              ],
              [
                12.7208602,
                49.9522577
              ],
              [
                12.7208573,
                49.9522732
              ],
              [
                12.7208286,
                49.9522708
              ],
              [
                12.720761,
                49.9522649
              ],
              [
                12.7207584,
                49.9522931
              ],
              [
                12.7207524,
                49.9524413
              ]
            ]
          ]
        ]
      },
      "properties": {
        "zdroj": "NPÚ, Památkový geografický informační systém",
        "nazev": "kostel sv. Antonína Paduánského s farou",
        "ochrana_kod": "KP",
        "ochrana": "kulturní památka",
        "unesco": false,
        "upresneni_ochrany": "NEM",
        "rejstrik": "102224",
        "prstav_id": "632084673",
        "chraneno": true,
        "faze_ochrany": "památkově chráněno",
        "rok_zapisu": 2007,
        "url": "https://pamatkovykatalog.cz/pravni-ochrana/x-632084673",
        "prislusnost_k_obci": "ÚSKP: obec uvedena u záznamu"
      }
    },
    {
      "type": "Feature",
      "geometry": {
        "type": "MultiPolygon",
        "coordinates": [
          [
            [
              [
                12.7079112,
                49.9743197
              ],
              [
                12.707925,
                49.97432
              ],
              [
                12.7079261,
                49.9742908
              ],
              [
                12.7079634,
                49.974291
              ],
              [
                12.7079639,
                49.9742695
              ],
              [
                12.7079727,
                49.9742682
              ],
              [
                12.70806,
                49.9742644
              ],
              [
                12.7080601,
                49.9742657
              ],
              [
                12.7080676,
                49.9742654
              ],
              [
                12.7080678,
                49.9742677
              ],
              [
                12.7081412,
                49.9742672
              ],
              [
                12.7083961,
                49.9742639
              ],
              [
                12.7084795,
                49.9742618
              ],
              [
                12.7086889,
                49.974258
              ],
              [
                12.7089395,
                49.9742543
              ],
              [
                12.7091487,
                49.9742482
              ],
              [
                12.7091902,
                49.9742481
              ],
              [
                12.709232,
                49.9742481
              ],
              [
                12.7093577,
                49.9742489
              ],
              [
                12.7093998,
                49.9742482
              ],
              [
                12.7094419,
                49.9742465
              ],
              [
                12.7095402,
                49.9742413
              ],
              [
                12.7096089,
                49.9742373
              ],
              [
                12.7104683,
                49.9741797
              ],
              [
                12.7106432,
                49.9741743
              ],
              [
                12.7107536,
                49.9741722
              ],
              [
                12.7107552,
                49.974177
              ],
              [
                12.7106394,
                49.9741919
              ],
              [
                12.7104649,
                49.974216
              ],
              [
                12.7104715,
                49.9742344
              ],
              [
                12.7106028,
                49.9742282
              ],
              [
                12.7106059,
                49.9742541
              ],
              [
                12.7106073,
                49.9742651
              ],
              [
                12.7106051,
                49.9742651
              ],
              [
                12.7106087,
                49.9742939
              ],
              [
                12.7106153,
                49.9744095
              ],
              [
                12.7105615,
                49.9744172
              ],
              [
                12.7105086,
                49.9744855
              ],
              [
                12.7104632,
                49.9745051
              ],
              [
                12.7104308,
                49.9745085
              ],
              [
                12.7103886,
                49.974492
              ],
              [
                12.710239,
                49.9744235
              ],
              [
                12.7101373,
                49.9744353
              ],
              [
                12.709916,
                49.9744831
              ],
              [
                12.7098456,
                49.9744997
              ],
              [
                12.7098155,
                49.9745031
              ],
              [
                12.7097994,
                49.9745025
              ],
              [
                12.7098068,
                49.9745194
              ],
              [
                12.7098357,
                49.9745174
              ],
              [
                12.7098597,
                49.9745134
              ],
              [
                12.7099244,
                49.9744981
              ],
              [
                12.7100775,
                49.9744628
              ],
              [
                12.7101359,
                49.9744569
              ],
              [
                12.7102368,
                49.9744577
              ],
              [
                12.7102868,
                49.9744781
              ],
              [
                12.7104204,
                49.9745326
              ],
              [
                12.7104731,
                49.97453
              ],
              [
                12.7105226,
                49.9745045
              ],
              [
                12.7105943,
                49.9744458
              ],
              [
                12.7106346,
                49.9744676
              ],
              [
                12.7106931,
                49.9744886
              ],
              [
                12.7107849,
                49.9744971
              ],
              [
                12.7108812,
                49.9744808
              ],
              [
                12.7110027,
                49.9744957
              ],
              [
                12.7110576,
                49.9745038
              ],
              [
                12.7112419,
                49.9745176
              ],
              [
                12.7114211,
                49.9744972
              ],
              [
                12.7115942,
                49.9744872
              ],
              [
                12.7116273,
                49.9745002
              ],
              [
                12.7116923,
                49.974541
              ],
              [
                12.7117818,
                49.9745773
              ],
              [
                12.7117797,
                49.9746092
              ],
              [
                12.7115117,
                49.9747481
              ],
              [
                12.7114882,
                49.9747945
              ],
              [
                12.7114626,
                49.9748202
              ],
              [
                12.7113904,
                49.974863
              ],
              [
                12.7113237,
                49.9748968
              ],
              [
                12.7111929,
                49.97496
              ],
              [
                12.7111251,
                49.9749834
              ],
              [
                12.711048,
                49.9749951
              ],
              [
                12.7109707,
                49.9750056
              ],
              [
                12.710829,
                49.975025
              ],
              [
                12.7107867,
                49.9749601
              ],
              [
                12.710831,
                49.9749481
              ],
              [
                12.7108098,
                49.9749157
              ],
              [
                12.7107656,
                49.9749277
              ],
              [
                12.7103402,
                49.9750422
              ],
              [
                12.7103267,
                49.9750212
              ],
              [
                12.7101839,
                49.9750597
              ],
              [
                12.710197,
                49.9750798
              ],
              [
                12.7098046,
                49.9751825
              ],
              [
                12.7098003,
                49.9751758
              ],
              [
                12.7096959,
                49.9752042
              ],
              [
                12.7096854,
                49.9751875
              ],
              [
                12.7092205,
                49.9753116
              ],
              [
                12.709198,
                49.9752755
              ],
              [
                12.7091384,
                49.9751793
              ],
              [
                12.7090887,
                49.975192
              ],
              [
                12.7090875,
                49.9751905
              ],
              [
                12.7089679,
                49.9752217
              ],
              [
                12.708966,
                49.9752183
              ],
              [
                12.7089699,
                49.9752174
              ],
              [
                12.7089686,
                49.9752149
              ],
              [
                12.7089715,
                49.9752142
              ],
              [
                12.708954,
                49.9751821
              ],
              [
                12.7089501,
                49.9751831
              ],
              [
                12.7089487,
                49.9751804
              ],
              [
                12.7089448,
                49.9751812
              ],
              [
                12.7089413,
                49.9751749
              ],
              [
                12.7089452,
                49.9751739
              ],
              [
                12.7089437,
                49.9751715
              ],
              [
                12.7089452,
                49.975171
              ],
              [
                12.7089313,
                49.9751476
              ],
              [
                12.7087851,
                49.9751818
              ],
              [
                12.7087544,
                49.9751275
              ],
              [
                12.7088988,
                49.9750939
              ],
              [
                12.708898,
                49.9750924
              ],
              [
                12.7089005,
                49.9750918
              ],
              [
                12.7088918,
                49.9750772
              ],
              [
                12.7088848,
                49.9750653
              ],
              [
                12.7088886,
                49.9750643
              ],
              [
                12.708882,
                49.9750532
              ],
              [
                12.708497,
                49.9750496
              ],
              [
                12.7084957,
                49.975088
              ],
              [
                12.708325,
                49.9750858
              ],
              [
                12.7083281,
                49.9750479
              ],
              [
                12.7083144,
                49.9750474
              ],
              [
                12.7083168,
                49.974881
              ],
              [
                12.7083119,
                49.9748808
              ],
              [
                12.708269,
                49.97488
              ],
              [
                12.7082722,
                49.9747826
              ],
              [
                12.7083156,
                49.9747836
              ],
              [
                12.7083191,
                49.9747837
              ],
              [
                12.7083234,
                49.9746172
              ],
              [
                12.7083297,
                49.9746173
              ],
              [
                12.7083381,
                49.9744448
              ],
              [
                12.7082786,
                49.9744442
              ],
              [
                12.7082058,
                49.9744439
              ],
              [
                12.7082058,
                49.9744452
              ],
              [
                12.7082049,
                49.9744503
              ],
              [
                12.7082027,
                49.9744552
              ],
              [
                12.7081992,
                49.9744598
              ],
              [
                12.7081945,
                49.9744639
              ],
              [
                12.7081888,
                49.9744675
              ],
              [
                12.7081822,
                49.9744703
              ],
              [
                12.708175,
                49.9744724
              ],
              [
                12.7081673,
                49.9744737
              ],
              [
                12.7081594,
                49.9744741
              ],
              [
                12.7081515,
                49.9744736
              ],
              [
                12.7081438,
                49.9744722
              ],
              [
                12.7081366,
                49.97447
              ],
              [
                12.7081302,
                49.9744671
              ],
              [
                12.7081246,
                49.9744635
              ],
              [
                12.70812,
                49.9744593
              ],
              [
                12.7081167,
                49.9744546
              ],
              [
                12.7081146,
                49.9744497
              ],
              [
                12.7081139,
                49.9744446
              ],
              [
                12.7081139,
                49.9744432
              ],
              [
                12.7079684,
                49.9744418
              ],
              [
                12.7079687,
                49.9744318
              ],
              [
                12.7079393,
                49.9744316
              ],
              [
                12.7079395,
                49.974419
              ],
              [
                12.7079226,
                49.9744189
              ],
              [
                12.7079233,
                49.9743987
              ],
              [
                12.7079093,
                49.9743986
              ],
              [
                12.7079106,
                49.9743532
              ],
              [
                12.7079015,
                49.974353
              ],
              [
                12.7079022,
                49.9743297
              ],
              [
                12.7079112,
                49.9743295
              ],
              [
                12.7079112,
                49.9743197
              ]
            ]
          ]
        ]
      },
      "properties": {
        "zdroj": "NPÚ, Památkový geografický informační systém",
        "nazev": "lázeňský dům - Centrální lázně",
        "ochrana_kod": "KP",
        "ochrana": "kulturní památka",
        "unesco": false,
        "upresneni_ochrany": "NEM",
        "rejstrik": "102064",
        "prstav_id": "260993283",
        "chraneno": true,
        "faze_ochrany": "památkově chráněno",
        "rok_zapisu": 2006,
        "url": "https://pamatkovykatalog.cz/pravni-ochrana/x-260993283",
        "prislusnost_k_obci": "ÚSKP: obec uvedena u záznamu"
      }
    },
    {
      "type": "Feature",
      "geometry": {
        "type": "MultiPolygon",
        "coordinates": [
          [
            [
              [
                12.7065628,
                49.9633631
              ],
              [
                12.7061356,
                49.963513
              ],
              [
                12.7063325,
                49.96321
              ],
              [
                12.7064474,
                49.962827
              ],
              [
                12.706627,
                49.9623741
              ],
              [
                12.7067186,
                49.9621819
              ],
              [
                12.7066522,
                49.962159
              ],
              [
                12.7066479,
                49.9621576
              ],
              [
                12.7066545,
                49.962149
              ],
              [
                12.7066941,
                49.9621035
              ],
              [
                12.7066955,
                49.962104
              ],
              [
                12.7066959,
                49.9621041
              ],
              [
                12.7067261,
                49.9621149
              ],
              [
                12.7067619,
                49.9621277
              ],
              [
                12.706989,
                49.961873
              ],
              [
                12.7072457,
                49.9615892
              ],
              [
                12.7072658,
                49.9615715
              ],
              [
                12.7073104,
                49.9615319
              ],
              [
                12.7073306,
                49.961543
              ],
              [
                12.7073102,
                49.9615582
              ],
              [
                12.707355,
                49.9615833
              ],
              [
                12.7074085,
                49.9615428
              ],
              [
                12.7073639,
                49.9615181
              ],
              [
                12.707348,
                49.96153
              ],
              [
                12.7073267,
                49.9615185
              ],
              [
                12.7074373,
                49.9614639
              ],
              [
                12.7077636,
                49.9613733
              ],
              [
                12.7078148,
                49.9613939
              ],
              [
                12.7079295,
                49.9612734
              ],
              [
                12.7080062,
                49.9611528
              ],
              [
                12.7080832,
                49.9615385
              ],
              [
                12.7080212,
                49.9618872
              ],
              [
                12.707819,
                49.9623046
              ],
              [
                12.7078098,
                49.9624887
              ],
              [
                12.7078154,
                49.962482
              ],
              [
                12.7078972,
                49.9625105
              ],
              [
                12.7078347,
                49.962585
              ],
              [
                12.7077529,
                49.9625565
              ],
              [
                12.7065628,
                49.9633631
              ]
            ],
            [
              [
                12.7071789,
                49.9619282
              ],
              [
                12.7072132,
                49.9619918
              ],
              [
                12.7072884,
                49.9619744
              ],
              [
                12.7072828,
                49.9619644
              ],
              [
                12.707245,
                49.9619731
              ],
              [
                12.7072149,
                49.9619203
              ],
              [
                12.7071789,
                49.9619282
              ]
            ]
          ]
        ]
      },
      "properties": {
        "zdroj": "NPÚ, Památkový geografický informační systém",
        "nazev": "kolonáda Ferdinandova pramene",
        "ochrana_kod": "KP",
        "ochrana": "kulturní památka",
        "unesco": false,
        "upresneni_ochrany": "NEM",
        "rejstrik": "28397/4-4258",
        "prstav_id": "139697",
        "chraneno": true,
        "faze_ochrany": "památkově chráněno",
        "rok_zapisu": 1958,
        "url": "https://pamatkovykatalog.cz/pravni-ochrana/x-139697",
        "prislusnost_k_obci": "ÚSKP: obec uvedena u záznamu"
      }
    },
    {
      "type": "Feature",
      "geometry": {
        "type": "MultiPolygon",
        "coordinates": [
          [
            [
              [
                12.7062903,
                49.9748019
              ],
              [
                12.7058162,
                49.974764
              ],
              [
                12.7057847,
                49.9747585
              ],
              [
                12.705766,
                49.9747513
              ],
              [
                12.7057505,
                49.9747421
              ],
              [
                12.7057375,
                49.9747314
              ],
              [
                12.7057268,
                49.9747154
              ],
              [
                12.7057234,
                49.9747017
              ],
              [
                12.7054635,
                49.9746584
              ],
              [
                12.7054423,
                49.9746685
              ],
              [
                12.7054273,
                49.974673
              ],
              [
                12.7054116,
                49.9746759
              ],
              [
                12.7053954,
                49.9746771
              ],
              [
                12.7053799,
                49.9746768
              ],
              [
                12.705363,
                49.9746746
              ],
              [
                12.705297,
                49.9746556
              ],
              [
                12.704851,
                49.9745025
              ],
              [
                12.7048352,
                49.9744962
              ],
              [
                12.7048845,
                49.9743785
              ],
              [
                12.7049443,
                49.9742378
              ],
              [
                12.7050435,
                49.9740029
              ],
              [
                12.705054,
                49.9740009
              ],
              [
                12.7056037,
                49.9740981
              ],
              [
                12.7057583,
                49.9741286
              ],
              [
                12.7057499,
                49.9741477
              ],
              [
                12.7058991,
                49.974174
              ],
              [
                12.7064539,
                49.97424
              ],
              [
                12.7067104,
                49.9742461
              ],
              [
                12.7067828,
                49.9742478
              ],
              [
                12.7067727,
                49.9742709
              ],
              [
                12.7067546,
                49.9743109
              ],
              [
                12.7067455,
                49.9743318
              ],
              [
                12.7067451,
                49.974334
              ],
              [
                12.7067242,
                49.9743301
              ],
              [
                12.7066508,
                49.9743163
              ],
              [
                12.7066481,
                49.9743224
              ],
              [
                12.7066448,
                49.9743217
              ],
              [
                12.7066438,
                49.9743239
              ],
              [
                12.7065934,
                49.9743144
              ],
              [
                12.7065943,
                49.9743122
              ],
              [
                12.7065911,
                49.9743116
              ],
              [
                12.7065937,
                49.9743056
              ],
              [
                12.7065797,
                49.9743029
              ],
              [
                12.7065711,
                49.9743233
              ],
              [
                12.7065387,
                49.9743994
              ],
              [
                12.7065276,
                49.9743974
              ],
              [
                12.7065148,
                49.9743948
              ],
              [
                12.7065082,
                49.9744102
              ],
              [
                12.7065321,
                49.9744148
              ],
              [
                12.7065256,
                49.9744302
              ],
              [
                12.7065221,
                49.9744387
              ],
              [
                12.7065163,
                49.9744447
              ],
              [
                12.7065104,
                49.974448
              ],
              [
                12.7065029,
                49.9744494
              ],
              [
                12.7064916,
                49.9744493
              ],
              [
                12.7064814,
                49.9744732
              ],
              [
                12.7064916,
                49.9744771
              ],
              [
                12.7064963,
                49.9744812
              ],
              [
                12.7064988,
                49.974486
              ],
              [
                12.7064979,
                49.9744935
              ],
              [
                12.706436,
                49.9746426
              ],
              [
                12.7064499,
                49.974645
              ],
              [
                12.7064032,
                49.9747533
              ],
              [
                12.7063891,
                49.9747725
              ],
              [
                12.7063744,
                49.9747846
              ],
              [
                12.7063565,
                49.9747936
              ],
              [
                12.7063329,
                49.9748003
              ],
              [
                12.7063114,
                49.9748027
              ],
              [
                12.7062903,
                49.9748019
              ]
            ]
          ]
        ]
      },
      "properties": {
        "zdroj": "NPÚ, Památkový geografický informační systém",
        "nazev": "lázeňský dům Nové Lázně",
        "ochrana_kod": "KP",
        "ochrana": "kulturní památka",
        "unesco": false,
        "upresneni_ochrany": "NEM",
        "rejstrik": "28105/4-4284",
        "prstav_id": "139386",
        "chraneno": true,
        "faze_ochrany": "památkově chráněno",
        "rok_zapisu": 1958,
        "url": "https://pamatkovykatalog.cz/pravni-ochrana/x-139386",
        "prislusnost_k_obci": "ÚSKP: obec uvedena u záznamu"
      }
    },
    {
      "type": "Feature",
      "geometry": {
        "type": "MultiPolygon",
        "coordinates": [
          [
            [
              [
                12.7080467,
                49.9761375
              ],
              [
                12.7080469,
                49.9761385
              ],
              [
                12.7080468,
                49.9761395
              ],
              [
                12.7080464,
                49.9761405
              ],
              [
                12.7080457,
                49.9761414
              ],
              [
                12.7080448,
                49.9761423
              ],
              [
                12.7080437,
                49.976143
              ],
              [
                12.7080424,
                49.9761436
              ],
              [
                12.708041,
                49.976144
              ],
              [
                12.7080395,
                49.9761443
              ],
              [
                12.7080379,
                49.9761444
              ],
              [
                12.7080364,
                49.9761443
              ],
              [
                12.7080348,
                49.9761441
              ],
              [
                12.7080334,
                49.9761436
              ],
              [
                12.7080321,
                49.9761431
              ],
              [
                12.708031,
                49.9761424
              ],
              [
                12.7080301,
                49.9761415
              ],
              [
                12.7080294,
                49.9761406
              ],
              [
                12.708029,
                49.9761397
              ],
              [
                12.7080288,
                49.9761386
              ],
              [
                12.7080289,
                49.9761376
              ],
              [
                12.7080293,
                49.9761367
              ],
              [
                12.7080299,
                49.9761357
              ],
              [
                12.7080308,
                49.9761349
              ],
              [
                12.7080319,
                49.9761342
              ],
              [
                12.7080332,
                49.9761336
              ],
              [
                12.7079957,
                49.9761122
              ],
              [
                12.7079775,
                49.976126
              ],
              [
                12.7079732,
                49.9761234
              ],
              [
                12.7079744,
                49.9761225
              ],
              [
                12.7079339,
                49.9760991
              ],
              [
                12.7079325,
                49.9761001
              ],
              [
                12.7079281,
                49.9760975
              ],
              [
                12.7079472,
                49.9760844
              ],
              [
                12.7079097,
                49.976063
              ],
              [
                12.7079086,
                49.9760637
              ],
              [
                12.7079073,
                49.9760642
              ],
              [
                12.7079058,
                49.9760646
              ],
              [
                12.7079043,
                49.9760648
              ],
              [
                12.7079028,
                49.9760649
              ],
              [
                12.7079012,
                49.9760648
              ],
              [
                12.7078997,
                49.9760645
              ],
              [
                12.7078984,
                49.976064
              ],
              [
                12.7078971,
                49.9760634
              ],
              [
                12.707896,
                49.9760627
              ],
              [
                12.7078952,
                49.9760619
              ],
              [
                12.7078945,
                49.976061
              ],
              [
                12.7078941,
                49.97606
              ],
              [
                12.707894,
                49.976059
              ],
              [
                12.7078941,
                49.976058
              ],
              [
                12.7078945,
                49.976057
              ],
              [
                12.7078952,
                49.9760561
              ],
              [
                12.7078961,
                49.9760553
              ],
              [
                12.7078972,
                49.9760546
              ],
              [
                12.7078984,
                49.976054
              ],
              [
                12.7078998,
                49.9760536
              ],
              [
                12.7079013,
                49.9760533
              ],
              [
                12.7079029,
                49.9760532
              ],
              [
                12.7079044,
                49.9760533
              ],
              [
                12.7078945,
                49.9759461
              ],
              [
                12.7078544,
                49.9759221
              ],
              [
                12.7078558,
                49.9759212
              ],
              [
                12.7078083,
                49.9758913
              ],
              [
                12.7078395,
                49.9758686
              ],
              [
                12.7076985,
                49.9757863
              ],
              [
                12.7076966,
                49.9757869
              ],
              [
                12.7076945,
                49.9757873
              ],
              [
                12.7076923,
                49.9757874
              ],
              [
                12.7076901,
                49.9757873
              ],
              [
                12.707688,
                49.975787
              ],
              [
                12.707686,
                49.9757864
              ],
              [
                12.7076842,
                49.9757857
              ],
              [
                12.7076826,
                49.9757847
              ],
              [
                12.7076813,
                49.9757836
              ],
              [
                12.7076802,
                49.9757824
              ],
              [
                12.7076795,
                49.9757811
              ],
              [
                12.7076791,
                49.9757797
              ],
              [
                12.7076791,
                49.9757783
              ],
              [
                12.7076795,
                49.9757769
              ],
              [
                12.7076802,
                49.9757756
              ],
              [
                12.7077414,
                49.9757323
              ],
              [
                12.7077433,
                49.9757318
              ],
              [
                12.7077454,
                49.9757314
              ],
              [
                12.7077475,
                49.9757313
              ],
              [
                12.7077496,
                49.9757314
              ],
              [
                12.7077516,
                49.9757317
              ],
              [
                12.7077535,
                49.9757323
              ],
              [
                12.7077553,
                49.975733
              ],
              [
                12.7077569,
                49.9757339
              ],
              [
                12.7077582,
                49.975735
              ],
              [
                12.7077592,
                49.9757361
              ],
              [
                12.70776,
                49.9757374
              ],
              [
                12.7077603,
                49.9757388
              ],
              [
                12.7077604,
                49.9757401
              ],
              [
                12.7077601,
                49.9757415
              ],
              [
                12.7077594,
                49.9757428
              ],
              [
                12.7079,
                49.9758248
              ],
              [
                12.7079312,
                49.9758026
              ],
              [
                12.7079801,
                49.9758312
              ],
              [
                12.7079818,
                49.9758299
              ],
              [
                12.7080232,
                49.9758541
              ],
              [
                12.70819,
                49.9758483
              ],
              [
                12.7081899,
                49.9758473
              ],
              [
                12.70819,
                49.9758463
              ],
              [
                12.7081904,
                49.9758453
              ],
              [
                12.7081911,
                49.9758444
              ],
              [
                12.708192,
                49.9758436
              ],
              [
                12.7081931,
                49.9758429
              ],
              [
                12.7081944,
                49.9758423
              ],
              [
                12.7081958,
                49.9758418
              ],
              [
                12.7081973,
                49.9758416
              ],
              [
                12.7081989,
                49.9758415
              ],
              [
                12.7082004,
                49.9758416
              ],
              [
                12.7082019,
                49.9758418
              ],
              [
                12.7082034,
                49.9758422
              ],
              [
                12.7082047,
                49.9758428
              ],
              [
                12.7082058,
                49.9758435
              ],
              [
                12.7082067,
                49.9758443
              ],
              [
                12.7082074,
                49.9758452
              ],
              [
                12.7082079,
                49.9758462
              ],
              [
                12.708208,
                49.9758472
              ],
              [
                12.7082079,
                49.9758482
              ],
              [
                12.7082075,
                49.9758492
              ],
              [
                12.7082069,
                49.9758501
              ],
              [
                12.7082061,
                49.975851
              ],
              [
                12.708205,
                49.9758517
              ],
              [
                12.7082419,
                49.9758729
              ],
              [
                12.7082632,
                49.9758576
              ],
              [
                12.7083117,
                49.9758854
              ],
              [
                12.7082903,
                49.9759008
              ],
              [
                12.7083282,
                49.9759226
              ],
              [
                12.7083313,
                49.9759208
              ],
              [
                12.7083356,
                49.9759201
              ],
              [
                12.7083397,
                49.9759206
              ],
              [
                12.708343,
                49.9759223
              ],
              [
                12.7083447,
                49.9759249
              ],
              [
                12.7083445,
                49.9759276
              ],
              [
                12.7083425,
                49.9759299
              ],
              [
                12.7083388,
                49.9759315
              ],
              [
                12.7083347,
                49.9759318
              ],
              [
                12.7083426,
                49.9760385
              ],
              [
                12.7083442,
                49.9760384
              ],
              [
                12.7083457,
                49.9760384
              ],
              [
                12.7083472,
                49.9760387
              ],
              [
                12.7083487,
                49.9760391
              ],
              [
                12.70835,
                49.9760397
              ],
              [
                12.7083511,
                49.9760403
              ],
              [
                12.708352,
                49.9760412
              ],
              [
                12.7083527,
                49.9760421
              ],
              [
                12.7083532,
                49.976043
              ],
              [
                12.7083534,
                49.976044
              ],
              [
                12.7083533,
                49.976045
              ],
              [
                12.708353,
                49.976046
              ],
              [
                12.7083524,
                49.9760469
              ],
              [
                12.7083515,
                49.9760478
              ],
              [
                12.7083505,
                49.9760485
              ],
              [
                12.7083492,
                49.9760491
              ],
              [
                12.7083478,
                49.9760496
              ],
              [
                12.7083464,
                49.9760499
              ],
              [
                12.7083448,
                49.9760501
              ],
              [
                12.7083433,
                49.97605
              ],
              [
                12.7083417,
                49.9760498
              ],
              [
                12.7083403,
                49.9760495
              ],
              [
                12.7083389,
                49.9760489
              ],
              [
                12.7083378,
                49.9760483
              ],
              [
                12.7083275,
                49.9760556
              ],
              [
                12.7083341,
                49.976061
              ],
              [
                12.7083394,
                49.976067
              ],
              [
                12.7083432,
                49.9760734
              ],
              [
                12.7083455,
                49.9760801
              ],
              [
                12.7083461,
                49.976087
              ],
              [
                12.7083451,
                49.9760939
              ],
              [
                12.7083425,
                49.9761005
              ],
              [
                12.7083384,
                49.9761069
              ],
              [
                12.7083517,
                49.9761152
              ],
              [
                12.70835,
                49.9761164
              ],
              [
                12.7083541,
                49.9761187
              ],
              [
                12.7083355,
                49.976132
              ],
              [
                12.7083316,
                49.9761297
              ],
              [
                12.7083298,
                49.9761309
              ],
              [
                12.7083169,
                49.9761229
              ],
              [
                12.708298,
                49.9761287
              ],
              [
                12.7082747,
                49.9761304
              ],
              [
                12.7082546,
                49.9761275
              ],
              [
                12.7082367,
                49.9761206
              ],
              [
                12.7082262,
                49.9761281
              ],
              [
                12.7082273,
                49.9761288
              ],
              [
                12.7082282,
                49.9761296
              ],
              [
                12.7082289,
                49.9761305
              ],
              [
                12.7082294,
                49.9761315
              ],
              [
                12.7082295,
                49.9761325
              ],
              [
                12.7082295,
                49.9761335
              ],
              [
                12.7082291,
                49.9761344
              ],
              [
                12.7082285,
                49.9761354
              ],
              [
                12.7082277,
                49.9761362
              ],
              [
                12.7082266,
                49.976137
              ],
              [
                12.7082254,
                49.9761376
              ],
              [
                12.708224,
                49.976138
              ],
              [
                12.7082226,
                49.9761383
              ],
              [
                12.708221,
                49.9761385
              ],
              [
                12.7082195,
                49.9761385
              ],
              [
                12.7082179,
                49.9761383
              ],
              [
                12.7082165,
                49.9761379
              ],
              [
                12.7082152,
                49.9761374
              ],
              [
                12.708214,
                49.9761367
              ],
              [
                12.708213,
                49.9761359
              ],
              [
                12.7082122,
                49.9761351
              ],
              [
                12.7082117,
                49.9761341
              ],
              [
                12.7082115,
                49.9761331
              ],
              [
                12.7082115,
                49.9761321
              ],
              [
                12.7080467,
                49.9761375
              ]
            ]
          ]
        ]
      },
      "properties": {
        "zdroj": "NPÚ, Památkový geografický informační systém",
        "nazev": "kostel Nanebevzetí P. Marie",
        "ochrana_kod": "KP",
        "ochrana": "kulturní památka",
        "unesco": false,
        "upresneni_ochrany": "NEM",
        "rejstrik": "36117/4-53",
        "prstav_id": "147954",
        "chraneno": true,
        "faze_ochrany": "památkově chráněno",
        "rok_zapisu": 1958,
        "url": "https://pamatkovykatalog.cz/pravni-ochrana/x-147954",
        "prislusnost_k_obci": "ÚSKP: obec uvedena u záznamu"
      }
    },
    {
      "type": "Feature",
      "geometry": {
        "type": "MultiPolygon",
        "coordinates": [
          [
            [
              [
                12.7016046,
                49.9720486
              ],
              [
                12.7017124,
                49.9720834
              ],
              [
                12.7018239,
                49.9721574
              ],
              [
                12.7018864,
                49.9722497
              ],
              [
                12.7019069,
                49.9723561
              ],
              [
                12.7018283,
                49.9724471
              ],
              [
                12.7017728,
                49.9725143
              ],
              [
                12.7017197,
                49.9725675
              ],
              [
                12.7016467,
                49.9726104
              ],
              [
                12.701576,
                49.9726338
              ],
              [
                12.70144,
                49.9726652
              ],
              [
                12.7013901,
                49.9726767
              ],
              [
                12.7013866,
                49.972411
              ],
              [
                12.701382,
                49.972154
              ],
              [
                12.7013732,
                49.9720165
              ],
              [
                12.7016046,
                49.9720486
              ]
            ]
          ]
        ]
      },
      "properties": {
        "zdroj": "NPÚ, Památkový geografický informační systém",
        "nazev": "pravoslavený kostel",
        "ochrana_kod": "KP",
        "ochrana": "kulturní památka",
        "unesco": false,
        "upresneni_ochrany": "NEM",
        "rejstrik": "26211/4-54",
        "prstav_id": "137374",
        "chraneno": true,
        "faze_ochrany": "památkově chráněno",
        "rok_zapisu": 1958,
        "url": "https://pamatkovykatalog.cz/pravni-ochrana/x-137374",
        "prislusnost_k_obci": "ÚSKP: obec uvedena u záznamu"
      }
    },
    {
      "type": "Feature",
      "geometry": {
        "type": "MultiPolygon",
        "coordinates": [
          [
            [
              [
                12.7067744,
                49.9779396
              ],
              [
                12.7067493,
                49.9779449
              ],
              [
                12.7067427,
                49.9779324
              ],
              [
                12.7067055,
                49.9779399
              ],
              [
                12.7066658,
                49.9778583
              ],
              [
                12.7066656,
                49.9778578
              ],
              [
                12.7065866,
                49.9776876
              ],
              [
                12.7065947,
                49.9776853
              ],
              [
                12.7065963,
                49.9776848
              ],
              [
                12.7065564,
                49.9775905
              ],
              [
                12.7065543,
                49.9775853
              ],
              [
                12.7065433,
                49.9775562
              ],
              [
                12.7065356,
                49.9775358
              ],
              [
                12.7065152,
                49.977486
              ],
              [
                12.7064906,
                49.9774141
              ],
              [
                12.7064668,
                49.9774164
              ],
              [
                12.7064286,
                49.977291
              ],
              [
                12.7064415,
                49.9772888
              ],
              [
                12.706451,
                49.9772871
              ],
              [
                12.7064513,
                49.9772871
              ],
              [
                12.7064496,
                49.9772822
              ],
              [
                12.7064335,
                49.9772356
              ],
              [
                12.7064287,
                49.9772129
              ],
              [
                12.706419,
                49.9771801
              ],
              [
                12.7064072,
                49.9771254
              ],
              [
                12.7063961,
                49.9770804
              ],
              [
                12.7063883,
                49.9770396
              ],
              [
                12.7063793,
                49.9769948
              ],
              [
                12.7063694,
                49.9769388
              ],
              [
                12.7063628,
                49.9769054
              ],
              [
                12.7063543,
                49.9768558
              ],
              [
                12.7063546,
                49.9768457
              ],
              [
                12.7063564,
                49.9768295
              ],
              [
                12.7063544,
                49.9768284
              ],
              [
                12.7063457,
                49.9768274
              ],
              [
                12.7063452,
                49.9768173
              ],
              [
                12.7063433,
                49.9768161
              ],
              [
                12.7063431,
                49.9768108
              ],
              [
                12.7063457,
                49.9768091
              ],
              [
                12.7063434,
                49.9768036
              ],
              [
                12.7063409,
                49.9767657
              ],
              [
                12.7063373,
                49.9767654
              ],
              [
                12.7063375,
                49.9767634
              ],
              [
                12.7063382,
                49.9767587
              ],
              [
                12.70634,
                49.9767575
              ],
              [
                12.70634,
                49.9767572
              ],
              [
                12.706341,
                49.9767503
              ],
              [
                12.706351,
                49.9767494
              ],
              [
                12.7063571,
                49.9767549
              ],
              [
                12.7065224,
                49.9767451
              ],
              [
                12.7065225,
                49.9767445
              ],
              [
                12.7065229,
                49.9767403
              ],
              [
                12.7065231,
                49.9767403
              ],
              [
                12.7065341,
                49.9767406
              ],
              [
                12.7065355,
                49.9767407
              ],
              [
                12.7065361,
                49.976747
              ],
              [
                12.7065363,
                49.976747
              ],
              [
                12.7065379,
                49.9767475
              ],
              [
                12.7065389,
                49.9767478
              ],
              [
                12.7065395,
                49.9767517
              ],
              [
                12.7065386,
                49.9767522
              ],
              [
                12.7065378,
                49.9767528
              ],
              [
                12.7065368,
                49.9767534
              ],
              [
                12.706535,
                49.9767546
              ],
              [
                12.7065412,
                49.9768015
              ],
              [
                12.7065451,
                49.9768009
              ],
              [
                12.7065452,
                49.9768062
              ],
              [
                12.7065451,
                49.9768066
              ],
              [
                12.7065441,
                49.9768083
              ],
              [
                12.7065439,
                49.9768085
              ],
              [
                12.7065442,
                49.9768094
              ],
              [
                12.7065448,
                49.9768109
              ],
              [
                12.7065448,
                49.976811
              ],
              [
                12.706592,
                49.9768081
              ],
              [
                12.7065922,
                49.9768081
              ],
              [
                12.7066177,
                49.9768065
              ],
              [
                12.7066397,
                49.9768064
              ],
              [
                12.7066566,
                49.9768063
              ],
              [
                12.7066723,
                49.9768897
              ],
              [
                12.7066813,
                49.9769375
              ],
              [
                12.7066931,
                49.976998
              ],
              [
                12.7067032,
                49.9770564
              ],
              [
                12.7067048,
                49.9770619
              ],
              [
                12.7067091,
                49.9770657
              ],
              [
                12.7067143,
                49.9770686
              ],
              [
                12.7067222,
                49.9770699
              ],
              [
                12.7067306,
                49.9770694
              ],
              [
                12.7067408,
                49.9770704
              ],
              [
                12.7067487,
                49.9770717
              ],
              [
                12.7067536,
                49.9770761
              ],
              [
                12.7067593,
                49.9770801
              ],
              [
                12.7067608,
                49.977086
              ],
              [
                12.7068216,
                49.9772942
              ],
              [
                12.7068893,
                49.977535
              ],
              [
                12.7068893,
                49.977535
              ],
              [
                12.706888,
                49.9775376
              ],
              [
                12.7068877,
                49.9775382
              ],
              [
                12.7068876,
                49.9775383
              ],
              [
                12.7068824,
                49.9775415
              ],
              [
                12.7068744,
                49.9775436
              ],
              [
                12.706817,
                49.9775517
              ],
              [
                12.7068001,
                49.9775541
              ],
              [
                12.7067861,
                49.9775574
              ],
              [
                12.7067842,
                49.9775578
              ],
              [
                12.7067789,
                49.9775611
              ],
              [
                12.7067778,
                49.9775653
              ],
              [
                12.7067776,
                49.9775692
              ],
              [
                12.7067787,
                49.9775736
              ],
              [
                12.706801,
                49.9776222
              ],
              [
                12.7068412,
                49.977711
              ],
              [
                12.706867,
                49.9777678
              ],
              [
                12.7068647,
                49.9777693
              ],
              [
                12.7068625,
                49.9777708
              ],
              [
                12.7068602,
                49.9777739
              ],
              [
                12.7068592,
                49.9777781
              ],
              [
                12.7068502,
                49.977781
              ],
              [
                12.7068543,
                49.9777895
              ],
              [
                12.7069056,
                49.9778976
              ],
              [
                12.7069035,
                49.9778986
              ],
              [
                12.7068628,
                49.9779178
              ],
              [
                12.7067744,
                49.9779396
              ]
            ]
          ]
        ]
      },
      "properties": {
        "zdroj": "NPÚ, Památkový geografický informační systém",
        "nazev": "Lázeňská kolonáda v Mariánských Lázních",
        "ochrana_kod": "NKP",
        "ochrana": "národní kulturní památka",
        "unesco": false,
        "upresneni_ochrany": "NEM",
        "rejstrik": "347",
        "prstav_id": "430678201",
        "chraneno": true,
        "faze_ochrany": "památkově chráněno",
        "rok_zapisu": 2010,
        "url": "https://pamatkovykatalog.cz/pravni-ochrana/x-430678201",
        "prislusnost_k_obci": "ÚSKP: obec uvedena u záznamu"
      }
    },
    {
      "type": "Feature",
      "geometry": {
        "type": "MultiPolygon",
        "coordinates": [
          [
            [
              [
                12.7856251,
                50.1067431
              ],
              [
                12.785615,
                50.1067512
              ],
              [
                12.7855687,
                50.1067448
              ],
              [
                12.7850463,
                50.1066594
              ],
              [
                12.7845438,
                50.1066055
              ],
              [
                12.7842073,
                50.1065848
              ],
              [
                12.783888,
                50.106501
              ],
              [
                12.783727,
                50.1064258
              ],
              [
                12.7836302,
                50.1063432
              ],
              [
                12.7835089,
                50.1063723
              ],
              [
                12.783502,
                50.1063579
              ],
              [
                12.7836392,
                50.1063071
              ],
              [
                12.7838062,
                50.1064062
              ],
              [
                12.783918,
                50.1064763
              ],
              [
                12.7842098,
                50.106565
              ],
              [
                12.784276,
                50.1065687
              ],
              [
                12.785076,
                50.1066264
              ],
              [
                12.7855836,
                50.1067025
              ],
              [
                12.7856305,
                50.106707
              ],
              [
                12.7859709,
                50.1066725
              ],
              [
                12.7863503,
                50.1066183
              ],
              [
                12.7863942,
                50.1066089
              ],
              [
                12.7872108,
                50.106386
              ],
              [
                12.7877547,
                50.1060475
              ],
              [
                12.7879866,
                50.105919
              ],
              [
                12.7884878,
                50.1056581
              ],
              [
                12.7888882,
                50.1054804
              ],
              [
                12.7892655,
                50.1053276
              ],
              [
                12.7896503,
                50.1051719
              ],
              [
                12.7899696,
                50.1050462
              ],
              [
                12.7900853,
                50.1050008
              ],
              [
                12.7908239,
                50.1046196
              ],
              [
                12.7911519,
                50.1044791
              ],
              [
                12.7915509,
                50.1043297
              ],
              [
                12.791638,
                50.1042956
              ],
              [
                12.7919113,
                50.1041644
              ],
              [
                12.7925952,
                50.1036734
              ],
              [
                12.7926801,
                50.1035939
              ],
              [
                12.7926822,
                50.1035838
              ],
              [
                12.7926884,
                50.1035538
              ],
              [
                12.7926734,
                50.1034961
              ],
              [
                12.7926162,
                50.1034313
              ],
              [
                12.79261,
                50.1034261
              ],
              [
                12.7926074,
                50.1034239
              ],
              [
                12.7926021,
                50.1034213
              ],
              [
                12.7925029,
                50.1033736
              ],
              [
                12.7924466,
                50.1033465
              ],
              [
                12.7920904,
                50.1032975
              ],
              [
                12.7919515,
                50.1032848
              ],
              [
                12.7918954,
                50.1032796
              ],
              [
                12.7916193,
                50.1032658
              ],
              [
                12.7914493,
                50.1032573
              ],
              [
                12.7913511,
                50.1032524
              ],
              [
                12.7913297,
                50.1032514
              ],
              [
                12.7911796,
                50.103194
              ],
              [
                12.7911718,
                50.1031864
              ],
              [
                12.7910857,
                50.1031024
              ],
              [
                12.7909979,
                50.102995
              ],
              [
                12.7909843,
                50.1029784
              ],
              [
                12.7908224,
                50.1027133
              ],
              [
                12.7908066,
                50.1026876
              ],
              [
                12.7906809,
                50.1022737
              ],
              [
                12.7906685,
                50.1022529
              ],
              [
                12.7905941,
                50.1021291
              ],
              [
                12.7904287,
                50.1019681
              ],
              [
                12.7901154,
                50.1017488
              ],
              [
                12.7899175,
                50.1016104
              ],
              [
                12.7897249,
                50.101398
              ],
              [
                12.7897089,
                50.1013819
              ],
              [
                12.7896965,
                50.1010916
              ],
              [
                12.7896927,
                50.1010005
              ],
              [
                12.7895645,
                50.1008587
              ],
              [
                12.7895043,
                50.100792
              ],
              [
                12.7894954,
                50.1007822
              ],
              [
                12.7893153,
                50.1006957
              ],
              [
                12.7892718,
                50.1006818
              ],
              [
                12.7890544,
                50.1006126
              ],
              [
                12.7890292,
                50.1006046
              ],
              [
                12.7889922,
                50.1005984
              ],
              [
                12.7883482,
                50.1004903
              ],
              [
                12.7883078,
                50.1004922
              ],
              [
                12.7880978,
                50.1004941
              ],
              [
                12.7879885,
                50.1004967
              ],
              [
                12.7876381,
                50.1005051
              ],
              [
                12.7869418,
                50.1005126
              ],
              [
                12.7864581,
                50.1005218
              ],
              [
                12.7863518,
                50.1005238
              ],
              [
                12.7859234,
                50.1005344
              ],
              [
                12.7858211,
                50.1005421
              ],
              [
                12.7857606,
                50.1005396
              ],
              [
                12.7855143,
                50.1005295
              ],
              [
                12.7851057,
                50.1005175
              ],
              [
                12.7846202,
                50.100524
              ],
              [
                12.7841075,
                50.1004921
              ],
              [
                12.7839782,
                50.1004966
              ],
              [
                12.7837565,
                50.1005043
              ],
              [
                12.7836835,
                50.1004917
              ],
              [
                12.7835856,
                50.1004748
              ],
              [
                12.7830995,
                50.1003929
              ],
              [
                12.7830992,
                50.1003928
              ],
              [
                12.7829801,
                50.1003497
              ],
              [
                12.7827172,
                50.1002598
              ],
              [
                12.7826334,
                50.1002311
              ],
              [
                12.7825307,
                50.1002082
              ],
              [
                12.782132,
                50.1001194
              ],
              [
                12.7819797,
                50.1000892
              ],
              [
                12.7815589,
                50.0998929
              ],
              [
                12.7815243,
                50.0998794
              ],
              [
                12.7811654,
                50.0997403
              ],
              [
                12.7809523,
                50.0996623
              ],
              [
                12.7806365,
                50.0995466
              ],
              [
                12.7803552,
                50.0994603
              ],
              [
                12.7801804,
                50.0994081
              ],
              [
                12.7799088,
                50.0993269
              ],
              [
                12.7798891,
                50.0993183
              ],
              [
                12.7798821,
                50.0993055
              ],
              [
                12.7798721,
                50.0992875
              ],
              [
                12.7797767,
                50.0992602
              ],
              [
                12.779657,
                50.0992159
              ],
              [
                12.7795207,
                50.0991654
              ],
              [
                12.7793928,
                50.0991179
              ],
              [
                12.7788855,
                50.0989879
              ],
              [
                12.7782789,
                50.0988695
              ],
              [
                12.777858,
                50.0987795
              ],
              [
                12.7771748,
                50.0986779
              ],
              [
                12.7767592,
                50.0986631
              ],
              [
                12.776495,
                50.0986358
              ],
              [
                12.7763513,
                50.0986184
              ],
              [
                12.7760854,
                50.0985862
              ],
              [
                12.7757912,
                50.0986003
              ],
              [
                12.7756387,
                50.0986076
              ],
              [
                12.7756384,
                50.0986076
              ],
              [
                12.7751373,
                50.0986333
              ],
              [
                12.7750695,
                50.0986196
              ],
              [
                12.7748705,
                50.0985794
              ],
              [
                12.7746412,
                50.0985514
              ],
              [
                12.7742967,
                50.0985094
              ],
              [
                12.7738408,
                50.0984543
              ],
              [
                12.7737349,
                50.0984415
              ],
              [
                12.7736411,
                50.0984295
              ],
              [
                12.7732223,
                50.0983759
              ],
              [
                12.7727782,
                50.0983813
              ],
              [
                12.7724403,
                50.0983854
              ],
              [
                12.7720286,
                50.0983887
              ],
              [
                12.7716948,
                50.0983914
              ],
              [
                12.7713709,
                50.0983952
              ],
              [
                12.7709485,
                50.0984001
              ],
              [
                12.7702504,
                50.0984083
              ],
              [
                12.7694486,
                50.0984185
              ],
              [
                12.7693413,
                50.0984247
              ],
              [
                12.7693409,
                50.0984247
              ],
              [
                12.769129,
                50.0984058
              ],
              [
                12.7686034,
                50.0983587
              ],
              [
                12.7683728,
                50.0982621
              ],
              [
                12.7675499,
                50.0981527
              ],
              [
                12.767068,
                50.0980826
              ],
              [
                12.766754,
                50.0980369
              ],
              [
                12.7662029,
                50.0979634
              ],
              [
                12.7660338,
                50.0979408
              ],
              [
                12.7658575,
                50.097848
              ],
              [
                12.7657852,
                50.0978348
              ],
              [
                12.7656977,
                50.0978188
              ],
              [
                12.7654223,
                50.0976583
              ],
              [
                12.7650796,
                50.0975229
              ],
              [
                12.7647642,
                50.0973983
              ],
              [
                12.7640225,
                50.0972016
              ],
              [
                12.763916,
                50.0971605
              ],
              [
                12.7637752,
                50.0971062
              ],
              [
                12.7637747,
                50.097106
              ],
              [
                12.7634501,
                50.0970751
              ],
              [
                12.7633726,
                50.0970677
              ],
              [
                12.7633723,
                50.0970677
              ],
              [
                12.7631459,
                50.0970917
              ],
              [
                12.7630515,
                50.0970808
              ],
              [
                12.7628378,
                50.0970562
              ],
              [
                12.7624504,
                50.0972257
              ],
              [
                12.7615166,
                50.097521
              ],
              [
                12.7608556,
                50.0975454
              ],
              [
                12.7595806,
                50.0975925
              ],
              [
                12.7593053,
                50.0976643
              ],
              [
                12.7591857,
                50.0979814
              ],
              [
                12.7591857,
                50.0979815
              ],
              [
                12.7591994,
                50.098068
              ],
              [
                12.7591994,
                50.0980681
              ],
              [
                12.759245,
                50.0982076
              ],
              [
                12.759307,
                50.0983969
              ],
              [
                12.7592939,
                50.0985238
              ],
              [
                12.7592789,
                50.0986681
              ],
              [
                12.759099,
                50.0987562
              ],
              [
                12.7590459,
                50.0987822
              ],
              [
                12.7590105,
                50.0987557
              ],
              [
                12.75901,
                50.0987553
              ],
              [
                12.7590096,
                50.0987551
              ],
              [
                12.7590077,
                50.0987429
              ],
              [
                12.7590058,
                50.0987313
              ],
              [
                12.758967,
                50.0986944
              ],
              [
                12.7588375,
                50.0985716
              ],
              [
                12.7587445,
                50.0984686
              ],
              [
                12.7586778,
                50.0984304
              ],
              [
                12.7584497,
                50.0983
              ],
              [
                12.7579154,
                50.09806
              ],
              [
                12.7576541,
                50.0977972
              ],
              [
                12.7577155,
                50.0976947
              ],
              [
                12.7577501,
                50.0976371
              ],
              [
                12.7580607,
                50.0975035
              ],
              [
                12.7580897,
                50.0974837
              ],
              [
                12.7582679,
                50.0973613
              ],
              [
                12.7583405,
                50.0971627
              ],
              [
                12.7584503,
                50.0970775
              ],
              [
                12.7584879,
                50.0970482
              ],
              [
                12.7585049,
                50.0969942
              ],
              [
                12.7585196,
                50.0969474
              ],
              [
                12.7589132,
                50.0967783
              ],
              [
                12.7591851,
                50.0966613
              ],
              [
                12.7593631,
                50.0964105
              ],
              [
                12.7594802,
                50.0962456
              ],
              [
                12.7595216,
                50.0962244
              ],
              [
                12.7599949,
                50.0959822
              ],
              [
                12.7601163,
                50.0957204
              ],
              [
                12.760166,
                50.0956131
              ],
              [
                12.7603359,
                50.0954556
              ],
              [
                12.760591,
                50.0952193
              ],
              [
                12.7606511,
                50.0950623
              ],
              [
                12.7606763,
                50.0949965
              ],
              [
                12.7605865,
                50.0948003
              ],
              [
                12.7601264,
                50.0944086
              ],
              [
                12.7599207,
                50.0943505
              ],
              [
                12.7595805,
                50.0942546
              ],
              [
                12.7595804,
                50.0942545
              ],
              [
                12.7590484,
                50.0938091
              ],
              [
                12.7587418,
                50.0936552
              ],
              [
                12.7586373,
                50.0936027
              ],
              [
                12.7586373,
                50.0936027
              ],
              [
                12.7584601,
                50.0935485
              ],
              [
                12.7576834,
                50.0933109
              ],
              [
                12.7570531,
                50.0929286
              ],
              [
                12.7570438,
                50.0929352
              ],
              [
                12.7570488,
                50.0928461
              ],
              [
                12.7569402,
                50.0928661
              ],
              [
                12.7565097,
                50.0929919
              ],
              [
                12.7557759,
                50.0932361
              ],
              [
                12.7549664,
                50.0933391
              ],
              [
                12.7547621,
                50.0932834
              ],
              [
                12.7546625,
                50.0932381
              ],
              [
                12.7544501,
                50.0931206
              ],
              [
                12.7541503,
                50.0930484
              ],
              [
                12.753965,
                50.0929572
              ],
              [
                12.7539338,
                50.0927691
              ],
              [
                12.753989,
                50.0925805
              ],
              [
                12.7540148,
                50.0924134
              ],
              [
                12.754044,
                50.0923405
              ],
              [
                12.7541236,
                50.0922682
              ],
              [
                12.7546891,
                50.0920334
              ],
              [
                12.7551601,
                50.0916727
              ],
              [
                12.7553523,
                50.0913765
              ],
              [
                12.7554682,
                50.0911602
              ],
              [
                12.7557803,
                50.0898934
              ],
              [
                12.7554611,
                50.0895139
              ],
              [
                12.7553323,
                50.0893797
              ],
              [
                12.7550103,
                50.0892455
              ],
              [
                12.7549159,
                50.0891807
              ],
              [
                12.7548783,
                50.0891054
              ],
              [
                12.7548346,
                50.0887198
              ],
              [
                12.7547472,
                50.0885726
              ],
              [
                12.7544429,
                50.0882815
              ],
              [
                12.7543315,
                50.0881471
              ],
              [
                12.7543288,
                50.0880817
              ],
              [
                12.7544874,
                50.0877564
              ],
              [
                12.7546119,
                50.0875016
              ],
              [
                12.7545797,
                50.0874854
              ],
              [
                12.7549964,
                50.0871888
              ],
              [
                12.7552299,
                50.0871235
              ],
              [
                12.7553515,
                50.0871219
              ],
              [
                12.7554517,
                50.0871301
              ],
              [
                12.7556345,
                50.087039
              ],
              [
                12.7559939,
                50.086899
              ],
              [
                12.7561153,
                50.0868409
              ],
              [
                12.7562722,
                50.0865934
              ],
              [
                12.7562819,
                50.0864631
              ],
              [
                12.7562486,
                50.0862719
              ],
              [
                12.7561741,
                50.0860627
              ],
              [
                12.7560548,
                50.0859034
              ],
              [
                12.7559667,
                50.085823
              ],
              [
                12.7558225,
                50.085761
              ],
              [
                12.755464,
                50.085664
              ],
              [
                12.7552611,
                50.0856679
              ],
              [
                12.7551988,
                50.0856425
              ],
              [
                12.754968,
                50.0854875
              ],
              [
                12.7547954,
                50.0854168
              ],
              [
                12.7543634,
                50.0851951
              ],
              [
                12.7543161,
                50.0851096
              ],
              [
                12.7541216,
                50.0849851
              ],
              [
                12.7541096,
                50.0849775
              ],
              [
                12.753944,
                50.0849542
              ],
              [
                12.7536752,
                50.0848479
              ],
              [
                12.7535645,
                50.0847338
              ],
              [
                12.7533779,
                50.0846411
              ],
              [
                12.7532626,
                50.0845312
              ],
              [
                12.753087,
                50.0843482
              ],
              [
                12.7526287,
                50.0839452
              ],
              [
                12.7524763,
                50.0835747
              ],
              [
                12.7524625,
                50.083505
              ],
              [
                12.7524769,
                50.0831943
              ],
              [
                12.7524333,
                50.0829214
              ],
              [
                12.7525334,
                50.0828119
              ],
              [
                12.7528197,
                50.0826556
              ],
              [
                12.7530837,
                50.082484
              ],
              [
                12.7534596,
                50.0821311
              ],
              [
                12.7534612,
                50.08204
              ],
              [
                12.7534338,
                50.0820051
              ],
              [
                12.7533832,
                50.0819567
              ],
              [
                12.7533284,
                50.0819316
              ],
              [
                12.7526554,
                50.0814588
              ],
              [
                12.7521261,
                50.0812512
              ],
              [
                12.7520435,
                50.0811587
              ],
              [
                12.7516792,
                50.0806297
              ],
              [
                12.7514828,
                50.0805927
              ],
              [
                12.7510448,
                50.0804981
              ],
              [
                12.7508622,
                50.0804798
              ],
              [
                12.750726,
                50.080422
              ],
              [
                12.7505353,
                50.0801976
              ],
              [
                12.7502724,
                50.0801822
              ],
              [
                12.7501703,
                50.0801493
              ],
              [
                12.7499701,
                50.0801579
              ],
              [
                12.7498421,
                50.0801139
              ],
              [
                12.7498147,
                50.0800892
              ],
              [
                12.7496713,
                50.0799592
              ],
              [
                12.7494561,
                50.0798087
              ],
              [
                12.7492777,
                50.0797149
              ],
              [
                12.7482651,
                50.0796586
              ],
              [
                12.7482943,
                50.0795779
              ],
              [
                12.7483142,
                50.0795349
              ],
              [
                12.7484647,
                50.0794173
              ],
              [
                12.7488542,
                50.0789725
              ],
              [
                12.749025,
                50.0789118
              ],
              [
                12.7494838,
                50.0787094
              ],
              [
                12.7498668,
                50.0786006
              ],
              [
                12.7499998,
                50.0785858
              ],
              [
                12.7500892,
                50.0785786
              ],
              [
                12.7502332,
                50.0785699
              ],
              [
                12.750323,
                50.0785205
              ],
              [
                12.750497,
                50.0783808
              ],
              [
                12.7505053,
                50.0782744
              ],
              [
                12.7504183,
                50.0779127
              ],
              [
                12.7504143,
                50.0778431
              ],
              [
                12.7505253,
                50.0777306
              ],
              [
                12.750615,
                50.0776913
              ],
              [
                12.7508137,
                50.0776965
              ],
              [
                12.7514771,
                50.0778456
              ],
              [
                12.7516578,
                50.0779578
              ],
              [
                12.7519326,
                50.0781869
              ],
              [
                12.75217,
                50.0783615
              ],
              [
                12.7523163,
                50.0784485
              ],
              [
                12.7526144,
                50.0785801
              ],
              [
                12.7531049,
                50.0787816
              ],
              [
                12.753846,
                50.0790043
              ],
              [
                12.7541604,
                50.0790482
              ],
              [
                12.7542326,
                50.0790339
              ],
              [
                12.7543633,
                50.0790373
              ],
              [
                12.7545603,
                50.0790606
              ],
              [
                12.7551843,
                50.0791924
              ],
              [
                12.7553193,
                50.079194
              ],
              [
                12.7562073,
                50.0791139
              ],
              [
                12.7564998,
                50.0791689
              ],
              [
                12.7572987,
                50.0793976
              ],
              [
                12.7574399,
                50.0794586
              ],
              [
                12.7575399,
                50.0795218
              ],
              [
                12.7580638,
                50.0799293
              ],
              [
                12.7582262,
                50.0800247
              ],
              [
                12.7583448,
                50.0800915
              ],
              [
                12.7585778,
                50.0801976
              ],
              [
                12.759058,
                50.0803527
              ],
              [
                12.759589,
                50.0804795
              ],
              [
                12.7606694,
                50.0806744
              ],
              [
                12.7607413,
                50.080679
              ],
              [
                12.7611189,
                50.0806851
              ],
              [
                12.7615956,
                50.0806397
              ],
              [
                12.7619054,
                50.0806386
              ],
              [
                12.7623736,
                50.0806885
              ],
              [
                12.762556,
                50.0806471
              ],
              [
                12.7632815,
                50.0806183
              ],
              [
                12.7633359,
                50.0806127
              ],
              [
                12.7633171,
                50.0805857
              ],
              [
                12.7635405,
                50.0805682
              ],
              [
                12.7638959,
                50.0805013
              ],
              [
                12.7643707,
                50.0804171
              ],
              [
                12.7646443,
                50.0803146
              ],
              [
                12.7648337,
                50.0802085
              ],
              [
                12.7648638,
                50.0802191
              ],
              [
                12.7648684,
                50.0802207
              ],
              [
                12.7648751,
                50.0802181
              ],
              [
                12.764938,
                50.0801933
              ],
              [
                12.7652203,
                50.0800341
              ],
              [
                12.7655574,
                50.0797464
              ],
              [
                12.7655681,
                50.0796813
              ],
              [
                12.7655489,
                50.0794685
              ],
              [
                12.7657884,
                50.0791788
              ],
              [
                12.7657889,
                50.0791076
              ],
              [
                12.7657164,
                50.0788171
              ],
              [
                12.7657005,
                50.0787371
              ],
              [
                12.765693,
                50.0786812
              ],
              [
                12.7657015,
                50.0782783
              ],
              [
                12.7657324,
                50.0782072
              ],
              [
                12.7658972,
                50.0780223
              ],
              [
                12.7659054,
                50.0778768
              ],
              [
                12.765879,
                50.0777293
              ],
              [
                12.7658047,
                50.0775348
              ],
              [
                12.7649858,
                50.0769289
              ],
              [
                12.7647617,
                50.0767641
              ],
              [
                12.7646503,
                50.0765803
              ],
              [
                12.7645691,
                50.0763414
              ],
              [
                12.7645242,
                50.0757428
              ],
              [
                12.7645289,
                50.0756572
              ],
              [
                12.7646427,
                50.0755171
              ],
              [
                12.7647308,
                50.0754434
              ],
              [
                12.7648549,
                50.0753216
              ],
              [
                12.7649466,
                50.0751401
              ],
              [
                12.7649849,
                50.0750044
              ],
              [
                12.7649674,
                50.0749634
              ],
              [
                12.7648984,
                50.0748709
              ],
              [
                12.7642231,
                50.0743246
              ],
              [
                12.7639133,
                50.0742024
              ],
              [
                12.7638634,
                50.0741676
              ],
              [
                12.7637742,
                50.0739853
              ],
              [
                12.7635595,
                50.073549
              ],
              [
                12.7634775,
                50.0734279
              ],
              [
                12.7633806,
                50.0733425
              ],
              [
                12.7633362,
                50.0732894
              ],
              [
                12.7632351,
                50.0729831
              ],
              [
                12.7632153,
                50.072897
              ],
              [
                12.7634207,
                50.0723735
              ],
              [
                12.7635155,
                50.0721915
              ],
              [
                12.7635766,
                50.0720258
              ],
              [
                12.7635967,
                50.0719123
              ],
              [
                12.7631899,
                50.0712019
              ],
              [
                12.7631499,
                50.0710635
              ],
              [
                12.7631292,
                50.0709434
              ],
              [
                12.7632172,
                50.0705481
              ],
              [
                12.7631386,
                50.0703643
              ],
              [
                12.762952,
                50.0700506
              ],
              [
                12.7628255,
                50.0697966
              ],
              [
                12.7627726,
                50.0695524
              ],
              [
                12.7624497,
                50.0693162
              ],
              [
                12.7615512,
                50.0688403
              ],
              [
                12.7613681,
                50.0687566
              ],
              [
                12.7612921,
                50.0687487
              ],
              [
                12.7612474,
                50.0688483
              ],
              [
                12.7612017,
                50.068845
              ],
              [
                12.7612141,
                50.0687414
              ],
              [
                12.7599975,
                50.0686757
              ],
              [
                12.7589133,
                50.068702
              ],
              [
                12.7582771,
                50.0687165
              ],
              [
                12.7578701,
                50.0687261
              ],
              [
                12.7570982,
                50.0688145
              ],
              [
                12.7569714,
                50.0687943
              ],
              [
                12.7553601,
                50.0681623
              ],
              [
                12.7552636,
                50.06811
              ],
              [
                12.7545594,
                50.0673176
              ],
              [
                12.7545146,
                50.0672472
              ],
              [
                12.7544643,
                50.0671179
              ],
              [
                12.7544642,
                50.0671177
              ],
              [
                12.7544772,
                50.0669573
              ],
              [
                12.7544237,
                50.0668409
              ],
              [
                12.7543949,
                50.0667223
              ],
              [
                12.7542379,
                50.0665412
              ],
              [
                12.7539615,
                50.0662265
              ],
              [
                12.7537485,
                50.0659819
              ],
              [
                12.7535152,
                50.0657168
              ],
              [
                12.7533005,
                50.0655079
              ],
              [
                12.7529694,
                50.0651846
              ],
              [
                12.7526117,
                50.0648555
              ],
              [
                12.7523985,
                50.0646408
              ],
              [
                12.7523047,
                50.0645106
              ],
              [
                12.7520996,
                50.0642635
              ],
              [
                12.7519098,
                50.0640301
              ],
              [
                12.7517948,
                50.0638345
              ],
              [
                12.7517544,
                50.0636587
              ],
              [
                12.7517831,
                50.0635064
              ],
              [
                12.7517858,
                50.0633332
              ],
              [
                12.7517487,
                50.063338
              ],
              [
                12.7516955,
                50.0632631
              ],
              [
                12.751613,
                50.0631794
              ],
              [
                12.7514768,
                50.0631133
              ],
              [
                12.7504639,
                50.0628526
              ],
              [
                12.750355,
                50.0628211
              ],
              [
                12.7494449,
                50.0627964
              ],
              [
                12.7492845,
                50.0627914
              ],
              [
                12.7491983,
                50.0627767
              ],
              [
                12.7490945,
                50.0627429
              ],
              [
                12.7487023,
                50.0625144
              ],
              [
                12.74782,
                50.0620185
              ],
              [
                12.7477138,
                50.0619757
              ],
              [
                12.7467054,
                50.0618772
              ],
              [
                12.7462422,
                50.0618438
              ],
              [
                12.7459987,
                50.0618476
              ],
              [
                12.7458524,
                50.0618758
              ],
              [
                12.7456956,
                50.0619463
              ],
              [
                12.7454406,
                50.0621224
              ],
              [
                12.7453072,
                50.0622069
              ],
              [
                12.7450916,
                50.0626212
              ],
              [
                12.7450074,
                50.0627426
              ],
              [
                12.7449325,
                50.0628447
              ],
              [
                12.7448297,
                50.062915
              ],
              [
                12.7447804,
                50.0629504
              ],
              [
                12.7446693,
                50.0629996
              ],
              [
                12.744516,
                50.0630561
              ],
              [
                12.7444778,
                50.0631013
              ],
              [
                12.7444478,
                50.0631676
              ],
              [
                12.7443929,
                50.0632255
              ],
              [
                12.7443617,
                50.0632425
              ],
              [
                12.7442475,
                50.0632683
              ],
              [
                12.7440892,
                50.0632548
              ],
              [
                12.7437187,
                50.0630835
              ],
              [
                12.743359,
                50.062815
              ],
              [
                12.7430632,
                50.0625965
              ],
              [
                12.7428987,
                50.0624639
              ],
              [
                12.7426637,
                50.0621996
              ],
              [
                12.7425776,
                50.0621126
              ],
              [
                12.7424694,
                50.0620783
              ],
              [
                12.7422788,
                50.0620499
              ],
              [
                12.7419021,
                50.0619936
              ],
              [
                12.7414765,
                50.0620075
              ],
              [
                12.7413738,
                50.0620079
              ],
              [
                12.741174,
                50.0620138
              ],
              [
                12.7409396,
                50.0620233
              ],
              [
                12.7407016,
                50.0620468
              ],
              [
                12.7405186,
                50.0620905
              ],
              [
                12.740272,
                50.0621638
              ],
              [
                12.7399369,
                50.0622617
              ],
              [
                12.7397411,
                50.0623113
              ],
              [
                12.7396076,
                50.0623216
              ],
              [
                12.7392148,
                50.0623509
              ],
              [
                12.7388474,
                50.0623683
              ],
              [
                12.7384242,
                50.0623992
              ],
              [
                12.7383113,
                50.0624164
              ],
              [
                12.7382071,
                50.0624442
              ],
              [
                12.7380017,
                50.0625025
              ],
              [
                12.7379546,
                50.062541
              ],
              [
                12.7379546,
                50.0625413
              ],
              [
                12.7379284,
                50.0626611
              ],
              [
                12.7379283,
                50.0626614
              ],
              [
                12.7378842,
                50.0628083
              ],
              [
                12.737785,
                50.0629957
              ],
              [
                12.7376849,
                50.0632166
              ],
              [
                12.7376187,
                50.0633471
              ],
              [
                12.73759,
                50.063402
              ],
              [
                12.7375436,
                50.0634381
              ],
              [
                12.7374647,
                50.0635143
              ],
              [
                12.7372629,
                50.0636476
              ],
              [
                12.7370501,
                50.0637654
              ],
              [
                12.7368701,
                50.063872
              ],
              [
                12.736592,
                50.0640264
              ],
              [
                12.7364923,
                50.0640807
              ],
              [
                12.7364923,
                50.064081
              ],
              [
                12.7364927,
                50.0640991
              ],
              [
                12.7364926,
                50.0640991
              ],
              [
                12.7359729,
                50.0642694
              ],
              [
                12.7357982,
                50.0642947
              ],
              [
                12.7356348,
                50.0642742
              ],
              [
                12.7353847,
                50.0642194
              ],
              [
                12.7352448,
                50.0641724
              ],
              [
                12.7351464,
                50.0640718
              ],
              [
                12.7350353,
                50.0639772
              ],
              [
                12.7348722,
                50.0638881
              ],
              [
                12.7343664,
                50.0637779
              ],
              [
                12.7341341,
                50.0637864
              ],
              [
                12.733891,
                50.0638155
              ],
              [
                12.7337815,
                50.0638041
              ],
              [
                12.7336609,
                50.06377
              ],
              [
                12.7333757,
                50.0636754
              ],
              [
                12.7331858,
                50.0636269
              ],
              [
                12.7329137,
                50.0635698
              ],
              [
                12.7326114,
                50.0634988
              ],
              [
                12.732542,
                50.0634843
              ],
              [
                12.732438,
                50.0634736
              ],
              [
                12.7323286,
                50.0634623
              ],
              [
                12.73226,
                50.0634443
              ],
              [
                12.7321758,
                50.0633995
              ],
              [
                12.7320253,
                50.0632827
              ],
              [
                12.7319243,
                50.0631927
              ],
              [
                12.7318691,
                50.0631437
              ],
              [
                12.7317573,
                50.0630743
              ],
              [
                12.7312738,
                50.0628074
              ],
              [
                12.7309701,
                50.0625844
              ],
              [
                12.7307015,
                50.0624012
              ],
              [
                12.7305632,
                50.0623254
              ],
              [
                12.7304216,
                50.0622855
              ],
              [
                12.7300031,
                50.0621627
              ],
              [
                12.7297089,
                50.062172
              ],
              [
                12.7292437,
                50.0621238
              ],
              [
                12.7289478,
                50.0620498
              ],
              [
                12.7286072,
                50.0619748
              ],
              [
                12.7283489,
                50.06193
              ],
              [
                12.728076,
                50.0618764
              ],
              [
                12.7278457,
                50.0618092
              ],
              [
                12.7276977,
                50.0617722
              ],
              [
                12.7274241,
                50.0617439
              ],
              [
                12.7269353,
                50.0617005
              ],
              [
                12.726763,
                50.0616935
              ],
              [
                12.7265981,
                50.0617017
              ],
              [
                12.7266042,
                50.0616774
              ],
              [
                12.7266043,
                50.0616771
              ],
              [
                12.7264549,
                50.0616905
              ],
              [
                12.7253716,
                50.0617121
              ],
              [
                12.724937,
                50.0617213
              ],
              [
                12.7244759,
                50.0617242
              ],
              [
                12.7239538,
                50.0617243
              ],
              [
                12.7232945,
                50.0617789
              ],
              [
                12.7228548,
                50.0618025
              ],
              [
                12.722446,
                50.0618445
              ],
              [
                12.722232,
                50.0618831
              ],
              [
                12.7219747,
                50.0619272
              ],
              [
                12.7216902,
                50.0619754
              ],
              [
                12.7212467,
                50.0620306
              ],
              [
                12.7205967,
                50.0621151
              ],
              [
                12.7201142,
                50.0621798
              ],
              [
                12.7198203,
                50.0622236
              ],
              [
                12.7195699,
                50.062282
              ],
              [
                12.7191472,
                50.0623799
              ],
              [
                12.7188213,
                50.0624675
              ],
              [
                12.7186309,
                50.0624748
              ],
              [
                12.7183196,
                50.062483
              ],
              [
                12.7181094,
                50.0624646
              ],
              [
                12.7178039,
                50.0624498
              ],
              [
                12.7176703,
                50.0624394
              ],
              [
                12.7175859,
                50.0624205
              ],
              [
                12.7174221,
                50.062363
              ],
              [
                12.7173836,
                50.0623287
              ],
              [
                12.7173646,
                50.0622997
              ],
              [
                12.7172971,
                50.0621713
              ],
              [
                12.717296,
                50.0621342
              ],
              [
                12.717296,
                50.0621341
              ],
              [
                12.7173664,
                50.0620199
              ],
              [
                12.7176682,
                50.0615047
              ],
              [
                12.7178199,
                50.0612541
              ],
              [
                12.7178199,
                50.061254
              ],
              [
                12.7178596,
                50.0608229
              ],
              [
                12.7178858,
                50.0606134
              ],
              [
                12.7178858,
                50.0606131
              ],
              [
                12.7179378,
                50.0597347
              ],
              [
                12.7179806,
                50.0594797
              ],
              [
                12.7179807,
                50.0594794
              ],
              [
                12.717987,
                50.0592237
              ],
              [
                12.7179895,
                50.0590249
              ],
              [
                12.717893,
                50.0587822
              ],
              [
                12.7177226,
                50.0584576
              ],
              [
                12.7175566,
                50.0582413
              ],
              [
                12.7174404,
                50.0581821
              ],
              [
                12.7170634,
                50.0580553
              ],
              [
                12.7167342,
                50.057947
              ],
              [
                12.7162233,
                50.0578738
              ],
              [
                12.7160548,
                50.0578563
              ],
              [
                12.7159111,
                50.057865
              ],
              [
                12.7156207,
                50.0579159
              ],
              [
                12.715477,
                50.0579246
              ],
              [
                12.7152952,
                50.0579395
              ],
              [
                12.7149793,
                50.0579034
              ],
              [
                12.7146785,
                50.0579329
              ],
              [
                12.7144543,
                50.0579704
              ],
              [
                12.7142927,
                50.0579672
              ],
              [
                12.7140217,
                50.0578986
              ],
              [
                12.7136612,
                50.0578106
              ],
              [
                12.7132511,
                50.0577951
              ],
              [
                12.7124399,
                50.0578122
              ],
              [
                12.7121261,
                50.05781
              ],
              [
                12.7118246,
                50.0578631
              ],
              [
                12.7117406,
                50.0578848
              ],
              [
                12.7116838,
                50.0579025
              ],
              [
                12.7115329,
                50.057961
              ],
              [
                12.7112912,
                50.0580473
              ],
              [
                12.7110758,
                50.0581127
              ],
              [
                12.7106407,
                50.0581553
              ],
              [
                12.7104602,
                50.0582276
              ],
              [
                12.7101846,
                50.0583239
              ],
              [
                12.7086334,
                50.0586387
              ],
              [
                12.7081917,
                50.0588965
              ],
              [
                12.7073733,
                50.0593817
              ],
              [
                12.7070189,
                50.0596047
              ],
              [
                12.706883,
                50.0597289
              ],
              [
                12.7068401,
                50.0597953
              ],
              [
                12.7068401,
                50.0597955
              ],
              [
                12.706838,
                50.0598457
              ],
              [
                12.7068381,
                50.0598495
              ],
              [
                12.7068381,
                50.0598509
              ],
              [
                12.7068452,
                50.0602985
              ],
              [
                12.7068451,
                50.0602984
              ],
              [
                12.7068273,
                50.0602966
              ],
              [
                12.7068044,
                50.0602942
              ],
              [
                12.7067172,
                50.0603493
              ],
              [
                12.7066171,
                50.0603726
              ],
              [
                12.7064328,
                50.0603437
              ],
              [
                12.7064112,
                50.0603403
              ],
              [
                12.7062994,
                50.0603228
              ],
              [
                12.7062336,
                50.0603079
              ],
              [
                12.7059424,
                50.0602419
              ],
              [
                12.7058793,
                50.0602219
              ],
              [
                12.7056545,
                50.060094
              ],
              [
                12.705535,
                50.0600479
              ],
              [
                12.7052746,
                50.0600209
              ],
              [
                12.705154,
                50.0600421
              ],
              [
                12.7049858,
                50.0600651
              ],
              [
                12.7044791,
                50.0599957
              ],
              [
                12.7043577,
                50.0599156
              ],
              [
                12.7043178,
                50.0598238
              ],
              [
                12.7042616,
                50.0597134
              ],
              [
                12.7042215,
                50.0596013
              ],
              [
                12.7041001,
                50.0595212
              ],
              [
                12.7039256,
                50.0594019
              ],
              [
                12.7037598,
                50.0593105
              ],
              [
                12.7036727,
                50.059261
              ],
              [
                12.7033466,
                50.0590146
              ],
              [
                12.703264,
                50.0589048
              ],
              [
                12.7032019,
                50.0587972
              ],
              [
                12.7031441,
                50.0586934
              ],
              [
                12.7028695,
                50.0580948
              ],
              [
                12.7025812,
                50.057488
              ],
              [
                12.7025387,
                50.0573858
              ],
              [
                12.7025398,
                50.0572138
              ],
              [
                12.7025654,
                50.0571325
              ],
              [
                12.7025655,
                50.0571322
              ],
              [
                12.703061,
                50.0557806
              ],
              [
                12.7030611,
                50.0557803
              ],
              [
                12.7030769,
                50.055738
              ],
              [
                12.7031825,
                50.0554626
              ],
              [
                12.7031825,
                50.0554625
              ],
              [
                12.7031826,
                50.0554623
              ],
              [
                12.7031826,
                50.0553577
              ],
              [
                12.7031509,
                50.0551284
              ],
              [
                12.7032397,
                50.0547736
              ],
              [
                12.7032398,
                50.0547733
              ],
              [
                12.7032532,
                50.0547287
              ],
              [
                12.7032533,
                50.0547284
              ],
              [
                12.7030772,
                50.054685
              ],
              [
                12.702331,
                50.0544544
              ],
              [
                12.7018233,
                50.0540605
              ],
              [
                12.7013051,
                50.0537985
              ],
              [
                12.7009895,
                50.0536241
              ],
              [
                12.7006022,
                50.0535029
              ],
              [
                12.7002038,
                50.0532823
              ],
              [
                12.6996576,
                50.0530782
              ],
              [
                12.698946,
                50.0529609
              ],
              [
                12.6984896,
                50.0527747
              ],
              [
                12.698727,
                50.0524726
              ],
              [
                12.6987655,
                50.0523725
              ],
              [
                12.6988215,
                50.0521846
              ],
              [
                12.6987707,
                50.052029
              ],
              [
                12.6987783,
                50.0519806
              ],
              [
                12.6988925,
                50.0515963
              ],
              [
                12.6989424,
                50.0511996
              ],
              [
                12.6990163,
                50.050922
              ],
              [
                12.6990163,
                50.0509217
              ],
              [
                12.699012,
                50.0508985
              ],
              [
                12.699012,
                50.0508982
              ],
              [
                12.699156,
                50.0508966
              ],
              [
                12.6993622,
                50.0508718
              ],
              [
                12.699569,
                50.0508239
              ],
              [
                12.6998921,
                50.0507419
              ],
              [
                12.699935,
                50.0506935
              ],
              [
                12.6999962,
                50.0506536
              ],
              [
                12.7001399,
                50.0506124
              ],
              [
                12.7002529,
                50.0505911
              ],
              [
                12.700616,
                50.0505133
              ],
              [
                12.7006849,
                50.0505039
              ],
              [
                12.7007931,
                50.0505019
              ],
              [
                12.7009023,
                50.0505166
              ],
              [
                12.7009713,
                50.0505072
              ],
              [
                12.7010501,
                50.0504791
              ],
              [
                12.7013703,
                50.0503472
              ],
              [
                12.7015528,
                50.0502737
              ],
              [
                12.7017172,
                50.0502313
              ],
              [
                12.7018054,
                50.0502273
              ],
              [
                12.7018826,
                50.0502056
              ],
              [
                12.701935,
                50.0502011
              ],
              [
                12.7020339,
                50.050175
              ],
              [
                12.7022041,
                50.05013
              ],
              [
                12.7023877,
                50.0500929
              ],
              [
                12.7025891,
                50.0500874
              ],
              [
                12.7026221,
                50.0500578
              ],
              [
                12.7030553,
                50.050007
              ],
              [
                12.7032009,
                50.049999
              ],
              [
                12.7033407,
                50.0500135
              ],
              [
                12.7033408,
                50.0500135
              ],
              [
                12.7033249,
                50.0498931
              ],
              [
                12.7033248,
                50.049893
              ],
              [
                12.7033608,
                50.0498109
              ],
              [
                12.7034035,
                50.0497427
              ],
              [
                12.7036325,
                50.0494627
              ],
              [
                12.7037315,
                50.0493541
              ],
              [
                12.7037762,
                50.0493191
              ],
              [
                12.7039675,
                50.0492102
              ],
              [
                12.7040802,
                50.0491492
              ],
              [
                12.7042398,
                50.0491262
              ],
              [
                12.7045003,
                50.0491301
              ],
              [
                12.7047083,
                50.0491186
              ],
              [
                12.7048479,
                50.0490935
              ],
              [
                12.7053958,
                50.0489324
              ],
              [
                12.7060028,
                50.048761
              ],
              [
                12.7062958,
                50.0486758
              ],
              [
                12.706428,
                50.0486598
              ],
              [
                12.7070776,
                50.048605
              ],
              [
                12.7072805,
                50.0485931
              ],
              [
                12.7075676,
                50.0485931
              ],
              [
                12.7077808,
                50.048602
              ],
              [
                12.7084782,
                50.0487041
              ],
              [
                12.708836,
                50.0487907
              ],
              [
                12.7094,
                50.0489549
              ],
              [
                12.7095133,
                50.0489732
              ],
              [
                12.7098688,
                50.048987
              ],
              [
                12.7102756,
                50.0489598
              ],
              [
                12.7104334,
                50.0489234
              ],
              [
                12.710704,
                50.0488458
              ],
              [
                12.7109557,
                50.0487828
              ],
              [
                12.7110859,
                50.0487335
              ],
              [
                12.7113748,
                50.0485423
              ],
              [
                12.7116364,
                50.0483779
              ],
              [
                12.7120409,
                50.048093
              ],
              [
                12.7122875,
                50.047927
              ],
              [
                12.7123869,
                50.0477756
              ],
              [
                12.7124559,
                50.0475816
              ],
              [
                12.712456,
                50.0475813
              ],
              [
                12.7125735,
                50.0473162
              ],
              [
                12.7126007,
                50.0471872
              ],
              [
                12.7126007,
                50.0471869
              ],
              [
                12.7122148,
                50.0468233
              ],
              [
                12.7119952,
                50.0466355
              ],
              [
                12.7111074,
                50.0458798
              ],
              [
                12.7109742,
                50.0456744
              ],
              [
                12.7107745,
                50.0453863
              ],
              [
                12.7105429,
                50.0450618
              ],
              [
                12.7103881,
                50.0448609
              ],
              [
                12.7102974,
                50.0446699
              ],
              [
                12.7101742,
                50.0444656
              ],
              [
                12.7101018,
                50.0443656
              ],
              [
                12.7097218,
                50.0439168
              ],
              [
                12.7094199,
                50.0433407
              ],
              [
                12.7092294,
                50.0431591
              ],
              [
                12.7091285,
                50.0430298
              ],
              [
                12.709071,
                50.042829
              ],
              [
                12.708982,
                50.0426316
              ],
              [
                12.7089315,
                50.0425669
              ],
              [
                12.708732,
                50.0424594
              ],
              [
                12.7084717,
                50.0423336
              ],
              [
                12.7081549,
                50.0422839
              ],
              [
                12.707999,
                50.042234
              ],
              [
                12.7074364,
                50.0419853
              ],
              [
                12.7067602,
                50.0416669
              ],
              [
                12.7067194,
                50.0416506
              ],
              [
                12.7054903,
                50.0410749
              ],
              [
                12.7051698,
                50.0408007
              ],
              [
                12.70504,
                50.0406764
              ],
              [
                12.7047115,
                50.0403893
              ],
              [
                12.704629,
                50.0403302
              ],
              [
                12.7043316,
                50.0401282
              ],
              [
                12.7039886,
                50.0399143
              ],
              [
                12.7035264,
                50.039623
              ],
              [
                12.7031772,
                50.0393891
              ],
              [
                12.7026466,
                50.0390425
              ],
              [
                12.7023097,
                50.038834
              ],
              [
                12.7021567,
                50.0386977
              ],
              [
                12.7019501,
                50.0385365
              ],
              [
                12.7016844,
                50.038268
              ],
              [
                12.7015179,
                50.0381109
              ],
              [
                12.7013998,
                50.0379999
              ],
              [
                12.7010858,
                50.0376998
              ],
              [
                12.7007573,
                50.0374127
              ],
              [
                12.7005912,
                50.0372991
              ],
              [
                12.7002936,
                50.0371429
              ],
              [
                12.7000054,
                50.0370238
              ],
              [
                12.6993948,
                50.0368327
              ],
              [
                12.6987841,
                50.0366271
              ],
              [
                12.6987129,
                50.0366125
              ],
              [
                12.6973413,
                50.0363978
              ],
              [
                12.6972878,
                50.0363874
              ],
              [
                12.697255,
                50.036384
              ],
              [
                12.6965023,
                50.0362673
              ],
              [
                12.695781,
                50.0362044
              ],
              [
                12.6951829,
                50.0361634
              ],
              [
                12.6948309,
                50.0362158
              ],
              [
                12.6947861,
                50.0362192
              ],
              [
                12.6940613,
                50.0361561
              ],
              [
                12.6937762,
                50.0361669
              ],
              [
                12.6929883,
                50.0362306
              ],
              [
                12.692421,
                50.0363656
              ],
              [
                12.6917592,
                50.0365273
              ],
              [
                12.691427,
                50.0365606
              ],
              [
                12.6914148,
                50.0365733
              ],
              [
                12.6912075,
                50.0365381
              ],
              [
                12.6910862,
                50.0365363
              ],
              [
                12.6908368,
                50.0365629
              ],
              [
                12.6906189,
                50.036678
              ],
              [
                12.6905477,
                50.0366946
              ],
              [
                12.690177,
                50.0367092
              ],
              [
                12.6898766,
                50.0367745
              ],
              [
                12.6898058,
                50.0367641
              ],
              [
                12.6895256,
                50.0365861
              ],
              [
                12.6893794,
                50.0365256
              ],
              [
                12.6891059,
                50.0364771
              ],
              [
                12.6885924,
                50.0364771
              ],
              [
                12.6882511,
                50.0365953
              ],
              [
                12.6881105,
                50.0366892
              ],
              [
                12.6878538,
                50.0370598
              ],
              [
                12.6877455,
                50.0372691
              ],
              [
                12.6875099,
                50.0373404
              ],
              [
                12.6871689,
                50.0373111
              ],
              [
                12.686681,
                50.0373642
              ],
              [
                12.6865351,
                50.0373273
              ],
              [
                12.6864726,
                50.0372413
              ],
              [
                12.6864707,
                50.0370581
              ],
              [
                12.686174,
                50.0368306
              ],
              [
                12.6860102,
                50.036722
              ],
              [
                12.685461,
                50.0364858
              ],
              [
                12.6847925,
                50.0361319
              ],
              [
                12.6844848,
                50.0360422
              ],
              [
                12.6842798,
                50.0360243
              ],
              [
                12.6839524,
                50.036082
              ],
              [
                12.6838065,
                50.0361732
              ],
              [
                12.6834533,
                50.0364574
              ],
              [
                12.6832029,
                50.0365918
              ],
              [
                12.6830406,
                50.0365967
              ],
              [
                12.6824269,
                50.0364619
              ],
              [
                12.6817757,
                50.0365969
              ],
              [
                12.6816203,
                50.0366665
              ],
              [
                12.6814039,
                50.0366775
              ],
              [
                12.681295,
                50.036576
              ],
              [
                12.6813242,
                50.0362638
              ],
              [
                12.6812214,
                50.0360921
              ],
              [
                12.6808833,
                50.0358947
              ],
              [
                12.6805309,
                50.0354009
              ],
              [
                12.6802972,
                50.035217
              ],
              [
                12.6801167,
                50.035141
              ],
              [
                12.6796091,
                50.0351065
              ],
              [
                12.6792235,
                50.0349101
              ],
              [
                12.6790303,
                50.034845
              ],
              [
                12.6786318,
                50.0347769
              ],
              [
                12.678122,
                50.0345934
              ],
              [
                12.6776378,
                50.0342501
              ],
              [
                12.6770101,
                50.0339678
              ],
              [
                12.676938,
                50.0338622
              ],
              [
                12.6769487,
                50.0336838
              ],
              [
                12.676875,
                50.0335278
              ],
              [
                12.6768069,
                50.0334087
              ],
              [
                12.676806,
                50.0331742
              ],
              [
                12.676698,
                50.0329255
              ],
              [
                12.676496,
                50.0325858
              ],
              [
                12.6764653,
                50.0325341
              ],
              [
                12.6762631,
                50.0321201
              ],
              [
                12.6761107,
                50.0319511
              ],
              [
                12.6760511,
                50.0319105
              ],
              [
                12.675868,
                50.0317393
              ],
              [
                12.6756203,
                50.0315763
              ],
              [
                12.6753284,
                50.0314068
              ],
              [
                12.6752525,
                50.0312984
              ],
              [
                12.675298,
                50.0311405
              ],
              [
                12.6751583,
                50.0309377
              ],
              [
                12.6745055,
                50.0306103
              ],
              [
                12.6743993,
                50.0305335
              ],
              [
                12.6743773,
                50.0302575
              ],
              [
                12.6743665,
                50.0298427
              ],
              [
                12.6744673,
                50.0291767
              ],
              [
                12.6739864,
                50.028496
              ],
              [
                12.6740979,
                50.0283391
              ],
              [
                12.6743169,
                50.0281963
              ],
              [
                12.6750568,
                50.0281211
              ],
              [
                12.6750915,
                50.0280586
              ],
              [
                12.6752237,
                50.0280852
              ],
              [
                12.6751842,
                50.0281552
              ],
              [
                12.6752933,
                50.0281741
              ],
              [
                12.6752606,
                50.0282461
              ],
              [
                12.675252,
                50.0284139
              ],
              [
                12.675585,
                50.0288656
              ],
              [
                12.6755934,
                50.0289139
              ],
              [
                12.6756041,
                50.0290788
              ],
              [
                12.6756724,
                50.0292329
              ],
              [
                12.6756913,
                50.0294213
              ],
              [
                12.6758391,
                50.0299855
              ],
              [
                12.6759663,
                50.0301749
              ],
              [
                12.6764012,
                50.030545
              ],
              [
                12.6753552,
                50.0310959
              ],
              [
                12.6753794,
                50.0311233
              ],
              [
                12.6753246,
                50.0312871
              ],
              [
                12.675407,
                50.0313817
              ],
              [
                12.6757546,
                50.0315915
              ],
              [
                12.6759702,
                50.0317418
              ],
              [
                12.6761973,
                50.031937
              ],
              [
                12.6763326,
                50.0321167
              ],
              [
                12.6765273,
                50.032496
              ],
              [
                12.6765537,
                50.0325461
              ],
              [
                12.6768847,
                50.0331348
              ],
              [
                12.6768912,
                50.0334111
              ],
              [
                12.676956,
                50.0335155
              ],
              [
                12.6770366,
                50.033707
              ],
              [
                12.6770144,
                50.0338413
              ],
              [
                12.6770752,
                50.0339388
              ],
              [
                12.677686,
                50.034214
              ],
              [
                12.6781733,
                50.0345536
              ],
              [
                12.6786389,
                50.0347246
              ],
              [
                12.679079,
                50.0348037
              ],
              [
                12.6792648,
                50.0348673
              ],
              [
                12.6796441,
                50.0350578
              ],
              [
                12.6798743,
                50.0350802
              ],
              [
                12.6801229,
                50.0350899
              ],
              [
                12.6803402,
                50.0351784
              ],
              [
                12.6806301,
                50.0353995
              ],
              [
                12.6809381,
                50.0358387
              ],
              [
                12.6812847,
                50.0360465
              ],
              [
                12.6814123,
                50.0362403
              ],
              [
                12.6813817,
                50.0365757
              ],
              [
                12.6814705,
                50.0366482
              ],
              [
                12.6816257,
                50.036616
              ],
              [
                12.681737,
                50.0365521
              ],
              [
                12.6824341,
                50.0364119
              ],
              [
                12.6830565,
                50.0365362
              ],
              [
                12.6831585,
                50.0365338
              ],
              [
                12.6834083,
                50.0364093
              ],
              [
                12.6837216,
                50.0361467
              ],
              [
                12.6839543,
                50.0360255
              ],
              [
                12.6840766,
                50.0360028
              ],
              [
                12.6842766,
                50.0359822
              ],
              [
                12.6844954,
                50.0360102
              ],
              [
                12.6848258,
                50.0361042
              ],
              [
                12.6854855,
                50.0364473
              ],
              [
                12.6860323,
                50.0366939
              ],
              [
                12.6862556,
                50.0368432
              ],
              [
                12.6865261,
                50.037045
              ],
              [
                12.6865308,
                50.0372503
              ],
              [
                12.6865788,
                50.0373036
              ],
              [
                12.686695,
                50.0373301
              ],
              [
                12.6871446,
                50.0372756
              ],
              [
                12.6875152,
                50.0373038
              ],
              [
                12.6877067,
                50.0372389
              ],
              [
                12.6878036,
                50.0370486
              ],
              [
                12.6880525,
                50.0366842
              ],
              [
                12.6882081,
                50.0365677
              ],
              [
                12.6885831,
                50.0364418
              ],
              [
                12.6891077,
                50.0364395
              ],
              [
                12.6894162,
                50.0364938
              ],
              [
                12.6895578,
                50.0365565
              ],
              [
                12.689857,
                50.0367337
              ],
              [
                12.6901617,
                50.0366732
              ],
              [
                12.690545,
                50.0366603
              ],
              [
                12.6908117,
                50.0365248
              ],
              [
                12.691091,
                50.0364914
              ],
              [
                12.6912164,
                50.0364941
              ],
              [
                12.6913995,
                50.0365253
              ],
              [
                12.6914168,
                50.036516
              ],
              [
                12.6915883,
                50.036499
              ],
              [
                12.6916805,
                50.0364893
              ],
              [
                12.6917218,
                50.0364888
              ],
              [
                12.6921357,
                50.0363896
              ],
              [
                12.6922726,
                50.0363508
              ],
              [
                12.6926841,
                50.0362466
              ],
              [
                12.6929374,
                50.0361909
              ],
              [
                12.6933118,
                50.03616
              ],
              [
                12.6940432,
                50.0361227
              ],
              [
                12.6942205,
                50.0361315
              ],
              [
                12.6947631,
                50.0361758
              ],
              [
                12.6948354,
                50.0361712
              ],
              [
                12.6952139,
                50.0361238
              ],
              [
                12.6957309,
                50.0361655
              ],
              [
                12.6964467,
                50.0362205
              ],
              [
                12.6986997,
                50.0365605
              ],
              [
                12.6995789,
                50.0368446
              ],
              [
                12.7000099,
                50.0369761
              ],
              [
                12.7001573,
                50.0370299
              ],
              [
                12.7003529,
                50.0371153
              ],
              [
                12.7004279,
                50.0371592
              ],
              [
                12.7006878,
                50.0373019
              ],
              [
                12.7007488,
                50.0373419
              ],
              [
                12.7009592,
                50.037518
              ],
              [
                12.7013332,
                50.0378773
              ],
              [
                12.7018466,
                50.0383523
              ],
              [
                12.7021642,
                50.0386527
              ],
              [
                12.7022608,
                50.0387302
              ],
              [
                12.7023988,
                50.0388216
              ],
              [
                12.7028775,
                50.0391364
              ],
              [
                12.7032499,
                50.0393678
              ],
              [
                12.7040314,
                50.0398778
              ],
              [
                12.7046902,
                50.04031
              ],
              [
                12.7051079,
                50.0406594
              ],
              [
                12.7055429,
                50.0410442
              ],
              [
                12.7058575,
                50.0411925
              ],
              [
                12.7067567,
                50.0416063
              ],
              [
                12.7072627,
                50.0418419
              ],
              [
                12.7073163,
                50.0418668
              ],
              [
                12.7075395,
                50.0419767
              ],
              [
                12.7080673,
                50.0422001
              ],
              [
                12.7082086,
                50.0422485
              ],
              [
                12.7084882,
                50.0422823
              ],
              [
                12.708573,
                50.0423176
              ],
              [
                12.7087724,
                50.0424178
              ],
              [
                12.708967,
                50.0425277
              ],
              [
                12.7090693,
                50.0426308
              ],
              [
                12.7091436,
                50.0428465
              ],
              [
                12.7091907,
                50.0430065
              ],
              [
                12.709295,
                50.0431428
              ],
              [
                12.7094905,
                50.0433249
              ],
              [
                12.7098178,
                50.0439432
              ],
              [
                12.7101245,
                50.0442953
              ],
              [
                12.7102103,
                50.0444033
              ],
              [
                12.7104435,
                50.0448237
              ],
              [
                12.7105545,
                50.044954
              ],
              [
                12.7108443,
                50.0453737
              ],
              [
                12.7111679,
                50.0458431
              ],
              [
                12.7121471,
                50.0466842
              ],
              [
                12.7123902,
                50.0469067
              ],
              [
                12.7126394,
                50.0471348
              ],
              [
                12.7126715,
                50.0471909
              ],
              [
                12.712677,
                50.0472509
              ],
              [
                12.7126769,
                50.0472512
              ],
              [
                12.7124773,
                50.047742
              ],
              [
                12.7124108,
                50.0478441
              ],
              [
                12.7123401,
                50.0479424
              ],
              [
                12.7120704,
                50.0481389
              ],
              [
                12.711828,
                50.0483086
              ],
              [
                12.7115005,
                50.048552
              ],
              [
                12.7112936,
                50.0486824
              ],
              [
                12.7110474,
                50.0488055
              ],
              [
                12.7106497,
                50.0489194
              ],
              [
                12.7104389,
                50.0489834
              ],
              [
                12.7102187,
                50.0490233
              ],
              [
                12.7100507,
                50.0490389
              ],
              [
                12.7097878,
                50.0490446
              ],
              [
                12.7093821,
                50.0490059
              ],
              [
                12.7087923,
                50.0488423
              ],
              [
                12.708487,
                50.0487512
              ],
              [
                12.7082421,
                50.0487258
              ],
              [
                12.7080446,
                50.0486954
              ],
              [
                12.7078554,
                50.0486725
              ],
              [
                12.7076263,
                50.0486455
              ],
              [
                12.7075082,
                50.0486464
              ],
              [
                12.7073326,
                50.0486513
              ],
              [
                12.7069949,
                50.0486691
              ],
              [
                12.7066913,
                50.0486937
              ],
              [
                12.7064061,
                50.0487269
              ],
              [
                12.7062839,
                50.0487439
              ],
              [
                12.7056446,
                50.0489219
              ],
              [
                12.7055724,
                50.0489442
              ],
              [
                12.7053905,
                50.0489946
              ],
              [
                12.7051672,
                50.0490672
              ],
              [
                12.7048966,
                50.0491448
              ],
              [
                12.7047212,
                50.0491695
              ],
              [
                12.704539,
                50.0491803
              ],
              [
                12.7043584,
                50.0491847
              ],
              [
                12.7041779,
                50.0491891
              ],
              [
                12.7040442,
                50.0492313
              ],
              [
                12.7038801,
                50.0493238
              ],
              [
                12.703796,
                50.0493729
              ],
              [
                12.7037397,
                50.0494423
              ],
              [
                12.7034271,
                50.0498301
              ],
              [
                12.703427,
                50.0498304
              ],
              [
                12.7034005,
                50.0499006
              ],
              [
                12.7034124,
                50.0499847
              ],
              [
                12.7034703,
                50.0500524
              ],
              [
                12.7035953,
                50.050127
              ],
              [
                12.7037232,
                50.050202
              ],
              [
                12.7037935,
                50.050244
              ],
              [
                12.703821,
                50.0502719
              ],
              [
                12.70383,
                50.0503075
              ],
              [
                12.7038415,
                50.0503694
              ],
              [
                12.7038414,
                50.0503697
              ],
              [
                12.7038174,
                50.0504479
              ],
              [
                12.7037668,
                50.0505063
              ],
              [
                12.7037037,
                50.0505431
              ],
              [
                12.7036218,
                50.0506011
              ],
              [
                12.7035983,
                50.0506594
              ],
              [
                12.7035983,
                50.0506595
              ],
              [
                12.7036067,
                50.0507152
              ],
              [
                12.7037091,
                50.0507547
              ],
              [
                12.703793,
                50.0507605
              ],
              [
                12.7038615,
                50.0507561
              ],
              [
                12.7039897,
                50.0507463
              ],
              [
                12.7041243,
                50.0507284
              ],
              [
                12.7042319,
                50.0506933
              ],
              [
                12.7043525,
                50.0506422
              ],
              [
                12.7045088,
                50.0505919
              ],
              [
                12.7046741,
                50.0505773
              ],
              [
                12.7048273,
                50.0505932
              ],
              [
                12.7050959,
                50.0506326
              ],
              [
                12.7054535,
                50.0506928
              ],
              [
                12.7056973,
                50.0507413
              ],
              [
                12.7057992,
                50.050801
              ],
              [
                12.7058925,
                50.0508945
              ],
              [
                12.7059552,
                50.0509849
              ],
              [
                12.7059722,
                50.0510965
              ],
              [
                12.7059725,
                50.0512209
              ],
              [
                12.7059577,
                50.0513697
              ],
              [
                12.7059576,
                50.05137
              ],
              [
                12.7059103,
                50.0515412
              ],
              [
                12.705843,
                50.0516845
              ],
              [
                12.7057907,
                50.0517861
              ],
              [
                12.7056649,
                50.0519118
              ],
              [
                12.7055412,
                50.0520291
              ],
              [
                12.7054218,
                50.0521295
              ],
              [
                12.7052633,
                50.0522605
              ],
              [
                12.7051728,
                50.052335
              ],
              [
                12.7049951,
                50.0524351
              ],
              [
                12.7046511,
                50.0526249
              ],
              [
                12.7044131,
                50.0527591
              ],
              [
                12.7041422,
                50.0529034
              ],
              [
                12.7038294,
                50.0530645
              ],
              [
                12.7035973,
                50.0532037
              ],
              [
                12.7035023,
                50.0533208
              ],
              [
                12.7035022,
                50.0533212
              ],
              [
                12.7034734,
                50.0534176
              ],
              [
                12.7034733,
                50.0534179
              ],
              [
                12.7034559,
                50.0535247
              ],
              [
                12.7035057,
                50.0536448
              ],
              [
                12.7035633,
                50.0537899
              ],
              [
                12.7035637,
                50.0538262
              ],
              [
                12.7035636,
                50.0538265
              ],
              [
                12.7033304,
                50.0547394
              ],
              [
                12.7033303,
                50.0547398
              ],
              [
                12.7033156,
                50.0547845
              ],
              [
                12.7033155,
                50.0547848
              ],
              [
                12.7032868,
                50.0548996
              ],
              [
                12.7032867,
                50.0548999
              ],
              [
                12.7032497,
                50.0550476
              ],
              [
                12.7032496,
                50.0550479
              ],
              [
                12.7032277,
                50.0551566
              ],
              [
                12.7032316,
                50.0552245
              ],
              [
                12.7032534,
                50.0553887
              ],
              [
                12.7032549,
                50.0554664
              ],
              [
                12.7032548,
                50.0554666
              ],
              [
                12.7032548,
                50.0554667
              ],
              [
                12.7030322,
                50.0560842
              ],
              [
                12.7030321,
                50.0560846
              ],
              [
                12.7029617,
                50.056303
              ],
              [
                12.7029616,
                50.0563033
              ],
              [
                12.7026866,
                50.0570671
              ],
              [
                12.7026865,
                50.0570675
              ],
              [
                12.7026327,
                50.0572403
              ],
              [
                12.7026327,
                50.0572407
              ],
              [
                12.7026238,
                50.0572968
              ],
              [
                12.702627,
                50.0573679
              ],
              [
                12.7028218,
                50.0577829
              ],
              [
                12.7030644,
                50.0583208
              ],
              [
                12.7032851,
                50.0587788
              ],
              [
                12.70341,
                50.0589706
              ],
              [
                12.7036489,
                50.0591674
              ],
              [
                12.7037799,
                50.0592721
              ],
              [
                12.7040172,
                50.0593709
              ],
              [
                12.7042911,
                50.0595747
              ],
              [
                12.7043949,
                50.0597879
              ],
              [
                12.7044211,
                50.0598716
              ],
              [
                12.7044333,
                50.0599066
              ],
              [
                12.7045501,
                50.0599423
              ],
              [
                12.7049615,
                50.0600154
              ],
              [
                12.7052902,
                50.0599584
              ],
              [
                12.7053711,
                50.0599701
              ],
              [
                12.7055499,
                50.0599887
              ],
              [
                12.7056428,
                50.0600152
              ],
              [
                12.7058137,
                50.0601071
              ],
              [
                12.7059112,
                50.060178
              ],
              [
                12.7060246,
                50.0602066
              ],
              [
                12.7062376,
                50.0602557
              ],
              [
                12.706551,
                50.0603017
              ],
              [
                12.706625,
                50.0602992
              ],
              [
                12.7066912,
                50.0602859
              ],
              [
                12.7067427,
                50.0602473
              ],
              [
                12.7067548,
                50.0601781
              ],
              [
                12.7067549,
                50.0601778
              ],
              [
                12.7067572,
                50.0599385
              ],
              [
                12.7067701,
                50.0598048
              ],
              [
                12.7067705,
                50.0598016
              ],
              [
                12.7067744,
                50.0597649
              ],
              [
                12.7067724,
                50.0597311
              ],
              [
                12.7067724,
                50.0597309
              ],
              [
                12.7067984,
                50.0596898
              ],
              [
                12.7068584,
                50.0596386
              ],
              [
                12.7070832,
                50.0594731
              ],
              [
                12.7073168,
                50.0593353
              ],
              [
                12.7081818,
                50.0588313
              ],
              [
                12.7085254,
                50.0586308
              ],
              [
                12.7088715,
                50.0585251
              ],
              [
                12.709949,
                50.0583231
              ],
              [
                12.7101714,
                50.0582719
              ],
              [
                12.7101839,
                50.0582428
              ],
              [
                12.7105453,
                50.0581386
              ],
              [
                12.7107957,
                50.0580803
              ],
              [
                12.7111229,
                50.0580501
              ],
              [
                12.7115492,
                50.057875
              ],
              [
                12.7116959,
                50.0578329
              ],
              [
                12.7117197,
                50.0578219
              ],
              [
                12.7118368,
                50.0577935
              ],
              [
                12.7119991,
                50.0577732
              ],
              [
                12.712136,
                50.0577706
              ],
              [
                12.7132804,
                50.0577408
              ],
              [
                12.7133638,
                50.0577427
              ],
              [
                12.7135313,
                50.0577432
              ],
              [
                12.7136743,
                50.057758
              ],
              [
                12.7138678,
                50.0578017
              ],
              [
                12.7142503,
                50.0578852
              ],
              [
                12.7143952,
                50.0579137
              ],
              [
                12.7144963,
                50.0579073
              ],
              [
                12.7146314,
                50.0578909
              ],
              [
                12.7148564,
                50.0578502
              ],
              [
                12.7149882,
                50.057847
              ],
              [
                12.7151909,
                50.0578747
              ],
              [
                12.7153433,
                50.0578939
              ],
              [
                12.7154606,
                50.0578858
              ],
              [
                12.7157518,
                50.0578317
              ],
              [
                12.7159905,
                50.057799
              ],
              [
                12.7162534,
                50.0578162
              ],
              [
                12.7167405,
                50.0578801
              ],
              [
                12.7170782,
                50.0579961
              ],
              [
                12.7175175,
                50.0581462
              ],
              [
                12.7176606,
                50.0582656
              ],
              [
                12.7177852,
                50.0584168
              ],
              [
                12.7179089,
                50.0586556
              ],
              [
                12.7180588,
                50.0589781
              ],
              [
                12.7180687,
                50.0590433
              ],
              [
                12.7180779,
                50.0593208
              ],
              [
                12.7180479,
                50.0595876
              ],
              [
                12.7180304,
                50.0598253
              ],
              [
                12.7179932,
                50.0602464
              ],
              [
                12.7179625,
                50.0606211
              ],
              [
                12.7179117,
                50.0612432
              ],
              [
                12.7179117,
                50.0612433
              ],
              [
                12.7175026,
                50.0619362
              ],
              [
                12.7174055,
                50.0621151
              ],
              [
                12.7174054,
                50.0621154
              ],
              [
                12.7173899,
                50.0621775
              ],
              [
                12.7173898,
                50.0621779
              ],
              [
                12.7173851,
                50.0622175
              ],
              [
                12.7174204,
                50.062265
              ],
              [
                12.7174847,
                50.0623223
              ],
              [
                12.7175819,
                50.0623526
              ],
              [
                12.7176638,
                50.0623813
              ],
              [
                12.7177652,
                50.0623952
              ],
              [
                12.7180077,
                50.0624102
              ],
              [
                12.7183514,
                50.0624188
              ],
              [
                12.7184305,
                50.0624169
              ],
              [
                12.7186032,
                50.0624179
              ],
              [
                12.7187094,
                50.0624121
              ],
              [
                12.7188504,
                50.062393
              ],
              [
                12.7192409,
                50.0622985
              ],
              [
                12.7194862,
                50.0622396
              ],
              [
                12.719802,
                50.0621711
              ],
              [
                12.7202819,
                50.062096
              ],
              [
                12.720343,
                50.0620821
              ],
              [
                12.7208121,
                50.0620295
              ],
              [
                12.7213745,
                50.0619595
              ],
              [
                12.721829,
                50.061902
              ],
              [
                12.7221144,
                50.0618506
              ],
              [
                12.7224872,
                50.0617847
              ],
              [
                12.7226401,
                50.06176
              ],
              [
                12.7228432,
                50.061744
              ],
              [
                12.7229915,
                50.0617331
              ],
              [
                12.7232192,
                50.0617205
              ],
              [
                12.7234706,
                50.0617032
              ],
              [
                12.7239696,
                50.0616609
              ],
              [
                12.7241866,
                50.0616689
              ],
              [
                12.7247661,
                50.0616638
              ],
              [
                12.7256145,
                50.0616613
              ],
              [
                12.7264627,
                50.0616371
              ],
              [
                12.7266037,
                50.0616337
              ],
              [
                12.7266039,
                50.0616337
              ],
              [
                12.7269045,
                50.0616214
              ],
              [
                12.7270796,
                50.0616396
              ],
              [
                12.7275347,
                50.0616831
              ],
              [
                12.7278103,
                50.061726
              ],
              [
                12.7279629,
                50.0617671
              ],
              [
                12.7281949,
                50.0618273
              ],
              [
                12.7286084,
                50.0619026
              ],
              [
                12.7287682,
                50.0619372
              ],
              [
                12.7288831,
                50.0619491
              ],
              [
                12.7289881,
                50.0619781
              ],
              [
                12.7292466,
                50.0620446
              ],
              [
                12.7294228,
                50.0620809
              ],
              [
                12.7296654,
                50.0620988
              ],
              [
                12.7300573,
                50.0621032
              ],
              [
                12.7304263,
                50.0621992
              ],
              [
                12.7307392,
                50.06234
              ],
              [
                12.7307897,
                50.062385
              ],
              [
                12.7313391,
                50.0627708
              ],
              [
                12.7319123,
                50.0630831
              ],
              [
                12.7319151,
                50.0630859
              ],
              [
                12.7319749,
                50.0631474
              ],
              [
                12.7321301,
                50.0632773
              ],
              [
                12.7321374,
                50.0632835
              ],
              [
                12.7322951,
                50.0633937
              ],
              [
                12.7323573,
                50.0634146
              ],
              [
                12.7324613,
                50.0634254
              ],
              [
                12.7325889,
                50.0634314
              ],
              [
                12.7327798,
                50.0634764
              ],
              [
                12.7332035,
                50.0635781
              ],
              [
                12.7333972,
                50.0636343
              ],
              [
                12.7337262,
                50.0637334
              ],
              [
                12.7338348,
                50.0637482
              ],
              [
                12.7339633,
                50.0637507
              ],
              [
                12.7341427,
                50.0637295
              ],
              [
                12.7342984,
                50.0637131
              ],
              [
                12.7344662,
                50.0637377
              ],
              [
                12.7348379,
                50.0638231
              ],
              [
                12.7350052,
                50.0638729
              ],
              [
                12.7351216,
                50.0639464
              ],
              [
                12.7352394,
                50.0640815
              ],
              [
                12.7353841,
                50.0641543
              ],
              [
                12.7356982,
                50.0642229
              ],
              [
                12.7358532,
                50.0642317
              ],
              [
                12.7360488,
                50.0641905
              ],
              [
                12.7362503,
                50.0641029
              ],
              [
                12.736491,
                50.0640158
              ],
              [
                12.736498,
                50.0639879
              ],
              [
                12.736498,
                50.0639876
              ],
              [
                12.7367869,
                50.0638152
              ],
              [
                12.7371345,
                50.0636223
              ],
              [
                12.7374065,
                50.0634625
              ],
              [
                12.7374703,
                50.0634016
              ],
              [
                12.7374994,
                50.0633447
              ],
              [
                12.7374996,
                50.0633444
              ],
              [
                12.7375254,
                50.0633158
              ],
              [
                12.7375882,
                50.0631994
              ],
              [
                12.7377817,
                50.0628291
              ],
              [
                12.737871,
                50.0625013
              ],
              [
                12.737871,
                50.062501
              ],
              [
                12.7379356,
                50.0624523
              ],
              [
                12.7381508,
                50.0623998
              ],
              [
                12.738355,
                50.0623463
              ],
              [
                12.7387217,
                50.0623167
              ],
              [
                12.739097,
                50.0622977
              ],
              [
                12.7393538,
                50.0622737
              ],
              [
                12.7397721,
                50.0622471
              ],
              [
                12.7400485,
                50.0621745
              ],
              [
                12.7405921,
                50.0620211
              ],
              [
                12.7407618,
                50.0619856
              ],
              [
                12.7409446,
                50.0619732
              ],
              [
                12.7413916,
                50.0619519
              ],
              [
                12.7415058,
                50.061944
              ],
              [
                12.7416932,
                50.0619489
              ],
              [
                12.7419637,
                50.0619451
              ],
              [
                12.7424922,
                50.0620229
              ],
              [
                12.7425813,
                50.0620436
              ],
              [
                12.7426641,
                50.0620898
              ],
              [
                12.7427422,
                50.062173
              ],
              [
                12.7429367,
                50.0624013
              ],
              [
                12.7430757,
                50.0625284
              ],
              [
                12.7437501,
                50.0630116
              ],
              [
                12.7441594,
                50.0632071
              ],
              [
                12.7442251,
                50.0632139
              ],
              [
                12.7443197,
                50.0631948
              ],
              [
                12.7443594,
                50.063144
              ],
              [
                12.7443981,
                50.0630786
              ],
              [
                12.7444211,
                50.0630405
              ],
              [
                12.7444704,
                50.0630051
              ],
              [
                12.74458,
                50.0629615
              ],
              [
                12.7446999,
                50.0629132
              ],
              [
                12.7447484,
                50.0628806
              ],
              [
                12.7448809,
                50.0627815
              ],
              [
                12.744966,
                50.0626747
              ],
              [
                12.745099,
                50.0623935
              ],
              [
                12.7451979,
                50.0622129
              ],
              [
                12.7452623,
                50.0621531
              ],
              [
                12.7455041,
                50.0619757
              ],
              [
                12.7457908,
                50.0618348
              ],
              [
                12.7458919,
                50.0618076
              ],
              [
                12.7460455,
                50.0617859
              ],
              [
                12.7461921,
                50.0617924
              ],
              [
                12.7464088,
                50.0618061
              ],
              [
                12.7477037,
                50.0619081
              ],
              [
                12.7477776,
                50.061936
              ],
              [
                12.7479063,
                50.0619782
              ],
              [
                12.7491861,
                50.0627176
              ],
              [
                12.7504619,
                50.0627887
              ],
              [
                12.7509377,
                50.062916
              ],
              [
                12.7515413,
                50.0630708
              ],
              [
                12.7516474,
                50.0631136
              ],
              [
                12.751718,
                50.0631729
              ],
              [
                12.7518284,
                50.0632884
              ],
              [
                12.7518525,
                50.0634441
              ],
              [
                12.7518822,
                50.063505
              ],
              [
                12.7518821,
                50.0635054
              ],
              [
                12.7518614,
                50.0636966
              ],
              [
                12.7518739,
                50.0637904
              ],
              [
                12.7519318,
                50.0639005
              ],
              [
                12.7520515,
                50.064069
              ],
              [
                12.7522431,
                50.0642911
              ],
              [
                12.7525198,
                50.0646406
              ],
              [
                12.7527362,
                50.0648538
              ],
              [
                12.7530127,
                50.0651137
              ],
              [
                12.7534283,
                50.0655007
              ],
              [
                12.7535732,
                50.0656399
              ],
              [
                12.7537957,
                50.0658826
              ],
              [
                12.7539821,
                50.0660898
              ],
              [
                12.7541634,
                50.0662994
              ],
              [
                12.7543733,
                50.0665205
              ],
              [
                12.7544627,
                50.0666483
              ],
              [
                12.7545184,
                50.0667495
              ],
              [
                12.7545358,
                50.0668116
              ],
              [
                12.7545493,
                50.0668596
              ],
              [
                12.7545797,
                50.06699
              ],
              [
                12.7545796,
                50.0669902
              ],
              [
                12.7545523,
                50.0670374
              ],
              [
                12.7545523,
                50.0670375
              ],
              [
                12.7545854,
                50.0672223
              ],
              [
                12.7546576,
                50.0673274
              ],
              [
                12.7549772,
                50.0676802
              ],
              [
                12.7552916,
                50.0680427
              ],
              [
                12.7554121,
                50.0681211
              ],
              [
                12.7570337,
                50.0687609
              ],
              [
                12.7571392,
                50.0687569
              ],
              [
                12.7577629,
                50.0686889
              ],
              [
                12.7599853,
                50.0686128
              ],
              [
                12.7612104,
                50.0686898
              ],
              [
                12.7613221,
                50.0685622
              ],
              [
                12.7613641,
                50.068642
              ],
              [
                12.7613111,
                50.068662
              ],
              [
                12.7613203,
                50.0686917
              ],
              [
                12.7613999,
                50.0687036
              ],
              [
                12.7616719,
                50.0688188
              ],
              [
                12.7624652,
                50.0692392
              ],
              [
                12.7628514,
                50.0695261
              ],
              [
                12.7628888,
                50.0696078
              ],
              [
                12.7629426,
                50.0699424
              ],
              [
                12.7631496,
                50.0702229
              ],
              [
                12.7632784,
                50.0705578
              ],
              [
                12.7631951,
                50.0709462
              ],
              [
                12.7632465,
                50.0712181
              ],
              [
                12.7634278,
                50.0714902
              ],
              [
                12.76359,
                50.0717299
              ],
              [
                12.7636677,
                50.0719407
              ],
              [
                12.7636574,
                50.0720247
              ],
              [
                12.7632885,
                50.0728937
              ],
              [
                12.7633286,
                50.0730857
              ],
              [
                12.7633949,
                50.073281
              ],
              [
                12.7635957,
                50.0734762
              ],
              [
                12.7636163,
                50.073539
              ],
              [
                12.7636746,
                50.0735934
              ],
              [
                12.7638993,
                50.0740539
              ],
              [
                12.7639422,
                50.0741142
              ],
              [
                12.764004,
                50.0741534
              ],
              [
                12.7642698,
                50.074276
              ],
              [
                12.7648761,
                50.0747482
              ],
              [
                12.7650313,
                50.0749164
              ],
              [
                12.7650632,
                50.0749946
              ],
              [
                12.7650513,
                50.075072
              ],
              [
                12.7649559,
                50.0753177
              ],
              [
                12.7648915,
                50.0754118
              ],
              [
                12.7647027,
                50.0755597
              ],
              [
                12.7646731,
                50.0755866
              ],
              [
                12.7646203,
                50.0756343
              ],
              [
                12.7645992,
                50.0757235
              ],
              [
                12.7646231,
                50.0759499
              ],
              [
                12.7646353,
                50.0761275
              ],
              [
                12.76465,
                50.0763418
              ],
              [
                12.7647288,
                50.0765543
              ],
              [
                12.7647656,
                50.07662
              ],
              [
                12.764832,
                50.0767386
              ],
              [
                12.7654291,
                50.0771532
              ],
              [
                12.7658283,
                50.0774701
              ],
              [
                12.7659274,
                50.0776299
              ],
              [
                12.7659605,
                50.0778324
              ],
              [
                12.7659941,
                50.0779121
              ],
              [
                12.7659855,
                50.0780208
              ],
              [
                12.7658028,
                50.0782526
              ],
              [
                12.7657785,
                50.0783626
              ],
              [
                12.7657777,
                50.0787479
              ],
              [
                12.7657923,
                50.078815
              ],
              [
                12.7658702,
                50.0790883
              ],
              [
                12.7658682,
                50.0791971
              ],
              [
                12.7656333,
                50.0794735
              ],
              [
                12.7656544,
                50.0797236
              ],
              [
                12.7656353,
                50.0797778
              ],
              [
                12.765371,
                50.0800233
              ],
              [
                12.76496,
                50.0802263
              ],
              [
                12.7649043,
                50.0802581
              ],
              [
                12.7644295,
                50.080451
              ],
              [
                12.7637345,
                50.0806023
              ],
              [
                12.7634959,
                50.0806377
              ],
              [
                12.7633167,
                50.0806566
              ],
              [
                12.7631441,
                50.0806664
              ],
              [
                12.7624835,
                50.0807161
              ],
              [
                12.7623449,
                50.080719
              ],
              [
                12.762185,
                50.0807116
              ],
              [
                12.7617778,
                50.0806733
              ],
              [
                12.7613251,
                50.0807104
              ],
              [
                12.7607241,
                50.0807117
              ],
              [
                12.7594264,
                50.0804758
              ],
              [
                12.7585696,
                50.0802444
              ],
              [
                12.7582798,
                50.0801158
              ],
              [
                12.7579646,
                50.0799392
              ],
              [
                12.7575295,
                50.0795838
              ],
              [
                12.7573739,
                50.0794765
              ],
              [
                12.7565071,
                50.0792291
              ],
              [
                12.7561971,
                50.0791672
              ],
              [
                12.7553993,
                50.079257
              ],
              [
                12.7550287,
                50.0792318
              ],
              [
                12.754777,
                50.0791407
              ],
              [
                12.7541603,
                50.0790781
              ],
              [
                12.7537466,
                50.0790747
              ],
              [
                12.7534004,
                50.0789293
              ],
              [
                12.7529815,
                50.0787951
              ],
              [
                12.7525772,
                50.0786139
              ],
              [
                12.7523307,
                50.078537
              ],
              [
                12.7520088,
                50.0783281
              ],
              [
                12.7517553,
                50.0781131
              ],
              [
                12.7515249,
                50.0779419
              ],
              [
                12.7514292,
                50.0778924
              ],
              [
                12.7508906,
                50.077741
              ],
              [
                12.7507221,
                50.0777353
              ],
              [
                12.7505956,
                50.0777574
              ],
              [
                12.7505249,
                50.07781
              ],
              [
                12.7505011,
                50.0778661
              ],
              [
                12.7505996,
                50.0782909
              ],
              [
                12.7505777,
                50.0783788
              ],
              [
                12.7504749,
                50.0784885
              ],
              [
                12.7503941,
                50.078533
              ],
              [
                12.7502514,
                50.0786101
              ],
              [
                12.7501262,
                50.0786205
              ],
              [
                12.7500393,
                50.0786259
              ],
              [
                12.7498187,
                50.0786599
              ],
              [
                12.7495386,
                50.0787314
              ],
              [
                12.7491462,
                50.0789086
              ],
              [
                12.7488978,
                50.0790077
              ],
              [
                12.7485274,
                50.079429
              ],
              [
                12.748366,
                50.0795621
              ],
              [
                12.7483443,
                50.0796168
              ],
              [
                12.7492957,
                50.079678
              ],
              [
                12.7494249,
                50.0797397
              ],
              [
                12.7495622,
                50.079827
              ],
              [
                12.7497241,
                50.0799459
              ],
              [
                12.7498518,
                50.0800678
              ],
              [
                12.7499371,
                50.0800943
              ],
              [
                12.749976,
                50.080077
              ],
              [
                12.7501299,
                50.0800799
              ],
              [
                12.7500184,
                50.0801129
              ],
              [
                12.7501915,
                50.0801112
              ],
              [
                12.7502867,
                50.0801456
              ],
              [
                12.7505772,
                50.0801616
              ],
              [
                12.7507087,
                50.0803335
              ],
              [
                12.7507755,
                50.080402
              ],
              [
                12.7508929,
                50.0804499
              ],
              [
                12.7510874,
                50.0804719
              ],
              [
                12.7513418,
                50.0805286
              ],
              [
                12.7517394,
                50.0805964
              ],
              [
                12.7518355,
                50.0807188
              ],
              [
                12.7519364,
                50.0809011
              ],
              [
                12.7520585,
                50.0810602
              ],
              [
                12.7521785,
                50.0812169
              ],
              [
                12.7526926,
                50.0814163
              ],
              [
                12.7528441,
                50.0815153
              ],
              [
                12.7531504,
                50.0817471
              ],
              [
                12.7533977,
                50.0819007
              ],
              [
                12.7534435,
                50.0819329
              ],
              [
                12.7535025,
                50.0819914
              ],
              [
                12.753519,
                50.0820356
              ],
              [
                12.7535072,
                50.0821563
              ],
              [
                12.7531651,
                50.0824929
              ],
              [
                12.7528784,
                50.0826757
              ],
              [
                12.7526021,
                50.0828276
              ],
              [
                12.752507,
                50.0829212
              ],
              [
                12.7525413,
                50.0831809
              ],
              [
                12.7525291,
                50.0835293
              ],
              [
                12.7527031,
                50.0839306
              ],
              [
                12.753033,
                50.084225
              ],
              [
                12.7531873,
                50.0843527
              ],
              [
                12.7534312,
                50.0846094
              ],
              [
                12.7536259,
                50.0847184
              ],
              [
                12.7537166,
                50.0848138
              ],
              [
                12.7539517,
                50.0849069
              ],
              [
                12.7541458,
                50.0849231
              ],
              [
                12.7543647,
                50.0850851
              ],
              [
                12.754416,
                50.0851657
              ],
              [
                12.7547659,
                50.0853416
              ],
              [
                12.754997,
                50.0854434
              ],
              [
                12.7552678,
                50.0856181
              ],
              [
                12.7554636,
                50.0856181
              ],
              [
                12.7558612,
                50.085726
              ],
              [
                12.7560032,
                50.0857847
              ],
              [
                12.7561076,
                50.0858794
              ],
              [
                12.7562385,
                50.0860584
              ],
              [
                12.7563081,
                50.0862616
              ],
              [
                12.7563143,
                50.0862936
              ],
              [
                12.7563499,
                50.0864775
              ],
              [
                12.7563366,
                50.0865838
              ],
              [
                12.7561755,
                50.0868622
              ],
              [
                12.7560195,
                50.0869351
              ],
              [
                12.7558063,
                50.0870097
              ],
              [
                12.7558064,
                50.0870507
              ],
              [
                12.7554758,
                50.0871634
              ],
              [
                12.7551895,
                50.0871817
              ],
              [
                12.7550502,
                50.0872313
              ],
              [
                12.7547063,
                50.0874656
              ],
              [
                12.7545806,
                50.0877091
              ],
              [
                12.7544239,
                50.0880583
              ],
              [
                12.7544027,
                50.088138
              ],
              [
                12.7547771,
                50.0885089
              ],
              [
                12.7549079,
                50.0887272
              ],
              [
                12.7549444,
                50.0889322
              ],
              [
                12.7549327,
                50.0890886
              ],
              [
                12.7549585,
                50.0891345
              ],
              [
                12.7553462,
                50.0893231
              ],
              [
                12.7556425,
                50.0896075
              ],
              [
                12.7558368,
                50.0898172
              ],
              [
                12.7558587,
                50.0898985
              ],
              [
                12.7555836,
                50.091058
              ],
              [
                12.7555717,
                50.0911077
              ],
              [
                12.7555423,
                50.0912318
              ],
              [
                12.7551993,
                50.091747
              ],
              [
                12.7549825,
                50.0918817
              ],
              [
                12.754701,
                50.0921182
              ],
              [
                12.7542221,
                50.0922791
              ],
              [
                12.7541463,
                50.0923443
              ],
              [
                12.7541442,
                50.0924707
              ],
              [
                12.7540571,
                50.0927247
              ],
              [
                12.7540652,
                50.0928948
              ],
              [
                12.7542176,
                50.0929885
              ],
              [
                12.7544931,
                50.093062
              ],
              [
                12.7546302,
                50.0931254
              ],
              [
                12.7547813,
                50.0932158
              ],
              [
                12.7548534,
                50.0932417
              ],
              [
                12.7549448,
                50.0932565
              ],
              [
                12.7550835,
                50.09326
              ],
              [
                12.755904,
                50.0931417
              ],
              [
                12.7561419,
                50.0930625
              ],
              [
                12.7562979,
                50.0930029
              ],
              [
                12.7566283,
                50.0929074
              ],
              [
                12.7570727,
                50.0927985
              ],
              [
                12.7570858,
                50.0927459
              ],
              [
                12.7571514,
                50.0927484
              ],
              [
                12.7571434,
                50.0928014
              ],
              [
                12.7572248,
                50.092806
              ],
              [
                12.7571214,
                50.0928798
              ],
              [
                12.7575991,
                50.0931922
              ],
              [
                12.7577296,
                50.0932776
              ],
              [
                12.7586699,
                50.0935636
              ],
              [
                12.7591085,
                50.0937922
              ],
              [
                12.7594054,
                50.0940435
              ],
              [
                12.7596063,
                50.0942136
              ],
              [
                12.7601641,
                50.0943651
              ],
              [
                12.7606106,
                50.0947287
              ],
              [
                12.7606475,
                50.0947587
              ],
              [
                12.7607658,
                50.0949867
              ],
              [
                12.7606518,
                50.0952175
              ],
              [
                12.7603618,
                50.0955077
              ],
              [
                12.7602091,
                50.0956606
              ],
              [
                12.7600457,
                50.0960066
              ],
              [
                12.7596364,
                50.0962089
              ],
              [
                12.7595279,
                50.0962625
              ],
              [
                12.7592773,
                50.0966606
              ],
              [
                12.7585871,
                50.0969655
              ],
              [
                12.7585499,
                50.0970438
              ],
              [
                12.7584514,
                50.097135
              ],
              [
                12.7584032,
                50.0971796
              ],
              [
                12.758362,
                50.0972737
              ],
              [
                12.7583208,
                50.0973677
              ],
              [
                12.7580584,
                50.0975393
              ],
              [
                12.7577986,
                50.0976652
              ],
              [
                12.7577116,
                50.0977994
              ],
              [
                12.7578381,
                50.0979207
              ],
              [
                12.7579416,
                50.0980199
              ],
              [
                12.7581872,
                50.098131
              ],
              [
                12.7584827,
                50.0982647
              ],
              [
                12.7585913,
                50.098329
              ],
              [
                12.7588111,
                50.098459
              ],
              [
                12.7590332,
                50.0987106
              ],
              [
                12.7590335,
                50.0987105
              ],
              [
                12.7590716,
                50.0986937
              ],
              [
                12.7591016,
                50.0986804
              ],
              [
                12.759125,
                50.0986671
              ],
              [
                12.7591413,
                50.0986578
              ],
              [
                12.7592114,
                50.0986211
              ],
              [
                12.7592346,
                50.0984029
              ],
              [
                12.7591316,
                50.0980247
              ],
              [
                12.7591316,
                50.0980244
              ],
              [
                12.7591371,
                50.0979462
              ],
              [
                12.7591373,
                50.0979459
              ],
              [
                12.7592289,
                50.0976701
              ],
              [
                12.7592341,
                50.0976544
              ],
              [
                12.7592342,
                50.0976542
              ],
              [
                12.7594601,
                50.097577
              ],
              [
                12.7595249,
                50.0975549
              ],
              [
                12.7598503,
                50.0975438
              ],
              [
                12.7605737,
                50.0975128
              ],
              [
                12.7615003,
                50.0974791
              ],
              [
                12.761863,
                50.097369
              ],
              [
                12.7623957,
                50.0972073
              ],
              [
                12.7624675,
                50.0971765
              ],
              [
                12.7628234,
                50.0970238
              ],
              [
                12.7629469,
                50.0970354
              ],
              [
                12.7631301,
                50.0970527
              ],
              [
                12.7633302,
                50.0970223
              ],
              [
                12.7637865,
                50.0970585
              ],
              [
                12.7638451,
                50.0970809
              ],
              [
                12.7640345,
                50.0971533
              ],
              [
                12.76406,
                50.0971588
              ],
              [
                12.7640909,
                50.0971655
              ],
              [
                12.7647621,
                50.0973503
              ],
              [
                12.7649182,
                50.0974129
              ],
              [
                12.7654437,
                50.0976236
              ],
              [
                12.7655529,
                50.0976894
              ],
              [
                12.7656971,
                50.0977763
              ],
              [
                12.7658954,
                50.0978149
              ],
              [
                12.7660399,
                50.0978936
              ],
              [
                12.7668284,
                50.0980049
              ],
              [
                12.767221,
                50.098057
              ],
              [
                12.7675378,
                50.098099
              ],
              [
                12.7679058,
                50.0981561
              ],
              [
                12.7683577,
                50.0982263
              ],
              [
                12.7685458,
                50.0983029
              ],
              [
                12.768594,
                50.0983226
              ],
              [
                12.7685943,
                50.0983226
              ],
              [
                12.7687776,
                50.0983387
              ],
              [
                12.769372,
                50.098391
              ],
              [
                12.7704803,
                50.0983713
              ],
              [
                12.7705312,
                50.0983704
              ],
              [
                12.7712121,
                50.0983584
              ],
              [
                12.7718609,
                50.0983543
              ],
              [
                12.7718611,
                50.0983543
              ],
              [
                12.7725253,
                50.0983453
              ],
              [
                12.7731947,
                50.0983387
              ],
              [
                12.7741539,
                50.0984576
              ],
              [
                12.7747733,
                50.0985214
              ],
              [
                12.7751755,
                50.0985929
              ],
              [
                12.7756507,
                50.0985708
              ],
              [
                12.7758933,
                50.0985629
              ],
              [
                12.7761071,
                50.0985559
              ],
              [
                12.7765869,
                50.0986094
              ],
              [
                12.7767595,
                50.0986286
              ],
              [
                12.777145,
                50.0986428
              ],
              [
                12.777467,
                50.0986898
              ],
              [
                12.7778262,
                50.0987421
              ],
              [
                12.7782132,
                50.0988219
              ],
              [
                12.7784708,
                50.0988749
              ],
              [
                12.7789612,
                50.0989737
              ],
              [
                12.7793835,
                50.09909
              ],
              [
                12.7794468,
                50.0991155
              ],
              [
                12.7797058,
                50.0992196
              ],
              [
                12.7797062,
                50.0992198
              ],
              [
                12.7798084,
                50.099253
              ],
              [
                12.7806187,
                50.099504
              ],
              [
                12.7808181,
                50.0995783
              ],
              [
                12.7813593,
                50.0997797
              ],
              [
                12.7815845,
                50.0998638
              ],
              [
                12.7817736,
                50.0999516
              ],
              [
                12.781998,
                50.1000557
              ],
              [
                12.7825393,
                50.1001756
              ],
              [
                12.7826282,
                50.1001953
              ],
              [
                12.7830905,
                50.1003494
              ],
              [
                12.7834962,
                50.1004238
              ],
              [
                12.783725,
                50.1004657
              ],
              [
                12.7838664,
                50.1004605
              ],
              [
                12.7839721,
                50.1004565
              ],
              [
                12.7840675,
                50.1004629
              ],
              [
                12.7845663,
                50.1004959
              ],
              [
                12.7849785,
                50.1004827
              ],
              [
                12.785268,
                50.1004734
              ],
              [
                12.7856111,
                50.1004929
              ],
              [
                12.7858412,
                50.100506
              ],
              [
                12.7858947,
                50.1005043
              ],
              [
                12.7860381,
                50.1004998
              ],
              [
                12.7863686,
                50.1004952
              ],
              [
                12.7867224,
                50.1004901
              ],
              [
                12.7873045,
                50.1004818
              ],
              [
                12.7876994,
                50.1004761
              ],
              [
                12.7877787,
                50.100475
              ],
              [
                12.7880156,
                50.1004727
              ],
              [
                12.7882792,
                50.1004701
              ],
              [
                12.7883508,
                50.1004779
              ],
              [
                12.788352,
                50.1004721
              ],
              [
                12.7883533,
                50.1004657
              ],
              [
                12.7885252,
                50.1004969
              ],
              [
                12.7886389,
                50.1005176
              ],
              [
                12.7890309,
                50.1005888
              ],
              [
                12.7893158,
                50.100671
              ],
              [
                12.7895225,
                50.100765
              ],
              [
                12.7895816,
                50.1008286
              ],
              [
                12.7897426,
                50.1010017
              ],
              [
                12.7897413,
                50.1010555
              ],
              [
                12.7897336,
                50.1013698
              ],
              [
                12.7897336,
                50.1013727
              ],
              [
                12.7897715,
                50.1014118
              ],
              [
                12.7899465,
                50.1015919
              ],
              [
                12.7900981,
                50.1016993
              ],
              [
                12.7904569,
                50.1019535
              ],
              [
                12.7906293,
                50.1021231
              ],
              [
                12.7906431,
                50.1021459
              ],
              [
                12.7906481,
                50.1021542
              ],
              [
                12.7907185,
                50.1022707
              ],
              [
                12.7907799,
                50.1024761
              ],
              [
                12.7908068,
                50.1025662
              ],
              [
                12.7908396,
                50.1026759
              ],
              [
                12.79101,
                50.1029605
              ],
              [
                12.7911066,
                50.1030878
              ],
              [
                12.7911948,
                50.1031757
              ],
              [
                12.7913362,
                50.1032337
              ],
              [
                12.7914016,
                50.1032374
              ],
              [
                12.7918988,
                50.1032649
              ],
              [
                12.7920896,
                50.1032803
              ],
              [
                12.7924584,
                50.1033314
              ],
              [
                12.7925681,
                50.1033841
              ],
              [
                12.7926101,
                50.1034043
              ],
              [
                12.7926306,
                50.1034141
              ],
              [
                12.7927017,
                50.103487
              ],
              [
                12.7927411,
                50.1035554
              ],
              [
                12.7927465,
                50.1036161
              ],
              [
                12.7926536,
                50.1036817
              ],
              [
                12.7919532,
                50.1041939
              ],
              [
                12.7917089,
                50.1043134
              ],
              [
                12.7915663,
                50.1043773
              ],
              [
                12.7911782,
                50.1045163
              ],
              [
                12.790849,
                50.1046524
              ],
              [
                12.7903156,
                50.1049426
              ],
              [
                12.7900834,
                50.1050448
              ],
              [
                12.7896693,
                50.1051997
              ],
              [
                12.7893098,
                50.1053505
              ],
              [
                12.7889682,
                50.1055116
              ],
              [
                12.7885766,
                50.1056652
              ],
              [
                12.7880215,
                50.1059509
              ],
              [
                12.7877789,
                50.1060746
              ],
              [
                12.7872262,
                50.1064067
              ],
              [
                12.7871137,
                50.1064474
              ],
              [
                12.7863917,
                50.1066343
              ],
              [
                12.7859789,
                50.1067052
              ],
              [
                12.7856251,
                50.1067431
              ]
            ],
            [
              [
                12.7026602,
                50.0501311
              ],
              [
                12.7026318,
                50.0501215
              ],
              [
                12.7025752,
                50.0501223
              ],
              [
                12.7025779,
                50.0501225
              ],
              [
                12.7026587,
                50.0501309
              ],
              [
                12.7026602,
                50.0501311
              ]
            ]
          ],
          [
            [
              [
                12.6787157,
                50.02535
              ],
              [
                12.678222,
                50.0259627
              ],
              [
                12.6779499,
                50.026756
              ],
              [
                12.6776773,
                50.0271293
              ],
              [
                12.6776074,
                50.0273368
              ],
              [
                12.6775731,
                50.0281616
              ],
              [
                12.6774862,
                50.0283401
              ],
              [
                12.6771044,
                50.0283081
              ],
              [
                12.6767498,
                50.0283037
              ],
              [
                12.6762236,
                50.0282292
              ],
              [
                12.676131,
                50.0281325
              ],
              [
                12.6748623,
                50.0279153
              ],
              [
                12.6743871,
                50.0277895
              ],
              [
                12.6727763,
                50.0272288
              ],
              [
                12.6715683,
                50.0268404
              ],
              [
                12.6721931,
                50.026267
              ],
              [
                12.6730377,
                50.0261702
              ],
              [
                12.6741937,
                50.0250857
              ],
              [
                12.6750111,
                50.0244639
              ],
              [
                12.6762425,
                50.0248146
              ],
              [
                12.676979,
                50.0249847
              ],
              [
                12.6789314,
                50.0248738
              ],
              [
                12.6787157,
                50.02535
              ]
            ]
          ],
          [
            [
              [
                12.6966553,
                50.0506007
              ],
              [
                12.696721,
                50.0513066
              ],
              [
                12.6966004,
                50.0520406
              ],
              [
                12.696503,
                50.0523665
              ],
              [
                12.6960515,
                50.0522755
              ],
              [
                12.6959777,
                50.0521491
              ],
              [
                12.6958715,
                50.052026
              ],
              [
                12.6942077,
                50.0518092
              ],
              [
                12.6935213,
                50.0516666
              ],
              [
                12.6936237,
                50.0511105
              ],
              [
                12.6940605,
                50.0507555
              ],
              [
                12.6948098,
                50.0504362
              ],
              [
                12.6951834,
                50.0503121
              ],
              [
                12.6956325,
                50.0502027
              ],
              [
                12.6958553,
                50.0501545
              ],
              [
                12.6963856,
                50.0500365
              ],
              [
                12.6966553,
                50.0506007
              ]
            ]
          ],
          [
            [
              [
                12.7834591,
                50.1064692
              ],
              [
                12.7834415,
                50.1065036
              ],
              [
                12.7834166,
                50.1065844
              ],
              [
                12.7831562,
                50.1067073
              ],
              [
                12.7831362,
                50.1066914
              ],
              [
                12.7833833,
                50.106565
              ],
              [
                12.7834287,
                50.1064891
              ],
              [
                12.7834477,
                50.1064565
              ],
              [
                12.7834591,
                50.1064692
              ]
            ]
          ]
        ]
      },
      "properties": {
        "zdroj": "NPÚ, Památkový geografický informační systém",
        "nazev": "Dlouhá stoka s rybníky Kladským a Novým",
        "ochrana_kod": "NKP",
        "ochrana": "národní kulturní památka",
        "unesco": false,
        "upresneni_ochrany": "NEM",
        "rejstrik": "383",
        "prstav_id": "140076533",
        "chraneno": true,
        "faze_ochrany": "památkově chráněno",
        "rok_zapisu": 2014,
        "url": "https://pamatkovykatalog.cz/pravni-ochrana/x-140076533",
        "prislusnost_k_obci": "ÚSKP: obec uvedena u záznamu"
      }
    },
    {
      "type": "Feature",
      "geometry": {
        "type": "MultiPolygon",
        "coordinates": [
          [
            [
              [
                12.7065263,
                49.9741627
              ],
              [
                12.7065087,
                49.9741621
              ],
              [
                12.7064759,
                49.974161
              ],
              [
                12.7064583,
                49.9741605
              ],
              [
                12.7064144,
                49.9741554
              ],
              [
                12.7064177,
                49.9741361
              ],
              [
                12.7064101,
                49.9741356
              ],
              [
                12.706418,
                49.9740725
              ],
              [
                12.7064292,
                49.9739822
              ],
              [
                12.7071747,
                49.9740054
              ],
              [
                12.7071714,
                49.9740502
              ],
              [
                12.7071605,
                49.9741779
              ],
              [
                12.7070909,
                49.9741809
              ],
              [
                12.7070249,
                49.9741788
              ],
              [
                12.7065263,
                49.9741627
              ]
            ]
          ]
        ]
      },
      "properties": {
        "zdroj": "NPÚ, Památkový geografický informační systém",
        "nazev": "tržnice",
        "ochrana_kod": "KP",
        "ochrana": "kulturní památka",
        "unesco": false,
        "upresneni_ochrany": "NEM",
        "rejstrik": "103339",
        "prstav_id": "855803756",
        "chraneno": true,
        "faze_ochrany": "památkově chráněno",
        "rok_zapisu": 2008,
        "url": "https://pamatkovykatalog.cz/pravni-ochrana/x-855803756",
        "prislusnost_k_obci": "ÚSKP: obec uvedena u záznamu"
      }
    },
    {
      "type": "Feature",
      "geometry": {
        "type": "MultiPolygon",
        "coordinates": [
          [
            [
              [
                12.7019442,
                49.9745098
              ],
              [
                12.7019147,
                49.9745091
              ],
              [
                12.7018873,
                49.9745085
              ],
              [
                12.7017637,
                49.9745056
              ],
              [
                12.7017239,
                49.9745047
              ],
              [
                12.701735,
                49.974324
              ],
              [
                12.7017873,
                49.9743253
              ],
              [
                12.7017915,
                49.9743145
              ],
              [
                12.7018023,
                49.9743049
              ],
              [
                12.7018183,
                49.9742988
              ],
              [
                12.7018352,
                49.9742972
              ],
              [
                12.7018519,
                49.9742997
              ],
              [
                12.701867,
                49.9743066
              ],
              [
                12.7018768,
                49.9743168
              ],
              [
                12.7018795,
                49.9743277
              ],
              [
                12.7019284,
                49.9743286
              ],
              [
                12.7019494,
                49.974329
              ],
              [
                12.7019442,
                49.9745098
              ]
            ]
          ]
        ]
      },
      "properties": {
        "zdroj": "NPÚ, Památkový geografický informační systém",
        "nazev": "kaple Anglikánská",
        "ochrana_kod": "KP",
        "ochrana": "kulturní památka",
        "unesco": false,
        "upresneni_ochrany": "NEM",
        "rejstrik": "21626/4-3785",
        "prstav_id": "132525",
        "chraneno": true,
        "faze_ochrany": "památkově chráněno",
        "rok_zapisu": 1958,
        "url": "https://pamatkovykatalog.cz/pravni-ochrana/x-132525",
        "prislusnost_k_obci": "ÚSKP: obec uvedena u záznamu"
      }
    },
    {
      "type": "Feature",
      "geometry": {
        "type": "MultiPolygon",
        "coordinates": [
          [
            [
              [
                12.7023897,
                49.97807
              ],
              [
                12.7023898,
                49.9780725
              ],
              [
                12.702363,
                49.9780729
              ],
              [
                12.7023628,
                49.9780618
              ],
              [
                12.7023066,
                49.9780624
              ],
              [
                12.7023065,
                49.9780581
              ],
              [
                12.7022983,
                49.9780611
              ],
              [
                12.7022916,
                49.9780623
              ],
              [
                12.7022846,
                49.9780625
              ],
              [
                12.7022732,
                49.9780612
              ],
              [
                12.7022619,
                49.978057
              ],
              [
                12.7022531,
                49.9780501
              ],
              [
                12.7022488,
                49.9780414
              ],
              [
                12.7022495,
                49.978033
              ],
              [
                12.7022539,
                49.9780261
              ],
              [
                12.7022482,
                49.9780262
              ],
              [
                12.7022468,
                49.9779743
              ],
              [
                12.7022528,
                49.9779742
              ],
              [
                12.7022527,
                49.9779706
              ],
              [
                12.7022554,
                49.9779705
              ],
              [
                12.7022551,
                49.9779603
              ],
              [
                12.7022431,
                49.9779604
              ],
              [
                12.7022425,
                49.9779388
              ],
              [
                12.7022544,
                49.9779386
              ],
              [
                12.7022543,
                49.9779286
              ],
              [
                12.7022514,
                49.9779287
              ],
              [
                12.7022514,
                49.9779249
              ],
              [
                12.7022454,
                49.977925
              ],
              [
                12.7022435,
                49.9778545
              ],
              [
                12.7022502,
                49.9778544
              ],
              [
                12.7022485,
                49.9778053
              ],
              [
                12.7022423,
                49.9778054
              ],
              [
                12.702241,
                49.9777597
              ],
              [
                12.7022458,
                49.9777597
              ],
              [
                12.702243,
                49.9777561
              ],
              [
                12.7022413,
                49.9777522
              ],
              [
                12.7022406,
                49.9777482
              ],
              [
                12.7022409,
                49.9777442
              ],
              [
                12.7022423,
                49.9777403
              ],
              [
                12.7022447,
                49.9777366
              ],
              [
                12.702248,
                49.9777332
              ],
              [
                12.7022522,
                49.9777302
              ],
              [
                12.7022571,
                49.9777277
              ],
              [
                12.7022626,
                49.9777258
              ],
              [
                12.7022685,
                49.9777245
              ],
              [
                12.7022746,
                49.9777239
              ],
              [
                12.7022808,
                49.9777239
              ],
              [
                12.7022809,
                49.9777249
              ],
              [
                12.7025973,
                49.9777201
              ],
              [
                12.7025973,
                49.9777191
              ],
              [
                12.7026028,
                49.9777187
              ],
              [
                12.7026083,
                49.9777188
              ],
              [
                12.7026137,
                49.9777195
              ],
              [
                12.7026189,
                49.9777208
              ],
              [
                12.7026237,
                49.9777226
              ],
              [
                12.7026279,
                49.9777249
              ],
              [
                12.7026315,
                49.9777277
              ],
              [
                12.7026344,
                49.9777307
              ],
              [
                12.7026364,
                49.9777341
              ],
              [
                12.7026376,
                49.9777376
              ],
              [
                12.7026378,
                49.9777411
              ],
              [
                12.7026372,
                49.9777447
              ],
              [
                12.7026357,
                49.9777481
              ],
              [
                12.7026333,
                49.9777513
              ],
              [
                12.7026381,
                49.9777513
              ],
              [
                12.7026392,
                49.9777967
              ],
              [
                12.7026328,
                49.9777966
              ],
              [
                12.7026339,
                49.977846
              ],
              [
                12.7026403,
                49.977846
              ],
              [
                12.7026418,
                49.9779162
              ],
              [
                12.7026359,
                49.9779162
              ],
              [
                12.7026359,
                49.9779197
              ],
              [
                12.7026334,
                49.9779197
              ],
              [
                12.7026337,
                49.9779306
              ],
              [
                12.702646,
                49.9779304
              ],
              [
                12.7026465,
                49.9779522
              ],
              [
                12.702634,
                49.9779522
              ],
              [
                12.7026343,
                49.9779629
              ],
              [
                12.7026367,
                49.9779629
              ],
              [
                12.7026368,
                49.9779665
              ],
              [
                12.7026429,
                49.9779665
              ],
              [
                12.7026441,
                49.9780181
              ],
              [
                12.7026379,
                49.9780182
              ],
              [
                12.7026438,
                49.9780272
              ],
              [
                12.7026445,
                49.9780357
              ],
              [
                12.7026439,
                49.9780382
              ],
              [
                12.7026366,
                49.9780488
              ],
              [
                12.7026239,
                49.9780562
              ],
              [
                12.7026095,
                49.9780594
              ],
              [
                12.7026015,
                49.9780587
              ],
              [
                12.7025946,
                49.9780574
              ],
              [
                12.7025874,
                49.9780554
              ],
              [
                12.7025874,
                49.9780596
              ],
              [
                12.7025314,
                49.9780601
              ],
              [
                12.7025317,
                49.9780713
              ],
              [
                12.7025048,
                49.9780714
              ],
              [
                12.7025049,
                49.9780689
              ],
              [
                12.7025004,
                49.9780665
              ],
              [
                12.7024732,
                49.9780701
              ],
              [
                12.7024733,
                49.9780708
              ],
              [
                12.7024732,
                49.9780714
              ],
              [
                12.702473,
                49.978072
              ],
              [
                12.7024726,
                49.9780726
              ],
              [
                12.702472,
                49.9780731
              ],
              [
                12.7024713,
                49.9780736
              ],
              [
                12.7024705,
                49.978074
              ],
              [
                12.7024697,
                49.9780743
              ],
              [
                12.7024687,
                49.9780745
              ],
              [
                12.7024677,
                49.9780745
              ],
              [
                12.7024667,
                49.9780745
              ],
              [
                12.7024658,
                49.9780744
              ],
              [
                12.7024648,
                49.9780742
              ],
              [
                12.702464,
                49.9780739
              ],
              [
                12.7024632,
                49.9780734
              ],
              [
                12.7024626,
                49.978073
              ],
              [
                12.7024621,
                49.9780724
              ],
              [
                12.7024617,
                49.9780718
              ],
              [
                12.7024615,
                49.9780712
              ],
              [
                12.7024334,
                49.9780714
              ],
              [
                12.7024324,
                49.9780733
              ],
              [
                12.7024298,
                49.9780746
              ],
              [
                12.7024271,
                49.9780749
              ],
              [
                12.7024239,
                49.9780742
              ],
              [
                12.7024219,
                49.9780726
              ],
              [
                12.7024214,
                49.9780707
              ],
              [
                12.7023937,
                49.9780673
              ],
              [
                12.7023897,
                49.97807
              ]
            ]
          ]
        ]
      },
      "properties": {
        "zdroj": "NPÚ, Památkový geografický informační systém",
        "nazev": "divadlo N. V. Gogola",
        "ochrana_kod": "KP",
        "ochrana": "kulturní památka",
        "unesco": false,
        "upresneni_ochrany": "NEM",
        "rejstrik": "18463/4-4047",
        "prstav_id": "129175",
        "chraneno": true,
        "faze_ochrany": "památkově chráněno",
        "rok_zapisu": 1958,
        "url": "https://pamatkovykatalog.cz/pravni-ochrana/x-129175",
        "prislusnost_k_obci": "ÚSKP: obec uvedena u záznamu"
      }
    },
    {
      "type": "Feature",
      "geometry": {
        "type": "MultiPolygon",
        "coordinates": [
          [
            [
              [
                12.7030696,
                49.974223
              ],
              [
                12.7030622,
                49.9742231
              ],
              [
                12.7030646,
                49.9742767
              ],
              [
                12.7030705,
                49.9743346
              ],
              [
                12.7022995,
                49.9743457
              ],
              [
                12.7022987,
                49.9743179
              ],
              [
                12.7023679,
                49.9743168
              ],
              [
                12.7023587,
                49.974117
              ],
              [
                12.7023923,
                49.9740643
              ],
              [
                12.7024726,
                49.9740193
              ],
              [
                12.7025061,
                49.9740099
              ],
              [
                12.702625,
                49.9739971
              ],
              [
                12.702652,
                49.9739959
              ],
              [
                12.7026543,
                49.9740393
              ],
              [
                12.7026557,
                49.9740646
              ],
              [
                12.7030599,
                49.9740615
              ],
              [
                12.7030578,
                49.974126
              ],
              [
                12.7030602,
                49.9741791
              ],
              [
                12.7030679,
                49.9741789
              ],
              [
                12.7030681,
                49.9741848
              ],
              [
                12.7030604,
                49.9741849
              ],
              [
                12.7030619,
                49.9742175
              ],
              [
                12.7030693,
                49.9742173
              ],
              [
                12.7030696,
                49.974223
              ]
            ]
          ]
        ]
      },
      "properties": {
        "zdroj": "NPÚ, Památkový geografický informační systém",
        "nazev": "lázeňský dům Bohemia (Zápotocký)",
        "ochrana_kod": "KP",
        "ochrana": "kulturní památka",
        "unesco": false,
        "upresneni_ochrany": "NEM",
        "rejstrik": "35389/4-4117",
        "prstav_id": "147167",
        "chraneno": true,
        "faze_ochrany": "památkově chráněno",
        "rok_zapisu": 1958,
        "url": "https://pamatkovykatalog.cz/pravni-ochrana/x-147167",
        "prislusnost_k_obci": "ÚSKP: obec uvedena u záznamu"
      }
    },
    {
      "type": "Feature",
      "geometry": {
        "type": "MultiPolygon",
        "coordinates": [
          [
            [
              [
                12.7071705,
                49.9744988
              ],
              [
                12.7071725,
                49.9744992
              ],
              [
                12.7071606,
                49.9745266
              ],
              [
                12.707152,
                49.9745448
              ],
              [
                12.7072014,
                49.9745543
              ],
              [
                12.7071956,
                49.9745679
              ],
              [
                12.7072449,
                49.9745767
              ],
              [
                12.7072661,
                49.9745828
              ],
              [
                12.7072732,
                49.9745979
              ],
              [
                12.7072583,
                49.9747798
              ],
              [
                12.707274,
                49.9748205
              ],
              [
                12.707197,
                49.9751106
              ],
              [
                12.7071848,
                49.9751146
              ],
              [
                12.7071831,
                49.9751481
              ],
              [
                12.7071796,
                49.9751704
              ],
              [
                12.7071367,
                49.9751576
              ],
              [
                12.7071077,
                49.9751502
              ],
              [
                12.7067371,
                49.9750583
              ],
              [
                12.7064016,
                49.9749724
              ],
              [
                12.7063843,
                49.9749672
              ],
              [
                12.706371,
                49.9749639
              ],
              [
                12.7063088,
                49.9749444
              ],
              [
                12.7062898,
                49.9749309
              ],
              [
                12.7062836,
                49.9749192
              ],
              [
                12.7062846,
                49.9749049
              ],
              [
                12.7062903,
                49.9748019
              ],
              [
                12.7063114,
                49.9748027
              ],
              [
                12.7063329,
                49.9748003
              ],
              [
                12.7063565,
                49.9747936
              ],
              [
                12.7063744,
                49.9747846
              ],
              [
                12.7063891,
                49.9747725
              ],
              [
                12.7064032,
                49.9747533
              ],
              [
                12.7064499,
                49.974645
              ],
              [
                12.706436,
                49.9746426
              ],
              [
                12.7064979,
                49.9744935
              ],
              [
                12.7064988,
                49.974486
              ],
              [
                12.7064963,
                49.9744812
              ],
              [
                12.7064916,
                49.9744771
              ],
              [
                12.7064814,
                49.9744732
              ],
              [
                12.7064916,
                49.9744493
              ],
              [
                12.7065029,
                49.9744494
              ],
              [
                12.7065104,
                49.974448
              ],
              [
                12.7065163,
                49.9744447
              ],
              [
                12.7065221,
                49.9744387
              ],
              [
                12.7065256,
                49.9744302
              ],
              [
                12.7065321,
                49.9744148
              ],
              [
                12.7065082,
                49.9744102
              ],
              [
                12.7065148,
                49.9743948
              ],
              [
                12.7065276,
                49.9743974
              ],
              [
                12.7065387,
                49.9743994
              ],
              [
                12.7065711,
                49.9743233
              ],
              [
                12.7065797,
                49.9743029
              ],
              [
                12.7065937,
                49.9743056
              ],
              [
                12.7065911,
                49.9743116
              ],
              [
                12.7065943,
                49.9743122
              ],
              [
                12.7065934,
                49.9743144
              ],
              [
                12.7066438,
                49.9743239
              ],
              [
                12.7066448,
                49.9743217
              ],
              [
                12.7066481,
                49.9743224
              ],
              [
                12.7066508,
                49.9743163
              ],
              [
                12.7067242,
                49.9743301
              ],
              [
                12.7067451,
                49.974334
              ],
              [
                12.7067455,
                49.9743318
              ],
              [
                12.7067546,
                49.9743109
              ],
              [
                12.7067727,
                49.9742709
              ],
              [
                12.7067828,
                49.9742478
              ],
              [
                12.7072729,
                49.97426
              ],
              [
                12.7072685,
                49.9742686
              ],
              [
                12.7072659,
                49.9742741
              ],
              [
                12.7072534,
                49.9742741
              ],
              [
                12.7072407,
                49.9742819
              ],
              [
                12.7071416,
                49.9742807
              ],
              [
                12.7071372,
                49.974299
              ],
              [
                12.7071366,
                49.9743013
              ],
              [
                12.7071759,
                49.9743081
              ],
              [
                12.7072397,
                49.9743193
              ],
              [
                12.7072261,
                49.9743492
              ],
              [
                12.7072358,
                49.9743507
              ],
              [
                12.7072244,
                49.97438
              ],
              [
                12.7072224,
                49.9743797
              ],
              [
                12.7071982,
                49.9744353
              ],
              [
                12.7071705,
                49.9744988
              ]
            ]
          ]
        ]
      },
      "properties": {
        "zdroj": "NPÚ, Památkový geografický informační systém",
        "nazev": "spolkový dům Casino",
        "ochrana_kod": "KP",
        "ochrana": "kulturní památka",
        "unesco": false,
        "upresneni_ochrany": "NEM",
        "rejstrik": "14294/4-4230",
        "prstav_id": "124639",
        "chraneno": true,
        "faze_ochrany": "památkově chráněno",
        "rok_zapisu": 1958,
        "url": "https://pamatkovykatalog.cz/pravni-ochrana/x-124639",
        "prislusnost_k_obci": "ÚSKP: obec uvedena u záznamu"
      }
    },
    {
      "type": "Feature",
      "geometry": {
        "type": "MultiPolygon",
        "coordinates": [
          [
            [
              [
                12.7095249,
                49.9769153
              ],
              [
                12.709589,
                49.9769531
              ],
              [
                12.7095557,
                49.9769753
              ],
              [
                12.7095781,
                49.9769889
              ],
              [
                12.7095556,
                49.9770042
              ],
              [
                12.7095934,
                49.9770272
              ],
              [
                12.7095157,
                49.9770884
              ],
              [
                12.7095389,
                49.9771028
              ],
              [
                12.7095361,
                49.9771047
              ],
              [
                12.709425,
                49.9770393
              ],
              [
                12.709424,
                49.9770387
              ],
              [
                12.7093233,
                49.9769796
              ],
              [
                12.7092035,
                49.9769075
              ],
              [
                12.7090676,
                49.9768257
              ],
              [
                12.708923,
                49.9767384
              ],
              [
                12.708919,
                49.9767359
              ],
              [
                12.7089769,
                49.9766964
              ],
              [
                12.7089802,
                49.9766978
              ],
              [
                12.7090766,
                49.9766295
              ],
              [
                12.7090755,
                49.9766288
              ],
              [
                12.7091166,
                49.9766006
              ],
              [
                12.709083,
                49.9765787
              ],
              [
                12.7091455,
                49.9765346
              ],
              [
                12.7091842,
                49.9765541
              ],
              [
                12.7092017,
                49.9765421
              ],
              [
                12.7092028,
                49.9765427
              ],
              [
                12.7092999,
                49.9764754
              ],
              [
                12.7092975,
                49.976474
              ],
              [
                12.7093548,
                49.9764342
              ],
              [
                12.7098575,
                49.9767332
              ],
              [
                12.7098211,
                49.9767585
              ],
              [
                12.7098472,
                49.9767742
              ],
              [
                12.7097395,
                49.9768495
              ],
              [
                12.7096759,
                49.9768109
              ],
              [
                12.7096236,
                49.9768469
              ],
              [
                12.709641,
                49.9768575
              ],
              [
                12.7095936,
                49.9768896
              ],
              [
                12.7095766,
                49.9768795
              ],
              [
                12.7095249,
                49.9769153
              ]
            ]
          ]
        ]
      },
      "properties": {
        "zdroj": "NPÚ, Památkový geografický informační systém",
        "nazev": "lázeňský dům Weimar/Kavkaz",
        "ochrana_kod": "KP",
        "ochrana": "kulturní památka",
        "unesco": false,
        "upresneni_ochrany": "NEM",
        "rejstrik": "26002/4-4231",
        "prstav_id": "137150",
        "chraneno": true,
        "faze_ochrany": "památkově chráněno, rozsah revidován",
        "rok_zapisu": 2020,
        "url": "https://pamatkovykatalog.cz/pravni-ochrana/x-137150",
        "prislusnost_k_obci": "ÚSKP: obec uvedena u záznamu"
      }
    },
    {
      "type": "Feature",
      "geometry": {
        "type": "MultiPolygon",
        "coordinates": [
          [
            [
              [
                12.703548,
                49.9783345
              ],
              [
                12.7035512,
                49.978482
              ],
              [
                12.7035511,
                49.9784931
              ],
              [
                12.7035519,
                49.9785127
              ],
              [
                12.7035478,
                49.9785128
              ],
              [
                12.7035487,
                49.9785408
              ],
              [
                12.7035488,
                49.9785455
              ],
              [
                12.7035493,
                49.9785661
              ],
              [
                12.7035494,
                49.9785674
              ],
              [
                12.703329,
                49.9785715
              ],
              [
                12.7031605,
                49.9785746
              ],
              [
                12.7031519,
                49.978188
              ],
              [
                12.7033179,
                49.9781861
              ],
              [
                12.7033352,
                49.9781817
              ],
              [
                12.7033669,
                49.9781816
              ],
              [
                12.7033856,
                49.9781857
              ],
              [
                12.7035447,
                49.9781849
              ],
              [
                12.7035447,
                49.9781867
              ],
              [
                12.703548,
                49.9783345
              ]
            ]
          ]
        ]
      },
      "properties": {
        "zdroj": "NPÚ, Památkový geografický informační systém",
        "nazev": "lázeňský dům Pacifik/Vítěz. únor",
        "ochrana_kod": "KP",
        "ochrana": "kulturní památka",
        "unesco": false,
        "upresneni_ochrany": "NEM",
        "rejstrik": "45891/4-4232",
        "prstav_id": "158361",
        "chraneno": true,
        "faze_ochrany": "chráněno",
        "rok_zapisu": 1958,
        "url": "http://pamatkovykatalog.cz/?presenter=LegalStatesResults&action=legalState&legalState=158361",
        "prislusnost_k_obci": "ÚSKP: obec uvedena u záznamu"
      }
    },
    {
      "type": "Feature",
      "geometry": {
        "type": "MultiPolygon",
        "coordinates": [
          [
            [
              [
                12.7027988,
                49.9776039
              ],
              [
                12.7027954,
                49.9776037
              ],
              [
                12.7027638,
                49.9776043
              ],
              [
                12.7027459,
                49.9776053
              ],
              [
                12.7027417,
                49.9776055
              ],
              [
                12.7027421,
                49.9775853
              ],
              [
                12.702736,
                49.9775876
              ],
              [
                12.7027175,
                49.9775707
              ],
              [
                12.702728,
                49.9775659
              ],
              [
                12.7027273,
                49.9774509
              ],
              [
                12.7027131,
                49.9774515
              ],
              [
                12.7027133,
                49.9774504
              ],
              [
                12.7027154,
                49.9774502
              ],
              [
                12.7027156,
                49.9774401
              ],
              [
                12.7027012,
                49.97744
              ],
              [
                12.7027321,
                49.9774216
              ],
              [
                12.7027564,
                49.9774055
              ],
              [
                12.7027933,
                49.9773843
              ],
              [
                12.7027964,
                49.9773849
              ],
              [
                12.7028032,
                49.9773826
              ],
              [
                12.7028025,
                49.9773816
              ],
              [
                12.7028109,
                49.9773789
              ],
              [
                12.7028117,
                49.9773798
              ],
              [
                12.7028356,
                49.9773723
              ],
              [
                12.7028349,
                49.9773713
              ],
              [
                12.7028432,
                49.9773686
              ],
              [
                12.7028439,
                49.9773696
              ],
              [
                12.7029436,
                49.9773425
              ],
              [
                12.702964,
                49.9773412
              ],
              [
                12.7030333,
                49.9773248
              ],
              [
                12.703111,
                49.9773065
              ],
              [
                12.7031378,
                49.9773185
              ],
              [
                12.7031422,
                49.9773204
              ],
              [
                12.7031417,
                49.9774461
              ],
              [
                12.7031478,
                49.9774528
              ],
              [
                12.7031488,
                49.9775112
              ],
              [
                12.7031505,
                49.9775112
              ],
              [
                12.7031511,
                49.9775401
              ],
              [
                12.7031495,
                49.9775401
              ],
              [
                12.7031507,
                49.9776016
              ],
              [
                12.7031449,
                49.9776011
              ],
              [
                12.7027988,
                49.9776039
              ]
            ]
          ]
        ]
      },
      "properties": {
        "zdroj": "NPÚ, Památkový geografický informační systém",
        "nazev": "hotel Praha",
        "ochrana_kod": "KP",
        "ochrana": "kulturní památka",
        "unesco": false,
        "upresneni_ochrany": "NEM",
        "rejstrik": "44705/4-4233",
        "prstav_id": "157090",
        "chraneno": true,
        "faze_ochrany": "památkově chráněno",
        "rok_zapisu": 1958,
        "url": "https://pamatkovykatalog.cz/pravni-ochrana/x-157090",
        "prislusnost_k_obci": "ÚSKP: obec uvedena u záznamu"
      }
    },
    {
      "type": "Feature",
      "geometry": {
        "type": "MultiPolygon",
        "coordinates": [
          [
            [
              [
                12.7023288,
                49.9773727
              ],
              [
                12.7023562,
                49.9774587
              ],
              [
                12.7023775,
                49.9775289
              ],
              [
                12.7020829,
                49.977526
              ],
              [
                12.7020223,
                49.9775255
              ],
              [
                12.7017203,
                49.9775208
              ],
              [
                12.7017604,
                49.9774632
              ],
              [
                12.7017633,
                49.9774577
              ],
              [
                12.701766,
                49.9774527
              ],
              [
                12.7017875,
                49.977423
              ],
              [
                12.7018312,
                49.9773628
              ],
              [
                12.7019069,
                49.9772553
              ],
              [
                12.7019739,
                49.9771603
              ],
              [
                12.7020661,
                49.977029
              ],
              [
                12.7021049,
                49.9769747
              ],
              [
                12.7021747,
                49.9769774
              ],
              [
                12.702299,
                49.9769773
              ],
              [
                12.7023403,
                49.9769773
              ],
              [
                12.702299,
                49.9770267
              ],
              [
                12.7023006,
                49.9770899
              ],
              [
                12.7022984,
                49.9770924
              ],
              [
                12.7023263,
                49.9771007
              ],
              [
                12.7022825,
                49.9771617
              ],
              [
                12.7022805,
                49.9771661
              ],
              [
                12.7022803,
                49.977168
              ],
              [
                12.7022801,
                49.9771709
              ],
              [
                12.7022808,
                49.9771986
              ],
              [
                12.7023003,
                49.9771985
              ],
              [
                12.7023011,
                49.9772324
              ],
              [
                12.7022817,
                49.9772327
              ],
              [
                12.7022824,
                49.9772604
              ],
              [
                12.7022843,
                49.9772676
              ],
              [
                12.7022867,
                49.977272
              ],
              [
                12.7022888,
                49.9772744
              ],
              [
                12.7022954,
                49.9772795
              ],
              [
                12.7022983,
                49.9772776
              ],
              [
                12.7023306,
                49.9772976
              ],
              [
                12.7023125,
                49.9773097
              ],
              [
                12.7023139,
                49.9773219
              ],
              [
                12.7023278,
                49.9773218
              ],
              [
                12.7023288,
                49.9773727
              ]
            ]
          ]
        ]
      },
      "properties": {
        "zdroj": "NPÚ, Památkový geografický informační systém",
        "nazev": "lázeňský dům Balmoral - Osborne",
        "ochrana_kod": "KP",
        "ochrana": "kulturní památka",
        "unesco": false,
        "upresneni_ochrany": "NEM",
        "rejstrik": "22013/4-4234",
        "prstav_id": "132938",
        "chraneno": true,
        "faze_ochrany": "památkově chráněno",
        "rok_zapisu": 1958,
        "url": "https://pamatkovykatalog.cz/pravni-ochrana/x-132938",
        "prislusnost_k_obci": "ÚSKP: obec uvedena u záznamu"
      }
    },
    {
      "type": "Feature",
      "geometry": {
        "type": "MultiPolygon",
        "coordinates": [
          [
            [
              [
                12.7015971,
                49.9788939
              ],
              [
                12.7014593,
                49.9789785
              ],
              [
                12.7011844,
                49.9788183
              ],
              [
                12.7011902,
                49.9788146
              ],
              [
                12.701193,
                49.9788164
              ],
              [
                12.7012365,
                49.9787874
              ],
              [
                12.7012295,
                49.9787831
              ],
              [
                12.7012827,
                49.9787484
              ],
              [
                12.7012872,
                49.9787512
              ],
              [
                12.7013527,
                49.9787083
              ],
              [
                12.7013489,
                49.9787059
              ],
              [
                12.7013824,
                49.9786839
              ],
              [
                12.7013863,
                49.9786864
              ],
              [
                12.7014521,
                49.9786436
              ],
              [
                12.7014474,
                49.9786407
              ],
              [
                12.7015006,
                49.978606
              ],
              [
                12.7015051,
                49.9786089
              ],
              [
                12.7015764,
                49.9786547
              ],
              [
                12.7015719,
                49.9786576
              ],
              [
                12.7016704,
                49.9787209
              ],
              [
                12.7016734,
                49.978719
              ],
              [
                12.7017323,
                49.9787568
              ],
              [
                12.7017628,
                49.9787758
              ],
              [
                12.7017676,
                49.978779
              ],
              [
                12.7016823,
                49.9788365
              ],
              [
                12.7016861,
                49.9788389
              ],
              [
                12.701666,
                49.9788522
              ],
              [
                12.7016623,
                49.9788499
              ],
              [
                12.7015971,
                49.9788939
              ]
            ]
          ]
        ]
      },
      "properties": {
        "zdroj": "NPÚ, Památkový geografický informační systém",
        "nazev": "lázeňský dům Westend",
        "ochrana_kod": "KP",
        "ochrana": "kulturní památka",
        "unesco": false,
        "upresneni_ochrany": "NEM",
        "rejstrik": "33033/4-4235",
        "prstav_id": "144653",
        "chraneno": true,
        "faze_ochrany": "památkově chráněno",
        "rok_zapisu": 1958,
        "url": "https://pamatkovykatalog.cz/pravni-ochrana/x-144653",
        "prislusnost_k_obci": "ÚSKP: obec uvedena u záznamu"
      }
    },
    {
      "type": "Feature",
      "geometry": {
        "type": "MultiPolygon",
        "coordinates": [
          [
            [
              [
                12.7001502,
                49.9805225
              ],
              [
                12.7001304,
                49.9805182
              ],
              [
                12.7001317,
                49.9805158
              ],
              [
                12.7001078,
                49.9805109
              ],
              [
                12.7001066,
                49.9805132
              ],
              [
                12.700088,
                49.9805086
              ],
              [
                12.7001365,
                49.9804124
              ],
              [
                12.7001221,
                49.9804093
              ],
              [
                12.7001268,
                49.9804003
              ],
              [
                12.7001142,
                49.9803976
              ],
              [
                12.7001194,
                49.9803873
              ],
              [
                12.7001278,
                49.9803891
              ],
              [
                12.7001384,
                49.9803683
              ],
              [
                12.7001301,
                49.9803666
              ],
              [
                12.7001355,
                49.980356
              ],
              [
                12.7001481,
                49.9803587
              ],
              [
                12.7001527,
                49.9803496
              ],
              [
                12.7001671,
                49.9803526
              ],
              [
                12.700217,
                49.9802552
              ],
              [
                12.7002369,
                49.9802596
              ],
              [
                12.7002357,
                49.980262
              ],
              [
                12.7002598,
                49.9802676
              ],
              [
                12.7002611,
                49.9802651
              ],
              [
                12.7002801,
                49.9802693
              ],
              [
                12.7002308,
                49.9803656
              ],
              [
                12.7002302,
                49.9803667
              ],
              [
                12.7002451,
                49.9803699
              ],
              [
                12.7002407,
                49.9803786
              ],
              [
                12.700253,
                49.9803812
              ],
              [
                12.7002477,
                49.9803916
              ],
              [
                12.7002393,
                49.9803898
              ],
              [
                12.7002382,
                49.980392
              ],
              [
                12.7002395,
                49.9803922
              ],
              [
                12.7002361,
                49.9804004
              ],
              [
                12.7002313,
                49.9804083
              ],
              [
                12.7002299,
                49.980408
              ],
              [
                12.7002288,
                49.9804101
              ],
              [
                12.7002373,
                49.9804119
              ],
              [
                12.700232,
                49.9804224
              ],
              [
                12.7002195,
                49.9804197
              ],
              [
                12.7002148,
                49.980429
              ],
              [
                12.7001996,
                49.9804258
              ],
              [
                12.7001991,
                49.9804266
              ],
              [
                12.7001502,
                49.9805225
              ]
            ]
          ]
        ]
      },
      "properties": {
        "zdroj": "NPÚ, Památkový geografický informační systém",
        "nazev": "lázeňský pavilón Lesního pramene",
        "ochrana_kod": "KP",
        "ochrana": "kulturní památka",
        "unesco": false,
        "upresneni_ochrany": "NEM",
        "rejstrik": "19345/4-4236",
        "prstav_id": "130103",
        "chraneno": true,
        "faze_ochrany": "památkově chráněno",
        "rok_zapisu": 1958,
        "url": "https://pamatkovykatalog.cz/pravni-ochrana/x-130103",
        "prislusnost_k_obci": "ÚSKP: obec uvedena u záznamu"
      }
    },
    {
      "type": "Feature",
      "geometry": {
        "type": "MultiPolygon",
        "coordinates": [
          [
            [
              [
                12.7030848,
                49.9748514
              ],
              [
                12.7030824,
                49.9748514
              ],
              [
                12.7030835,
                49.974911
              ],
              [
                12.7028663,
                49.9749128
              ],
              [
                12.7028629,
                49.9747575
              ],
              [
                12.7028851,
                49.974757
              ],
              [
                12.7028854,
                49.9747595
              ],
              [
                12.7030806,
                49.974757
              ],
              [
                12.7030818,
                49.9748172
              ],
              [
                12.7030842,
                49.9748172
              ],
              [
                12.7030843,
                49.9748214
              ],
              [
                12.7030818,
                49.9748215
              ],
              [
                12.7030822,
                49.974847
              ],
              [
                12.7030848,
                49.974847
              ],
              [
                12.7030848,
                49.9748514
              ]
            ]
          ]
        ]
      },
      "properties": {
        "zdroj": "NPÚ, Památkový geografický informační systém",
        "nazev": "zotavovna Polonia",
        "ochrana_kod": "KP",
        "ochrana": "kulturní památka",
        "unesco": false,
        "upresneni_ochrany": "NEM",
        "rejstrik": "27146/4-4237",
        "prstav_id": "138375",
        "chraneno": true,
        "faze_ochrany": "památkově chráněno",
        "rok_zapisu": 1958,
        "url": "https://pamatkovykatalog.cz/pravni-ochrana/x-138375",
        "prislusnost_k_obci": "ÚSKP: obec uvedena u záznamu"
      }
    },
    {
      "type": "Feature",
      "geometry": {
        "type": "MultiPolygon",
        "coordinates": [
          [
            [
              [
                12.7125813,
                49.9770666
              ],
              [
                12.712483,
                49.977098
              ],
              [
                12.7121732,
                49.9769471
              ],
              [
                12.712147,
                49.9769313
              ],
              [
                12.7121371,
                49.9769234
              ],
              [
                12.7121264,
                49.9769114
              ],
              [
                12.7121125,
                49.9768907
              ],
              [
                12.7120995,
                49.9768515
              ],
              [
                12.7120962,
                49.9768345
              ],
              [
                12.7120951,
                49.9768212
              ],
              [
                12.7120996,
                49.9768054
              ],
              [
                12.7121073,
                49.9767921
              ],
              [
                12.712126,
                49.9767692
              ],
              [
                12.7121453,
                49.9767504
              ],
              [
                12.7121679,
                49.9767328
              ],
              [
                12.7121936,
                49.9767175
              ],
              [
                12.7122265,
                49.9767004
              ],
              [
                12.7122771,
                49.976677
              ],
              [
                12.712353,
                49.9766435
              ],
              [
                12.7124118,
                49.9766191
              ],
              [
                12.7124583,
                49.9766006
              ],
              [
                12.7124932,
                49.976588
              ],
              [
                12.7125328,
                49.9765743
              ],
              [
                12.712568,
                49.9765627
              ],
              [
                12.7126192,
                49.9765489
              ],
              [
                12.7126546,
                49.9765401
              ],
              [
                12.7126985,
                49.9765311
              ],
              [
                12.7127325,
                49.9765261
              ],
              [
                12.7127639,
                49.9765226
              ],
              [
                12.7127968,
                49.9765204
              ],
              [
                12.7128639,
                49.9765201
              ],
              [
                12.7129126,
                49.976522
              ],
              [
                12.7129196,
                49.9765239
              ],
              [
                12.7129252,
                49.9765281
              ],
              [
                12.712929,
                49.9765342
              ],
              [
                12.71293,
                49.9765393
              ],
              [
                12.712929,
                49.9765446
              ],
              [
                12.7130353,
                49.9765113
              ],
              [
                12.7132356,
                49.9767791
              ],
              [
                12.7132764,
                49.9768267
              ],
              [
                12.7130478,
                49.9769046
              ],
              [
                12.7129921,
                49.9769219
              ],
              [
                12.7130026,
                49.9769359
              ],
              [
                12.712897,
                49.9769691
              ],
              [
                12.7129005,
                49.9769738
              ],
              [
                12.7128887,
                49.9769774
              ],
              [
                12.7128853,
                49.9769729
              ],
              [
                12.7128781,
                49.9769751
              ],
              [
                12.7128816,
                49.9769797
              ],
              [
                12.7128701,
                49.9769834
              ],
              [
                12.7128666,
                49.9769787
              ],
              [
                12.7128404,
                49.976987
              ],
              [
                12.7128438,
                49.9769915
              ],
              [
                12.7128321,
                49.9769953
              ],
              [
                12.7128286,
                49.9769907
              ],
              [
                12.7128216,
                49.9769929
              ],
              [
                12.7128251,
                49.9769975
              ],
              [
                12.7128134,
                49.9770011
              ],
              [
                12.7128099,
                49.9769965
              ],
              [
                12.7126329,
                49.9770522
              ],
              [
                12.7126321,
                49.9770511
              ],
              [
                12.7125813,
                49.9770666
              ]
            ]
          ]
        ]
      },
      "properties": {
        "zdroj": "NPÚ, Památkový geografický informační systém",
        "nazev": "hotel Esplanade",
        "ochrana_kod": "KP",
        "ochrana": "kulturní památka",
        "unesco": false,
        "upresneni_ochrany": "NEM",
        "rejstrik": "37496/4-4238",
        "prstav_id": "149414",
        "chraneno": true,
        "faze_ochrany": "památkově chráněno",
        "rok_zapisu": 1958,
        "url": "https://pamatkovykatalog.cz/pravni-ochrana/x-149414",
        "prislusnost_k_obci": "ÚSKP: obec uvedena u záznamu"
      }
    },
    {
      "type": "Feature",
      "geometry": {
        "type": "MultiPolygon",
        "coordinates": [
          [
            [
              [
                12.7037851,
                49.979801
              ],
              [
                12.7034098,
                49.9796225
              ],
              [
                12.7034249,
                49.9796098
              ],
              [
                12.7037751,
                49.9793153
              ],
              [
                12.7037968,
                49.9792938
              ],
              [
                12.7038562,
                49.9792471
              ],
              [
                12.703988,
                49.9793323
              ],
              [
                12.7039838,
                49.9793362
              ],
              [
                12.7039806,
                49.9793405
              ],
              [
                12.7039786,
                49.9793451
              ],
              [
                12.7039778,
                49.9793499
              ],
              [
                12.7039781,
                49.9793546
              ],
              [
                12.7039797,
                49.9793593
              ],
              [
                12.7039824,
                49.9793637
              ],
              [
                12.7039861,
                49.9793678
              ],
              [
                12.7040366,
                49.9794
              ],
              [
                12.7039933,
                49.9794357
              ],
              [
                12.7039384,
                49.9794089
              ],
              [
                12.7039232,
                49.9794224
              ],
              [
                12.7039366,
                49.9794288
              ],
              [
                12.7039144,
                49.979447
              ],
              [
                12.7039854,
                49.9794815
              ],
              [
                12.7040878,
                49.9793961
              ],
              [
                12.7040884,
                49.9793956
              ],
              [
                12.7040916,
                49.9793975
              ],
              [
                12.7041755,
                49.9794528
              ],
              [
                12.7041753,
                49.979453
              ],
              [
                12.7037851,
                49.979801
              ]
            ]
          ]
        ]
      },
      "properties": {
        "zdroj": "NPÚ, Památkový geografický informační systém",
        "nazev": "lázeňský dům Svoboda",
        "ochrana_kod": "KP",
        "ochrana": "kulturní památka",
        "unesco": false,
        "upresneni_ochrany": "NEM",
        "rejstrik": "29860/4-4239",
        "prstav_id": "141264",
        "chraneno": true,
        "faze_ochrany": "památkově chráněno",
        "rok_zapisu": 1958,
        "url": "https://pamatkovykatalog.cz/pravni-ochrana/x-141264",
        "prislusnost_k_obci": "ÚSKP: obec uvedena u záznamu"
      }
    },
    {
      "type": "Feature",
      "geometry": {
        "type": "MultiPolygon",
        "coordinates": [
          [
            [
              [
                12.704374,
                49.9783158
              ],
              [
                12.7043742,
                49.9783213
              ],
              [
                12.7043665,
                49.9783215
              ],
              [
                12.7043659,
                49.9783478
              ],
              [
                12.704365,
                49.9783836
              ],
              [
                12.704308,
                49.9783836
              ],
              [
                12.7042762,
                49.9783837
              ],
              [
                12.7041776,
                49.9783839
              ],
              [
                12.7041079,
                49.9783842
              ],
              [
                12.704108,
                49.9783721
              ],
              [
                12.7041162,
                49.9783718
              ],
              [
                12.704115,
                49.978351
              ],
              [
                12.7041127,
                49.9783125
              ],
              [
                12.7041048,
                49.978183
              ],
              [
                12.7041077,
                49.978183
              ],
              [
                12.7041077,
                49.9781812
              ],
              [
                12.7041671,
                49.9781807
              ],
              [
                12.7041672,
                49.9781824
              ],
              [
                12.7043087,
                49.9781811
              ],
              [
                12.7043086,
                49.9781789
              ],
              [
                12.7043683,
                49.9781783
              ],
              [
                12.7043684,
                49.9781805
              ],
              [
                12.704374,
                49.9783158
              ]
            ]
          ]
        ]
      },
      "properties": {
        "zdroj": "NPÚ, Památkový geografický informační systém",
        "nazev": "evangelický kostel",
        "ochrana_kod": "KP",
        "ochrana": "kulturní památka",
        "unesco": false,
        "upresneni_ochrany": "NEM",
        "rejstrik": "31133/4-4240",
        "prstav_id": "142630",
        "chraneno": true,
        "faze_ochrany": "památkově chráněno",
        "rok_zapisu": 1958,
        "url": "https://pamatkovykatalog.cz/pravni-ochrana/x-142630",
        "prislusnost_k_obci": "ÚSKP: obec uvedena u záznamu"
      }
    },
    {
      "type": "Feature",
      "geometry": {
        "type": "MultiPolygon",
        "coordinates": [
          [
            [
              [
                12.7044433,
                49.9790992
              ],
              [
                12.7044368,
                49.9790897
              ],
              [
                12.7044167,
                49.9790955
              ],
              [
                12.7043993,
                49.9790699
              ],
              [
                12.7044196,
                49.9790641
              ],
              [
                12.7043877,
                49.9790172
              ],
              [
                12.7043672,
                49.979023
              ],
              [
                12.7043498,
                49.9789975
              ],
              [
                12.7043702,
                49.9789917
              ],
              [
                12.7043592,
                49.9789756
              ],
              [
                12.7043687,
                49.978973
              ],
              [
                12.7043649,
                49.9789676
              ],
              [
                12.7046842,
                49.9788807
              ],
              [
                12.7046877,
                49.978886
              ],
              [
                12.7046971,
                49.9788834
              ],
              [
                12.7047076,
                49.9788995
              ],
              [
                12.7047282,
                49.978894
              ],
              [
                12.7047449,
                49.9789197
              ],
              [
                12.7047243,
                49.9789253
              ],
              [
                12.7047544,
                49.9789717
              ],
              [
                12.704775,
                49.9789662
              ],
              [
                12.7047917,
                49.9789919
              ],
              [
                12.7047711,
                49.9789975
              ],
              [
                12.7047772,
                49.9790069
              ],
              [
                12.7046493,
                49.9790422
              ],
              [
                12.7046565,
                49.979053
              ],
              [
                12.7046526,
                49.979054
              ],
              [
                12.7046565,
                49.9790598
              ],
              [
                12.7046027,
                49.9790747
              ],
              [
                12.7045989,
                49.9790689
              ],
              [
                12.704595,
                49.97907
              ],
              [
                12.7045879,
                49.9790592
              ],
              [
                12.7045627,
                49.9790664
              ],
              [
                12.7045285,
                49.9790758
              ],
              [
                12.7044433,
                49.9790992
              ]
            ]
          ]
        ]
      },
      "properties": {
        "zdroj": "NPÚ, Památkový geografický informační systém",
        "nazev": "lázeňský dům Palladio",
        "ochrana_kod": "KP",
        "ochrana": "kulturní památka",
        "unesco": false,
        "upresneni_ochrany": "NEM",
        "rejstrik": "23423/4-4241",
        "prstav_id": "134424",
        "chraneno": true,
        "faze_ochrany": "památkově chráněno",
        "rok_zapisu": 1958,
        "url": "https://pamatkovykatalog.cz/pravni-ochrana/x-134424",
        "prislusnost_k_obci": "ÚSKP: obec uvedena u záznamu"
      }
    },
    {
      "type": "Feature",
      "geometry": {
        "type": "MultiPolygon",
        "coordinates": [
          [
            [
              [
                12.7045365,
                49.9687478
              ],
              [
                12.7045354,
                49.9687622
              ],
              [
                12.7045438,
                49.9687684
              ],
              [
                12.704526,
                49.9687903
              ],
              [
                12.704422,
                49.968759
              ],
              [
                12.7044372,
                49.9687355
              ],
              [
                12.7043425,
                49.9687041
              ],
              [
                12.7043298,
                49.9687071
              ],
              [
                12.7043141,
                49.9686796
              ],
              [
                12.7043273,
                49.9686765
              ],
              [
                12.7043395,
                49.9686613
              ],
              [
                12.7043036,
                49.9686492
              ],
              [
                12.7043283,
                49.9686187
              ],
              [
                12.7043641,
                49.9686307
              ],
              [
                12.7043737,
                49.968619
              ],
              [
                12.7043345,
                49.9686053
              ],
              [
                12.7043328,
                49.9686075
              ],
              [
                12.7042563,
                49.9685834
              ],
              [
                12.7042739,
                49.9685602
              ],
              [
                12.7042643,
                49.9685571
              ],
              [
                12.7043421,
                49.9684562
              ],
              [
                12.7043359,
                49.9684542
              ],
              [
                12.7043766,
                49.968401
              ],
              [
                12.7045936,
                49.9684709
              ],
              [
                12.7045046,
                49.9685861
              ],
              [
                12.7045071,
                49.9685869
              ],
              [
                12.7044981,
                49.9685985
              ],
              [
                12.704562,
                49.9686218
              ],
              [
                12.7045695,
                49.9686248
              ],
              [
                12.7045762,
                49.9686284
              ],
              [
                12.704582,
                49.9686328
              ],
              [
                12.7045865,
                49.9686376
              ],
              [
                12.7045898,
                49.9686429
              ],
              [
                12.7045918,
                49.9686484
              ],
              [
                12.7045908,
                49.9686603
              ],
              [
                12.7045677,
                49.9686976
              ],
              [
                12.7045365,
                49.9687478
              ]
            ]
          ]
        ]
      },
      "properties": {
        "zdroj": "NPÚ, Památkový geografický informační systém",
        "nazev": "měšťanský dům Dům pionýrů",
        "ochrana_kod": "KP",
        "ochrana": "kulturní památka",
        "unesco": false,
        "upresneni_ochrany": "NEM",
        "rejstrik": "26395/4-4242",
        "prstav_id": "137568",
        "chraneno": true,
        "faze_ochrany": "památkově chráněno",
        "rok_zapisu": 1958,
        "url": "https://pamatkovykatalog.cz/pravni-ochrana/x-137568",
        "prislusnost_k_obci": "ÚSKP: obec uvedena u záznamu"
      }
    },
    {
      "type": "Feature",
      "geometry": {
        "type": "MultiPolygon",
        "coordinates": [
          [
            [
              [
                12.7059718,
                49.9782864
              ],
              [
                12.7059366,
                49.9782827
              ],
              [
                12.705919,
                49.9782643
              ],
              [
                12.7059341,
                49.9782412
              ],
              [
                12.7059093,
                49.9782507
              ],
              [
                12.7058818,
                49.9782227
              ],
              [
                12.7058705,
                49.9782267
              ],
              [
                12.7058612,
                49.9782231
              ],
              [
                12.7058396,
                49.9781999
              ],
              [
                12.7059172,
                49.978171
              ],
              [
                12.7059365,
                49.9781638
              ],
              [
                12.7060384,
                49.9781258
              ],
              [
                12.7060974,
                49.9781037
              ],
              [
                12.7061363,
                49.9780892
              ],
              [
                12.7061398,
                49.9780931
              ],
              [
                12.7062533,
                49.9780503
              ],
              [
                12.7063419,
                49.9781459
              ],
              [
                12.7061266,
                49.9782252
              ],
              [
                12.7061328,
                49.978232
              ],
              [
                12.7060293,
                49.9782711
              ],
              [
                12.7060256,
                49.978267
              ],
              [
                12.7059718,
                49.9782864
              ]
            ]
          ]
        ]
      },
      "properties": {
        "zdroj": "NPÚ, Památkový geografický informační systém",
        "nazev": "lázeňský dům Jirásek",
        "ochrana_kod": "KP",
        "ochrana": "kulturní památka",
        "unesco": false,
        "upresneni_ochrany": "NEM",
        "rejstrik": "19401/4-4243",
        "prstav_id": "130163",
        "chraneno": true,
        "faze_ochrany": "památkově chráněno",
        "rok_zapisu": 1958,
        "url": "https://pamatkovykatalog.cz/pravni-ochrana/x-130163",
        "prislusnost_k_obci": "ÚSKP: obec uvedena u záznamu"
      }
    },
    {
      "type": "Feature",
      "geometry": {
        "type": "MultiPolygon",
        "coordinates": [
          [
            [
              [
                12.708943,
                49.9663633
              ],
              [
                12.7089932,
                49.9663848
              ],
              [
                12.7089934,
                49.9663849
              ],
              [
                12.7093098,
                49.9664992
              ],
              [
                12.7092725,
                49.9665444
              ],
              [
                12.7091591,
                49.9668091
              ],
              [
                12.7090902,
                49.9670062
              ],
              [
                12.7090868,
                49.9670072
              ],
              [
                12.7089444,
                49.967051
              ],
              [
                12.7089349,
                49.9670539
              ],
              [
                12.7089346,
                49.9670541
              ],
              [
                12.7087259,
                49.9671915
              ],
              [
                12.708593,
                49.9672789
              ],
              [
                12.7085918,
                49.9672785
              ],
              [
                12.7084521,
                49.967229
              ],
              [
                12.7084646,
                49.9671899
              ],
              [
                12.7084664,
                49.9671605
              ],
              [
                12.708444,
                49.9671304
              ],
              [
                12.7083778,
                49.967054
              ],
              [
                12.7083625,
                49.9670416
              ],
              [
                12.7083417,
                49.9670135
              ],
              [
                12.7083177,
                49.9669922
              ],
              [
                12.7082776,
                49.9669417
              ],
              [
                12.7082586,
                49.9669082
              ],
              [
                12.7082458,
                49.9668748
              ],
              [
                12.7082461,
                49.9668388
              ],
              [
                12.7082618,
                49.9668027
              ],
              [
                12.7082822,
                49.9667697
              ],
              [
                12.7083023,
                49.9667405
              ],
              [
                12.7083248,
                49.9667128
              ],
              [
                12.7083451,
                49.9666867
              ],
              [
                12.7083696,
                49.9666583
              ],
              [
                12.7083916,
                49.9666314
              ],
              [
                12.7084187,
                49.9666039
              ],
              [
                12.7084484,
                49.9665801
              ],
              [
                12.7084795,
                49.9665597
              ],
              [
                12.7085154,
                49.9665376
              ],
              [
                12.7085552,
                49.9665204
              ],
              [
                12.7086011,
                49.9665061
              ],
              [
                12.7086473,
                49.9664958
              ],
              [
                12.7086932,
                49.9664904
              ],
              [
                12.7089428,
                49.9663632
              ],
              [
                12.708943,
                49.9663633
              ]
            ]
          ]
        ]
      },
      "properties": {
        "zdroj": "NPÚ, Památkový geografický informační systém",
        "nazev": "lázeňský dům Miramonte",
        "ochrana_kod": "KP",
        "ochrana": "kulturní památka",
        "unesco": false,
        "upresneni_ochrany": "NEM",
        "rejstrik": "24216/4-4244",
        "prstav_id": "135265",
        "chraneno": true,
        "faze_ochrany": "památkově chráněno",
        "rok_zapisu": 1958,
        "url": "https://pamatkovykatalog.cz/pravni-ochrana/x-135265",
        "prislusnost_k_obci": "ÚSKP: obec uvedena u záznamu"
      }
    },
    {
      "type": "Feature",
      "geometry": {
        "type": "MultiPolygon",
        "coordinates": [
          [
            [
              [
                12.7050327,
                49.968113
              ],
              [
                12.7047767,
                49.9681389
              ],
              [
                12.7047588,
                49.9681406
              ],
              [
                12.7046243,
                49.9681402
              ],
              [
                12.7047089,
                49.9680264
              ],
              [
                12.7047375,
                49.967989
              ],
              [
                12.704718,
                49.9679828
              ],
              [
                12.7047205,
                49.9679796
              ],
              [
                12.7047186,
                49.967979
              ],
              [
                12.7047465,
                49.9679426
              ],
              [
                12.7047484,
                49.9679431
              ],
              [
                12.7047504,
                49.9679405
              ],
              [
                12.7047516,
                49.9679409
              ],
              [
                12.7047502,
                49.9679336
              ],
              [
                12.7047507,
                49.9679263
              ],
              [
                12.704753,
                49.9679191
              ],
              [
                12.7047572,
                49.9679123
              ],
              [
                12.704763,
                49.967906
              ],
              [
                12.7047704,
                49.9679005
              ],
              [
                12.7047791,
                49.9678958
              ],
              [
                12.7047889,
                49.9678921
              ],
              [
                12.7047878,
                49.9678917
              ],
              [
                12.7047899,
                49.9678889
              ],
              [
                12.7047881,
                49.9678882
              ],
              [
                12.7048159,
                49.9678518
              ],
              [
                12.7048178,
                49.9678524
              ],
              [
                12.7048201,
                49.9678493
              ],
              [
                12.7048485,
                49.9678584
              ],
              [
                12.704865,
                49.9678368
              ],
              [
                12.7049665,
                49.9678707
              ],
              [
                12.7049767,
                49.9678578
              ],
              [
                12.7050504,
                49.967882
              ],
              [
                12.7050529,
                49.9678828
              ],
              [
                12.7050616,
                49.9678721
              ],
              [
                12.7051537,
                49.9679281
              ],
              [
                12.7050327,
                49.968113
              ]
            ]
          ]
        ]
      },
      "properties": {
        "zdroj": "NPÚ, Památkový geografický informační systém",
        "nazev": "lázeňský dům Svatý Antoníček",
        "ochrana_kod": "KP",
        "ochrana": "kulturní památka",
        "unesco": false,
        "upresneni_ochrany": "NEM",
        "rejstrik": "13998/4-4245",
        "prstav_id": "124330",
        "chraneno": true,
        "faze_ochrany": "památkově chráněno",
        "rok_zapisu": 1958,
        "url": "https://pamatkovykatalog.cz/pravni-ochrana/x-124330",
        "prislusnost_k_obci": "ÚSKP: obec uvedena u záznamu"
      }
    },
    {
      "type": "Feature",
      "geometry": {
        "type": "MultiPolygon",
        "coordinates": [
          [
            [
              [
                12.7053869,
                49.9679
              ],
              [
                12.7053356,
                49.9678556
              ],
              [
                12.7052841,
                49.9678399
              ],
              [
                12.7051327,
                49.9677971
              ],
              [
                12.7050537,
                49.9678265
              ],
              [
                12.7050515,
                49.9678176
              ],
              [
                12.7049447,
                49.9677772
              ],
              [
                12.7048653,
                49.9677032
              ],
              [
                12.7048124,
                49.9676212
              ],
              [
                12.7048067,
                49.9675999
              ],
              [
                12.7047145,
                49.9674554
              ],
              [
                12.7047163,
                49.9673091
              ],
              [
                12.704739,
                49.9672774
              ],
              [
                12.7048146,
                49.9671685
              ],
              [
                12.7049174,
                49.9669973
              ],
              [
                12.7049894,
                49.9669054
              ],
              [
                12.7051981,
                49.9669212
              ],
              [
                12.7052624,
                49.9669319
              ],
              [
                12.7053273,
                49.9669503
              ],
              [
                12.7053869,
                49.9669747
              ],
              [
                12.7054088,
                49.9669561
              ],
              [
                12.7055731,
                49.9670223
              ],
              [
                12.705611,
                49.9670222
              ],
              [
                12.7055814,
                49.9670551
              ],
              [
                12.7055546,
                49.9671036
              ],
              [
                12.7057821,
                49.9671607
              ],
              [
                12.7058725,
                49.9672067
              ],
              [
                12.7058104,
                49.9673373
              ],
              [
                12.7056841,
                49.9675094
              ],
              [
                12.7056392,
                49.9675725
              ],
              [
                12.7054699,
                49.9677919
              ],
              [
                12.7053869,
                49.9679
              ]
            ]
          ]
        ]
      },
      "properties": {
        "zdroj": "NPÚ, Památkový geografický informační systém",
        "nazev": "zotavovna di Vittorio",
        "ochrana_kod": "KP",
        "ochrana": "kulturní památka",
        "unesco": false,
        "upresneni_ochrany": "NEM",
        "rejstrik": "36206/4-4246",
        "prstav_id": "148047",
        "chraneno": true,
        "faze_ochrany": "památkově chráněno",
        "rok_zapisu": 1958,
        "url": "https://pamatkovykatalog.cz/pravni-ochrana/x-148047",
        "prislusnost_k_obci": "ÚSKP: obec uvedena u záznamu"
      }
    },
    {
      "type": "Feature",
      "geometry": {
        "type": "MultiPolygon",
        "coordinates": [
          [
            [
              [
                12.7040544,
                49.9700893
              ],
              [
                12.7040541,
                49.9700606
              ],
              [
                12.7039754,
                49.9700607
              ],
              [
                12.7039577,
                49.9700722
              ],
              [
                12.7039471,
                49.9700654
              ],
              [
                12.7039643,
                49.9700543
              ],
              [
                12.703964,
                49.9700253
              ],
              [
                12.7039481,
                49.9700253
              ],
              [
                12.7039477,
                49.9699285
              ],
              [
                12.7039429,
                49.9699284
              ],
              [
                12.7039432,
                49.9699034
              ],
              [
                12.7039595,
                49.9699034
              ],
              [
                12.7039594,
                49.9698845
              ],
              [
                12.7039837,
                49.9698845
              ],
              [
                12.7039838,
                49.9698779
              ],
              [
                12.7039634,
                49.9698675
              ],
              [
                12.7039759,
                49.9698591
              ],
              [
                12.7039923,
                49.9698716
              ],
              [
                12.7040376,
                49.9698704
              ],
              [
                12.7040383,
                49.969862
              ],
              [
                12.704105,
                49.9698619
              ],
              [
                12.7041044,
                49.9698708
              ],
              [
                12.7041694,
                49.9698724
              ],
              [
                12.7041869,
                49.969861
              ],
              [
                12.7041976,
                49.9698677
              ],
              [
                12.7041795,
                49.9698794
              ],
              [
                12.7041802,
                49.9699339
              ],
              [
                12.7041927,
                49.9699339
              ],
              [
                12.7041926,
                49.9699566
              ],
              [
                12.7042024,
                49.9699567
              ],
              [
                12.7042021,
                49.9699822
              ],
              [
                12.7041923,
                49.9699821
              ],
              [
                12.7041921,
                49.9700047
              ],
              [
                12.7041796,
                49.9700046
              ],
              [
                12.7041794,
                49.9700114
              ],
              [
                12.704192,
                49.9700114
              ],
              [
                12.7041956,
                49.9700121
              ],
              [
                12.704199,
                49.9700131
              ],
              [
                12.7042021,
                49.9700145
              ],
              [
                12.7042048,
                49.9700161
              ],
              [
                12.704207,
                49.970018
              ],
              [
                12.7042088,
                49.9700202
              ],
              [
                12.7042099,
                49.9700225
              ],
              [
                12.7042105,
                49.9700249
              ],
              [
                12.7042105,
                49.9700273
              ],
              [
                12.7042099,
                49.9700296
              ],
              [
                12.7042086,
                49.9700319
              ],
              [
                12.7042105,
                49.970034
              ],
              [
                12.7042147,
                49.9700386
              ],
              [
                12.7041922,
                49.9700474
              ],
              [
                12.7041858,
                49.9700407
              ],
              [
                12.7041752,
                49.9700385
              ],
              [
                12.7041719,
                49.9700895
              ],
              [
                12.7040871,
                49.9700901
              ],
              [
                12.704087,
                49.9700892
              ],
              [
                12.7040544,
                49.9700893
              ]
            ]
          ]
        ]
      },
      "properties": {
        "zdroj": "NPÚ, Památkový geografický informační systém",
        "nazev": "lázeňský dům Vila Lil",
        "ochrana_kod": "KP",
        "ochrana": "kulturní památka",
        "unesco": false,
        "upresneni_ochrany": "NEM",
        "rejstrik": "27617/4-4247",
        "prstav_id": "138873",
        "chraneno": true,
        "faze_ochrany": "památkově chráněno",
        "rok_zapisu": 1958,
        "url": "https://pamatkovykatalog.cz/pravni-ochrana/x-138873",
        "prislusnost_k_obci": "ÚSKP: obec uvedena u záznamu"
      }
    },
    {
      "type": "Feature",
      "geometry": {
        "type": "MultiPolygon",
        "coordinates": [
          [
            [
              [
                12.72047,
                49.9727288
              ],
              [
                12.7204375,
                49.9727486
              ],
              [
                12.720413,
                49.9727465
              ],
              [
                12.7203904,
                49.9727421
              ],
              [
                12.7203731,
                49.9727318
              ],
              [
                12.7203573,
                49.9727192
              ],
              [
                12.7203544,
                49.9727072
              ],
              [
                12.7203541,
                49.9726934
              ],
              [
                12.7203324,
                49.9727073
              ],
              [
                12.7203002,
                49.9726861
              ],
              [
                12.720324,
                49.9726709
              ],
              [
                12.7202314,
                49.9726065
              ],
              [
                12.7202084,
                49.9726104
              ],
              [
                12.7201891,
                49.9726054
              ],
              [
                12.7201363,
                49.9725778
              ],
              [
                12.7201083,
                49.9726024
              ],
              [
                12.7200459,
                49.9725732
              ],
              [
                12.7200005,
                49.9725306
              ],
              [
                12.7200416,
                49.9725169
              ],
              [
                12.7200035,
                49.9724784
              ],
              [
                12.7199964,
                49.9724635
              ],
              [
                12.7200052,
                49.9724502
              ],
              [
                12.7198871,
                49.9723677
              ],
              [
                12.7198601,
                49.9723651
              ],
              [
                12.7198382,
                49.9723611
              ],
              [
                12.7198212,
                49.9723499
              ],
              [
                12.7198049,
                49.9723366
              ],
              [
                12.719803,
                49.972307
              ],
              [
                12.7198308,
                49.972287
              ],
              [
                12.720022,
                49.9721752
              ],
              [
                12.7200056,
                49.9721638
              ],
              [
                12.7200179,
                49.9721564
              ],
              [
                12.7200213,
                49.9721587
              ],
              [
                12.7200574,
                49.9721372
              ],
              [
                12.7200542,
                49.9721348
              ],
              [
                12.7200645,
                49.9721286
              ],
              [
                12.7200679,
                49.972131
              ],
              [
                12.7201052,
                49.9721087
              ],
              [
                12.7201018,
                49.9721064
              ],
              [
                12.7201149,
                49.9720986
              ],
              [
                12.7201332,
                49.9721113
              ],
              [
                12.7202016,
                49.9720697
              ],
              [
                12.7202741,
                49.9721204
              ],
              [
                12.7203026,
                49.972102
              ],
              [
                12.7203025,
                49.9720966
              ],
              [
                12.7203102,
                49.9720943
              ],
              [
                12.7203136,
                49.9720993
              ],
              [
                12.7203271,
                49.9720999
              ],
              [
                12.7203304,
                49.9720954
              ],
              [
                12.7203374,
                49.9720972
              ],
              [
                12.7203375,
                49.9721054
              ],
              [
                12.7203433,
                49.9721092
              ],
              [
                12.7203502,
                49.9721074
              ],
              [
                12.7203542,
                49.9721124
              ],
              [
                12.7203863,
                49.9720941
              ],
              [
                12.7203922,
                49.9720931
              ],
              [
                12.720401,
                49.9720963
              ],
              [
                12.7205155,
                49.9721757
              ],
              [
                12.7205937,
                49.9721293
              ],
              [
                12.7206018,
                49.9721354
              ],
              [
                12.7206638,
                49.9720998
              ],
              [
                12.7207262,
                49.9721432
              ],
              [
                12.7207119,
                49.9721517
              ],
              [
                12.7207465,
                49.9721758
              ],
              [
                12.7207607,
                49.9721673
              ],
              [
                12.7208221,
                49.97221
              ],
              [
                12.7207628,
                49.9722461
              ],
              [
                12.7207726,
                49.9722527
              ],
              [
                12.7206936,
                49.9722994
              ],
              [
                12.7208088,
                49.9723782
              ],
              [
                12.7208132,
                49.9723854
              ],
              [
                12.720807,
                49.9723929
              ],
              [
                12.7208005,
                49.9723971
              ],
              [
                12.7208086,
                49.9723992
              ],
              [
                12.7208054,
                49.9724048
              ],
              [
                12.720816,
                49.9724131
              ],
              [
                12.7208286,
                49.972411
              ],
              [
                12.7208312,
                49.9724152
              ],
              [
                12.7208224,
                49.9724169
              ],
              [
                12.7208219,
                49.972427
              ],
              [
                12.7208288,
                49.9724292
              ],
              [
                12.7208264,
                49.9724327
              ],
              [
                12.7208751,
                49.972466
              ],
              [
                12.7208808,
                49.9724723
              ],
              [
                12.7208798,
                49.9724797
              ],
              [
                12.7207609,
                49.9725521
              ],
              [
                12.7207793,
                49.9725642
              ],
              [
                12.7207699,
                49.9725698
              ],
              [
                12.720767,
                49.9725679
              ],
              [
                12.7207286,
                49.9725909
              ],
              [
                12.7207315,
                49.9725928
              ],
              [
                12.7207232,
                49.9725978
              ],
              [
                12.7207203,
                49.9725958
              ],
              [
                12.7206818,
                49.9726189
              ],
              [
                12.7206847,
                49.9726209
              ],
              [
                12.7206757,
                49.9726263
              ],
              [
                12.7206588,
                49.9726137
              ],
              [
                12.720598,
                49.9726508
              ],
              [
                12.720614,
                49.9726618
              ],
              [
                12.7205999,
                49.9726705
              ],
              [
                12.7205837,
                49.9726595
              ],
              [
                12.72047,
                49.9727288
              ]
            ]
          ],
          [
            [
              [
                12.7206501,
                49.972811
              ],
              [
                12.7206495,
                49.9728109
              ],
              [
                12.7206489,
                49.9728107
              ],
              [
                12.7206484,
                49.9728105
              ],
              [
                12.720648,
                49.9728102
              ],
              [
                12.7206476,
                49.9728099
              ],
              [
                12.7206474,
                49.9728096
              ],
              [
                12.7206472,
                49.9728092
              ],
              [
                12.7206471,
                49.9728088
              ],
              [
                12.7206472,
                49.9728084
              ],
              [
                12.7206473,
                49.972808
              ],
              [
                12.7206476,
                49.9728077
              ],
              [
                12.7206479,
                49.9728074
              ],
              [
                12.7206483,
                49.9728071
              ],
              [
                12.7206488,
                49.9728068
              ],
              [
                12.7206494,
                49.9728067
              ],
              [
                12.72065,
                49.9728066
              ],
              [
                12.7206506,
                49.9728065
              ],
              [
                12.7206512,
                49.9728066
              ],
              [
                12.7206518,
                49.9728067
              ],
              [
                12.7206523,
                49.9728068
              ],
              [
                12.7206528,
                49.972807
              ],
              [
                12.7206533,
                49.9728073
              ],
              [
                12.7206536,
                49.9728076
              ],
              [
                12.7206539,
                49.972808
              ],
              [
                12.720654,
                49.9728084
              ],
              [
                12.7206541,
                49.9728087
              ],
              [
                12.7206541,
                49.9728091
              ],
              [
                12.7206539,
                49.9728095
              ],
              [
                12.7206537,
                49.9728099
              ],
              [
                12.7206533,
                49.9728102
              ],
              [
                12.7206529,
                49.9728105
              ],
              [
                12.7206524,
                49.9728107
              ],
              [
                12.7206519,
                49.9728109
              ],
              [
                12.7206513,
                49.972811
              ],
              [
                12.7206507,
                49.972811
              ],
              [
                12.7206501,
                49.972811
              ]
            ]
          ],
          [
            [
              [
                12.7203586,
                49.9728183
              ],
              [
                12.720358,
                49.9728182
              ],
              [
                12.7203575,
                49.972818
              ],
              [
                12.720357,
                49.9728178
              ],
              [
                12.7203565,
                49.9728175
              ],
              [
                12.7203562,
                49.9728172
              ],
              [
                12.7203559,
                49.9728168
              ],
              [
                12.7203558,
                49.9728165
              ],
              [
                12.7203557,
                49.9728161
              ],
              [
                12.7203557,
                49.9728157
              ],
              [
                12.7203559,
                49.9728153
              ],
              [
                12.7203561,
                49.9728149
              ],
              [
                12.7203565,
                49.9728146
              ],
              [
                12.7203569,
                49.9728143
              ],
              [
                12.7203574,
                49.9728141
              ],
              [
                12.7203579,
                49.9728139
              ],
              [
                12.7203585,
                49.9728138
              ],
              [
                12.7203591,
                49.9728138
              ],
              [
                12.7203597,
                49.9728138
              ],
              [
                12.7203603,
                49.9728139
              ],
              [
                12.7203609,
                49.9728141
              ],
              [
                12.7203614,
                49.9728143
              ],
              [
                12.7203618,
                49.9728146
              ],
              [
                12.7203622,
                49.9728149
              ],
              [
                12.7203624,
                49.9728152
              ],
              [
                12.7203626,
                49.9728156
              ],
              [
                12.7203627,
                49.972816
              ],
              [
                12.7203626,
                49.9728164
              ],
              [
                12.7203625,
                49.9728168
              ],
              [
                12.7203622,
                49.9728171
              ],
              [
                12.7203619,
                49.9728175
              ],
              [
                12.7203615,
                49.9728177
              ],
              [
                12.720361,
                49.972818
              ],
              [
                12.7203604,
                49.9728181
              ],
              [
                12.7203598,
                49.9728182
              ],
              [
                12.7203592,
                49.9728183
              ],
              [
                12.7203586,
                49.9728183
              ]
            ]
          ]
        ]
      },
      "properties": {
        "zdroj": "NPÚ, Památkový geografický informační systém",
        "nazev": "Juniorhotel Krakonoš",
        "ochrana_kod": "KP",
        "ochrana": "kulturní památka",
        "unesco": false,
        "upresneni_ochrany": "NEM",
        "rejstrik": "27142/4-4248",
        "prstav_id": "138371",
        "chraneno": true,
        "faze_ochrany": "památkově chráněno",
        "rok_zapisu": 1958,
        "url": "https://pamatkovykatalog.cz/pravni-ochrana/x-138371",
        "prislusnost_k_obci": "ÚSKP: obec uvedena u záznamu"
      }
    },
    {
      "type": "Feature",
      "geometry": {
        "type": "MultiPolygon",
        "coordinates": [
          [
            [
              [
                12.7019618,
                49.9672253
              ],
              [
                12.7019606,
                49.9672178
              ],
              [
                12.7019613,
                49.9672178
              ],
              [
                12.7019592,
                49.9672047
              ],
              [
                12.7019476,
                49.9672053
              ],
              [
                12.7019332,
                49.9671144
              ],
              [
                12.7019428,
                49.9671137
              ],
              [
                12.701937,
                49.9670767
              ],
              [
                12.7018365,
                49.9670832
              ],
              [
                12.701833,
                49.9670613
              ],
              [
                12.7018298,
                49.9670328
              ],
              [
                12.7018282,
                49.9670221
              ],
              [
                12.7018266,
                49.9670093
              ],
              [
                12.7019994,
                49.9670009
              ],
              [
                12.7020753,
                49.9669943
              ],
              [
                12.7021884,
                49.9669875
              ],
              [
                12.7021895,
                49.9669941
              ],
              [
                12.7021195,
                49.9670016
              ],
              [
                12.7021267,
                49.9670423
              ],
              [
                12.7021314,
                49.9670393
              ],
              [
                12.7021368,
                49.9670368
              ],
              [
                12.7021428,
                49.967035
              ],
              [
                12.7021492,
                49.9670338
              ],
              [
                12.7021558,
                49.9670333
              ],
              [
                12.7021624,
                49.9670335
              ],
              [
                12.7021689,
                49.9670345
              ],
              [
                12.702175,
                49.9670361
              ],
              [
                12.7021807,
                49.9670384
              ],
              [
                12.7021856,
                49.9670412
              ],
              [
                12.7021898,
                49.9670445
              ],
              [
                12.7021931,
                49.9670482
              ],
              [
                12.7021953,
                49.9670523
              ],
              [
                12.7021965,
                49.9670565
              ],
              [
                12.7021965,
                49.9670608
              ],
              [
                12.7021955,
                49.967065
              ],
              [
                12.7021934,
                49.967069
              ],
              [
                12.7021902,
                49.9670728
              ],
              [
                12.7021862,
                49.9670762
              ],
              [
                12.7021939,
                49.9671396
              ],
              [
                12.7021592,
                49.9671413
              ],
              [
                12.7021616,
                49.9671611
              ],
              [
                12.7021684,
                49.9671608
              ],
              [
                12.7021695,
                49.9671699
              ],
              [
                12.7021601,
                49.9671703
              ],
              [
                12.7021641,
                49.9672034
              ],
              [
                12.7021576,
                49.9672034
              ],
              [
                12.7021522,
                49.9672037
              ],
              [
                12.7021414,
                49.967212
              ],
              [
                12.7021154,
                49.9672295
              ],
              [
                12.7021041,
                49.9672228
              ],
              [
                12.7020873,
                49.9672238
              ],
              [
                12.7020872,
                49.9672229
              ],
              [
                12.7020441,
                49.9672255
              ],
              [
                12.7020441,
                49.967226
              ],
              [
                12.7020256,
                49.9672272
              ],
              [
                12.7020247,
                49.9672211
              ],
              [
                12.7019618,
                49.9672253
              ]
            ]
          ]
        ]
      },
      "properties": {
        "zdroj": "NPÚ, Památkový geografický informační systém",
        "nazev": "knihovna",
        "ochrana_kod": "KP",
        "ochrana": "kulturní památka",
        "unesco": false,
        "upresneni_ochrany": "NEM",
        "rejstrik": "28828/4-4249",
        "prstav_id": "140160",
        "chraneno": true,
        "faze_ochrany": "památkově chráněno",
        "rok_zapisu": 1958,
        "url": "https://pamatkovykatalog.cz/pravni-ochrana/x-140160",
        "prislusnost_k_obci": "ÚSKP: obec uvedena u záznamu"
      }
    },
    {
      "type": "Feature",
      "geometry": {
        "type": "MultiPolygon",
        "coordinates": [
          [
            [
              [
                12.7092987,
                49.9596862
              ],
              [
                12.7092285,
                49.9596635
              ],
              [
                12.7092598,
                49.9596221
              ],
              [
                12.7092351,
                49.9596141
              ],
              [
                12.7092412,
                49.959606
              ],
              [
                12.7092205,
                49.9595996
              ],
              [
                12.7092488,
                49.9595618
              ],
              [
                12.7092695,
                49.9595683
              ],
              [
                12.7092753,
                49.9595606
              ],
              [
                12.7093003,
                49.9595685
              ],
              [
                12.7093324,
                49.9595267
              ],
              [
                12.7094024,
                49.9595489
              ],
              [
                12.7093709,
                49.9595904
              ],
              [
                12.7093959,
                49.9595982
              ],
              [
                12.7093898,
                49.9596063
              ],
              [
                12.7094114,
                49.9596131
              ],
              [
                12.7094204,
                49.9596286
              ],
              [
                12.7094073,
                49.9596457
              ],
              [
                12.7093832,
                49.9596514
              ],
              [
                12.7093619,
                49.9596446
              ],
              [
                12.7093558,
                49.9596526
              ],
              [
                12.7093302,
                49.9596446
              ],
              [
                12.7092987,
                49.9596862
              ]
            ]
          ],
          [
            [
              [
                12.7096451,
                49.9593745
              ],
              [
                12.7095501,
                49.9593448
              ],
              [
                12.7095446,
                49.9593522
              ],
              [
                12.7095223,
                49.9593453
              ],
              [
                12.7095157,
                49.9593543
              ],
              [
                12.7094933,
                49.9593473
              ],
              [
                12.7095003,
                49.959338
              ],
              [
                12.7094776,
                49.9593307
              ],
              [
                12.7095123,
                49.9592864
              ],
              [
                12.7095786,
                49.9593065
              ],
              [
                12.7095716,
                49.9593159
              ],
              [
                12.7096689,
                49.9593459
              ],
              [
                12.7096451,
                49.9593745
              ]
            ]
          ]
        ]
      },
      "properties": {
        "zdroj": "NPÚ, Památkový geografický informační systém",
        "nazev": "lázeňský pavilón Rudolfova pramene",
        "ochrana_kod": "KP",
        "ochrana": "kulturní památka",
        "unesco": false,
        "upresneni_ochrany": "NEM",
        "rejstrik": "22455/4-4250",
        "prstav_id": "133400",
        "chraneno": true,
        "faze_ochrany": "památkově chráněno",
        "rok_zapisu": 1958,
        "url": "https://pamatkovykatalog.cz/pravni-ochrana/x-133400",
        "prislusnost_k_obci": "ÚSKP: obec uvedena u záznamu"
      }
    },
    {
      "type": "Feature",
      "geometry": {
        "type": "MultiPolygon",
        "coordinates": [
          [
            [
              [
                12.7050727,
                49.972478
              ],
              [
                12.7050713,
                49.9724782
              ],
              [
                12.7050135,
                49.9723032
              ],
              [
                12.7050159,
                49.9723029
              ],
              [
                12.7051961,
                49.9722793
              ],
              [
                12.7052713,
                49.9722697
              ],
              [
                12.7053263,
                49.9722626
              ],
              [
                12.7053557,
                49.9723711
              ],
              [
                12.7053609,
                49.9723705
              ],
              [
                12.7053776,
                49.9724325
              ],
              [
                12.7054048,
                49.9724287
              ],
              [
                12.7054061,
                49.9724327
              ],
              [
                12.705255,
                49.972454
              ],
              [
                12.7052543,
                49.9724523
              ],
              [
                12.7050727,
                49.972478
              ]
            ]
          ]
        ]
      },
      "properties": {
        "zdroj": "NPÚ, Památkový geografický informační systém",
        "nazev": "lázeňský dům Copelie",
        "ochrana_kod": "KP",
        "ochrana": "kulturní památka",
        "unesco": false,
        "upresneni_ochrany": "NEM",
        "rejstrik": "27368/4-4251",
        "prstav_id": "138606",
        "chraneno": true,
        "faze_ochrany": "památkově chráněno",
        "rok_zapisu": 1958,
        "url": "https://pamatkovykatalog.cz/pravni-ochrana/x-138606",
        "prislusnost_k_obci": "ÚSKP: obec uvedena u záznamu"
      }
    },
    {
      "type": "Feature",
      "geometry": {
        "type": "MultiPolygon",
        "coordinates": [
          [
            [
              [
                12.7085718,
                49.9711066
              ],
              [
                12.7084741,
                49.9711891
              ],
              [
                12.7084703,
                49.9711923
              ],
              [
                12.7081529,
                49.9709895
              ],
              [
                12.7081014,
                49.970989
              ],
              [
                12.7080857,
                49.9709889
              ],
              [
                12.7080646,
                49.9709887
              ],
              [
                12.7080643,
                49.9709887
              ],
              [
                12.7080537,
                49.970988
              ],
              [
                12.7080324,
                49.9709865
              ],
              [
                12.708032,
                49.9709864
              ],
              [
                12.7080316,
                49.9709864
              ],
              [
                12.7080312,
                49.9709862
              ],
              [
                12.7079892,
                49.9709728
              ],
              [
                12.707989,
                49.9709728
              ],
              [
                12.7079888,
                49.9709727
              ],
              [
                12.7078575,
                49.9709197
              ],
              [
                12.7076707,
                49.9708421
              ],
              [
                12.7075495,
                49.9707934
              ],
              [
                12.7074256,
                49.970744
              ],
              [
                12.7073343,
                49.9707078
              ],
              [
                12.7073303,
                49.9707063
              ],
              [
                12.7073298,
                49.970706
              ],
              [
                12.7073294,
                49.9707058
              ],
              [
                12.7073291,
                49.9707055
              ],
              [
                12.7073289,
                49.9707052
              ],
              [
                12.7073287,
                49.9707048
              ],
              [
                12.7073286,
                49.9707045
              ],
              [
                12.7073286,
                49.9707041
              ],
              [
                12.7073287,
                49.9707038
              ],
              [
                12.7073289,
                49.9707034
              ],
              [
                12.7073292,
                49.9707031
              ],
              [
                12.707353,
                49.9706794
              ],
              [
                12.7073487,
                49.9706764
              ],
              [
                12.7073483,
                49.9706761
              ],
              [
                12.7073481,
                49.9706758
              ],
              [
                12.7073479,
                49.9706754
              ],
              [
                12.7073478,
                49.9706751
              ],
              [
                12.7073478,
                49.9706747
              ],
              [
                12.7073479,
                49.9706743
              ],
              [
                12.7073481,
                49.970674
              ],
              [
                12.7073941,
                49.9706074
              ],
              [
                12.7073758,
                49.9706011
              ],
              [
                12.7073753,
                49.9706009
              ],
              [
                12.7073749,
                49.9706007
              ],
              [
                12.7073745,
                49.9706004
              ],
              [
                12.7073743,
                49.9706001
              ],
              [
                12.7073741,
                49.9705998
              ],
              [
                12.707374,
                49.9705994
              ],
              [
                12.707374,
                49.9705991
              ],
              [
                12.707374,
                49.9705987
              ],
              [
                12.7073742,
                49.9705983
              ],
              [
                12.7073744,
                49.970598
              ],
              [
                12.7074006,
                49.9705697
              ],
              [
                12.7074009,
                49.9705694
              ],
              [
                12.7074013,
                49.9705691
              ],
              [
                12.7074018,
                49.9705689
              ],
              [
                12.7074114,
                49.9705652
              ],
              [
                12.7074726,
                49.9704831
              ],
              [
                12.7074681,
                49.9704818
              ],
              [
                12.7074676,
                49.9704816
              ],
              [
                12.7074671,
                49.9704814
              ],
              [
                12.7074667,
                49.9704811
              ],
              [
                12.7074664,
                49.9704808
              ],
              [
                12.7074662,
                49.9704805
              ],
              [
                12.707466,
                49.9704801
              ],
              [
                12.707466,
                49.9704798
              ],
              [
                12.707466,
                49.9704794
              ],
              [
                12.7074661,
                49.970479
              ],
              [
                12.7074663,
                49.9704787
              ],
              [
                12.7075247,
                49.970402
              ],
              [
                12.707525,
                49.9704017
              ],
              [
                12.7075254,
                49.9704014
              ],
              [
                12.7075259,
                49.9704012
              ],
              [
                12.7075264,
                49.970401
              ],
              [
                12.7075269,
                49.9704008
              ],
              [
                12.7075275,
                49.9704008
              ],
              [
                12.7075281,
                49.9704008
              ],
              [
                12.7075325,
                49.970401
              ],
              [
                12.7075961,
                49.9703205
              ],
              [
                12.7076592,
                49.9702339
              ],
              [
                12.7076595,
                49.9702335
              ],
              [
                12.7076599,
                49.9702332
              ],
              [
                12.7076603,
                49.970233
              ],
              [
                12.7076609,
                49.9702328
              ],
              [
                12.7076614,
                49.9702326
              ],
              [
                12.707662,
                49.9702326
              ],
              [
                12.7076626,
                49.9702326
              ],
              [
                12.7076632,
                49.9702326
              ],
              [
                12.7076638,
                49.9702328
              ],
              [
                12.7076643,
                49.970233
              ],
              [
                12.7076648,
                49.9702332
              ],
              [
                12.7076652,
                49.9702335
              ],
              [
                12.7076655,
                49.9702339
              ],
              [
                12.7076657,
                49.9702342
              ],
              [
                12.7076658,
                49.9702346
              ],
              [
                12.7076658,
                49.970235
              ],
              [
                12.7076657,
                49.9702354
              ],
              [
                12.7076655,
                49.9702358
              ],
              [
                12.7076024,
                49.9703225
              ],
              [
                12.7076023,
                49.9703225
              ],
              [
                12.7075376,
                49.9704044
              ],
              [
                12.7075373,
                49.9704047
              ],
              [
                12.7075369,
                49.970405
              ],
              [
                12.7075365,
                49.9704052
              ],
              [
                12.7075359,
                49.9704054
              ],
              [
                12.7075354,
                49.9704055
              ],
              [
                12.7075348,
                49.9704056
              ],
              [
                12.7075342,
                49.9704056
              ],
              [
                12.7075299,
                49.9704054
              ],
              [
                12.7074742,
                49.9704786
              ],
              [
                12.7074787,
                49.9704799
              ],
              [
                12.7074792,
                49.9704801
              ],
              [
                12.7074797,
                49.9704803
              ],
              [
                12.70748,
                49.9704806
              ],
              [
                12.7074804,
                49.9704809
              ],
              [
                12.7074806,
                49.9704812
              ],
              [
                12.7074807,
                49.9704815
              ],
              [
                12.7074808,
                49.9704819
              ],
              [
                12.7074808,
                49.9704823
              ],
              [
                12.7074807,
                49.9704826
              ],
              [
                12.7074805,
                49.9704829
              ],
              [
                12.7074172,
                49.9705678
              ],
              [
                12.707417,
                49.9705681
              ],
              [
                12.7074167,
                49.9705684
              ],
              [
                12.7074163,
                49.9705686
              ],
              [
                12.7074159,
                49.9705688
              ],
              [
                12.7074061,
                49.9705724
              ],
              [
                12.7073823,
                49.9705983
              ],
              [
                12.7074003,
                49.9706045
              ],
              [
                12.7074007,
                49.9706047
              ],
              [
                12.7074012,
                49.9706049
              ],
              [
                12.7074015,
                49.9706052
              ],
              [
                12.7074018,
                49.9706055
              ],
              [
                12.707402,
                49.9706059
              ],
              [
                12.7074021,
                49.9706063
              ],
              [
                12.7074021,
                49.9706066
              ],
              [
                12.707402,
                49.970607
              ],
              [
                12.7074018,
                49.9706073
              ],
              [
                12.7073554,
                49.9706744
              ],
              [
                12.70736,
                49.9706776
              ],
              [
                12.7073604,
                49.9706779
              ],
              [
                12.7073606,
                49.9706782
              ],
              [
                12.7073608,
                49.9706786
              ],
              [
                12.7073609,
                49.9706789
              ],
              [
                12.7073609,
                49.9706793
              ],
              [
                12.7073608,
                49.9706797
              ],
              [
                12.7073607,
                49.97068
              ],
              [
                12.7073604,
                49.9706804
              ],
              [
                12.707337,
                49.9707036
              ],
              [
                12.7074293,
                49.9707402
              ],
              [
                12.7075532,
                49.9707895
              ],
              [
                12.7076744,
                49.9708383
              ],
              [
                12.7078612,
                49.9709159
              ],
              [
                12.7079924,
                49.9709689
              ],
              [
                12.7080337,
                49.970982
              ],
              [
                12.7080649,
                49.9709842
              ],
              [
                12.7081408,
                49.9709849
              ],
              [
                12.7081454,
                49.9709849
              ],
              [
                12.7081447,
                49.9709846
              ],
              [
                12.7079142,
                49.9708773
              ],
              [
                12.7077835,
                49.9708373
              ],
              [
                12.7078239,
                49.9707843
              ],
              [
                12.7077249,
                49.9707536
              ],
              [
                12.7077231,
                49.9707478
              ],
              [
                12.7078239,
                49.9706186
              ],
              [
                12.7078673,
                49.9706321
              ],
              [
                12.7078639,
                49.9706365
              ],
              [
                12.7079273,
                49.9706551
              ],
              [
                12.707918,
                49.9706664
              ],
              [
                12.7080619,
                49.97071
              ],
              [
                12.7081121,
                49.9706426
              ],
              [
                12.708101,
                49.9706392
              ],
              [
                12.708125,
                49.9706071
              ],
              [
                12.7081361,
                49.9706105
              ],
              [
                12.7081538,
                49.9705868
              ],
              [
                12.7081088,
                49.9705729
              ],
              [
                12.7081108,
                49.9705689
              ],
              [
                12.7080976,
                49.9705542
              ],
              [
                12.7080883,
                49.9705382
              ],
              [
                12.7080831,
                49.9705216
              ],
              [
                12.708082,
                49.9705046
              ],
              [
                12.7080853,
                49.9704877
              ],
              [
                12.7080926,
                49.9704713
              ],
              [
                12.708104,
                49.970456
              ],
              [
                12.708119,
                49.970442
              ],
              [
                12.7081374,
                49.9704297
              ],
              [
                12.7081585,
                49.9704195
              ],
              [
                12.7081819,
                49.9704117
              ],
              [
                12.7082069,
                49.9704063
              ],
              [
                12.708233,
                49.9704036
              ],
              [
                12.7082355,
                49.9703997
              ],
              [
                12.7082758,
                49.9704115
              ],
              [
                12.7082865,
                49.9703945
              ],
              [
                12.7085217,
                49.970466
              ],
              [
                12.7085178,
                49.9704718
              ],
              [
                12.7085227,
                49.9704758
              ],
              [
                12.7085264,
                49.9704803
              ],
              [
                12.7085289,
                49.9704851
              ],
              [
                12.7085301,
                49.9704901
              ],
              [
                12.70853,
                49.9704952
              ],
              [
                12.7085285,
                49.9705002
              ],
              [
                12.7085257,
                49.970505
              ],
              [
                12.7085217,
                49.9705093
              ],
              [
                12.7085166,
                49.9705132
              ],
              [
                12.7085105,
                49.9705165
              ],
              [
                12.7085037,
                49.970519
              ],
              [
                12.7084963,
                49.9705208
              ],
              [
                12.7084885,
                49.9705217
              ],
              [
                12.7084806,
                49.9705218
              ],
              [
                12.7084175,
                49.9706095
              ],
              [
                12.7084347,
                49.9706147
              ],
              [
                12.708488,
                49.9706307
              ],
              [
                12.7085443,
                49.9706475
              ],
              [
                12.7085531,
                49.9706446
              ],
              [
                12.7085625,
                49.9706427
              ],
              [
                12.7085722,
                49.9706418
              ],
              [
                12.7085821,
                49.970642
              ],
              [
                12.7085918,
                49.9706431
              ],
              [
                12.7086011,
                49.9706453
              ],
              [
                12.7086097,
                49.9706485
              ],
              [
                12.7086173,
                49.9706525
              ],
              [
                12.7086239,
                49.9706573
              ],
              [
                12.7086291,
                49.9706627
              ],
              [
                12.7086329,
                49.9706685
              ],
              [
                12.7086352,
                49.9706747
              ],
              [
                12.7086894,
                49.9706913
              ],
              [
                12.7086847,
                49.9706976
              ],
              [
                12.7087749,
                49.9707237
              ],
              [
                12.7087757,
                49.9707226
              ],
              [
                12.7088847,
                49.9707551
              ],
              [
                12.7087958,
                49.9708776
              ],
              [
                12.7085718,
                49.9711066
              ]
            ]
          ],
          [
            [
              [
                12.7076762,
                49.9706238
              ],
              [
                12.7076756,
                49.9706237
              ],
              [
                12.707675,
                49.9706235
              ],
              [
                12.7076745,
                49.9706233
              ],
              [
                12.7076741,
                49.970623
              ],
              [
                12.7076737,
                49.9706227
              ],
              [
                12.7076735,
                49.9706224
              ],
              [
                12.7076733,
                49.970622
              ],
              [
                12.7076732,
                49.9706216
              ],
              [
                12.7076733,
                49.9706212
              ],
              [
                12.7076734,
                49.9706208
              ],
              [
                12.7076737,
                49.9706205
              ],
              [
                12.707674,
                49.9706201
              ],
              [
                12.7076745,
                49.9706199
              ],
              [
                12.7076749,
                49.9706196
              ],
              [
                12.7076755,
                49.9706195
              ],
              [
                12.7076761,
                49.9706194
              ],
              [
                12.7076767,
                49.9706193
              ],
              [
                12.7076773,
                49.9706193
              ],
              [
                12.7076779,
                49.9706194
              ],
              [
                12.7076784,
                49.9706196
              ],
              [
                12.7076789,
                49.9706198
              ],
              [
                12.7076794,
                49.9706201
              ],
              [
                12.7076797,
                49.9706204
              ],
              [
                12.70768,
                49.9706208
              ],
              [
                12.7076802,
                49.9706211
              ],
              [
                12.7076802,
                49.9706215
              ],
              [
                12.7076802,
                49.9706219
              ],
              [
                12.70768,
                49.9706223
              ],
              [
                12.7076798,
                49.9706227
              ],
              [
                12.7076794,
                49.970623
              ],
              [
                12.707679,
                49.9706233
              ],
              [
                12.7076785,
                49.9706235
              ],
              [
                12.707678,
                49.9706237
              ],
              [
                12.7076774,
                49.9706238
              ],
              [
                12.7076768,
                49.9706238
              ],
              [
                12.7076762,
                49.9706238
              ]
            ]
          ]
        ]
      },
      "properties": {
        "zdroj": "NPÚ, Památkový geografický informační systém",
        "nazev": "lázeňský dům Panorama",
        "ochrana_kod": "KP",
        "ochrana": "kulturní památka",
        "unesco": false,
        "upresneni_ochrany": "NEM",
        "rejstrik": "34211/4-4257",
        "prstav_id": "145913",
        "chraneno": true,
        "faze_ochrany": "památkově chráněno",
        "rok_zapisu": 1958,
        "url": "https://pamatkovykatalog.cz/pravni-ochrana/x-145913",
        "prislusnost_k_obci": "ÚSKP: obec uvedena u záznamu"
      }
    },
    {
      "type": "Feature",
      "geometry": {
        "type": "MultiPolygon",
        "coordinates": [
          [
            [
              [
                12.7086548,
                49.9770529
              ],
              [
                12.7086559,
                49.9772669
              ],
              [
                12.7086555,
                49.9772792
              ],
              [
                12.7083902,
                49.9772825
              ],
              [
                12.7083906,
                49.9773261
              ],
              [
                12.7083812,
                49.9773261
              ],
              [
                12.7083807,
                49.9772677
              ],
              [
                12.7083786,
                49.9770329
              ],
              [
                12.7083778,
                49.9769284
              ],
              [
                12.7086543,
                49.9769262
              ],
              [
                12.7086548,
                49.9770529
              ]
            ]
          ]
        ]
      },
      "properties": {
        "zdroj": "NPÚ, Památkový geografický informační systém",
        "nazev": "dům U Zlatého hroznu",
        "ochrana_kod": "KP",
        "ochrana": "kulturní památka",
        "unesco": false,
        "upresneni_ochrany": "NEM",
        "rejstrik": "33197/4-55",
        "prstav_id": "144828",
        "chraneno": true,
        "faze_ochrany": "památkově chráněno, rozsah revidován",
        "rok_zapisu": 1975,
        "url": "https://pamatkovykatalog.cz/pravni-ochrana/x-144828",
        "prislusnost_k_obci": "ÚSKP: obec uvedena u záznamu"
      }
    },
    {
      "type": "Feature",
      "geometry": {
        "type": "MultiPolygon",
        "coordinates": [
          [
            [
              [
                12.709425,
                49.9770393
              ],
              [
                12.7093686,
                49.9770775
              ],
              [
                12.7093147,
                49.977114
              ],
              [
                12.7092022,
                49.9771901
              ],
              [
                12.7091216,
                49.9771418
              ],
              [
                12.7091184,
                49.9771397
              ],
              [
                12.7091037,
                49.97713
              ],
              [
                12.7088845,
                49.9769989
              ],
              [
                12.7087049,
                49.9768909
              ],
              [
                12.708923,
                49.9767384
              ],
              [
                12.7090676,
                49.9768257
              ],
              [
                12.7092035,
                49.9769075
              ],
              [
                12.7093233,
                49.9769796
              ],
              [
                12.709424,
                49.9770387
              ],
              [
                12.709425,
                49.9770393
              ]
            ]
          ]
        ]
      },
      "properties": {
        "zdroj": "NPÚ, Památkový geografický informační systém",
        "nazev": "lázeňský dům Zelený kříž/Split",
        "ochrana_kod": "KP",
        "ochrana": "kulturní památka",
        "unesco": false,
        "upresneni_ochrany": "NEM",
        "rejstrik": "46674/4-56",
        "prstav_id": "159194",
        "chraneno": true,
        "faze_ochrany": "památkově chráněno, rozsah revidován",
        "rok_zapisu": 2016,
        "url": "https://pamatkovykatalog.cz/pravni-ochrana/x-159194",
        "prislusnost_k_obci": "ÚSKP: obec uvedena u záznamu"
      }
    },
    {
      "type": "Feature",
      "geometry": {
        "type": "MultiPolygon",
        "coordinates": [
          [
            [
              [
                12.7046395,
                49.9783773
              ],
              [
                12.7046404,
                49.9783206
              ],
              [
                12.7046376,
                49.9783207
              ],
              [
                12.7046353,
                49.9781789
              ],
              [
                12.7046352,
                49.9781759
              ],
              [
                12.7046486,
                49.9781758
              ],
              [
                12.7046488,
                49.9781865
              ],
              [
                12.7046889,
                49.9781863
              ],
              [
                12.7046888,
                49.9781757
              ],
              [
                12.7047021,
                49.9781755
              ],
              [
                12.7047024,
                49.9781861
              ],
              [
                12.7048831,
                49.9781847
              ],
              [
                12.7048828,
                49.9781739
              ],
              [
                12.7048946,
                49.9781738
              ],
              [
                12.7048947,
                49.9781846
              ],
              [
                12.7049387,
                49.9781843
              ],
              [
                12.7049385,
                49.9781734
              ],
              [
                12.7049502,
                49.9781733
              ],
              [
                12.7049503,
                49.9781793
              ],
              [
                12.7049474,
                49.9783237
              ],
              [
                12.7049463,
                49.9783776
              ],
              [
                12.7048431,
                49.9783788
              ],
              [
                12.7047097,
                49.9783791
              ],
              [
                12.7047097,
                49.9783767
              ],
              [
                12.7046395,
                49.9783773
              ]
            ]
          ]
        ]
      },
      "properties": {
        "zdroj": "NPÚ, Památkový geografický informační systém",
        "nazev": "lázeňský dům Gorkij",
        "ochrana_kod": "KP",
        "ochrana": "kulturní památka",
        "unesco": false,
        "upresneni_ochrany": "NEM",
        "rejstrik": "46270/4-59",
        "prstav_id": "158766",
        "chraneno": true,
        "faze_ochrany": "památkově chráněno",
        "rok_zapisu": 1958,
        "url": "https://pamatkovykatalog.cz/pravni-ochrana/x-158766",
        "prislusnost_k_obci": "ÚSKP: obec uvedena u záznamu"
      }
    },
    {
      "type": "Feature",
      "geometry": {
        "type": "MultiPolygon",
        "coordinates": [
          [
            [
              [
                12.7030982,
                49.9754284
              ],
              [
                12.7028961,
                49.9754292
              ],
              [
                12.7028961,
                49.9754302
              ],
              [
                12.7027193,
                49.9754304
              ],
              [
                12.7025556,
                49.9754306
              ],
              [
                12.7025555,
                49.975435
              ],
              [
                12.7024185,
                49.9754381
              ],
              [
                12.702354,
                49.9754396
              ],
              [
                12.7023323,
                49.975225
              ],
              [
                12.702509,
                49.9752242
              ],
              [
                12.7028168,
                49.9752226
              ],
              [
                12.7028548,
                49.9752225
              ],
              [
                12.7030898,
                49.9752213
              ],
              [
                12.7030982,
                49.9754284
              ]
            ]
          ]
        ]
      },
      "properties": {
        "zdroj": "NPÚ, Památkový geografický informační systém",
        "nazev": "lázeňský dům Chopin",
        "ochrana_kod": "KP",
        "ochrana": "kulturní památka",
        "unesco": false,
        "upresneni_ochrany": "NEM",
        "rejstrik": "24021/4-60",
        "prstav_id": "135059",
        "chraneno": true,
        "faze_ochrany": "památkově chráněno",
        "rok_zapisu": 1958,
        "url": "https://pamatkovykatalog.cz/pravni-ochrana/x-135059",
        "prislusnost_k_obci": "ÚSKP: obec uvedena u záznamu"
      }
    },
    {
      "type": "Feature",
      "geometry": {
        "type": "MultiPolygon",
        "coordinates": [
          [
            [
              [
                12.7009459,
                49.9788284
              ],
              [
                12.700892,
                49.9788627
              ],
              [
                12.7008877,
                49.9788597
              ],
              [
                12.7008526,
                49.9788363
              ],
              [
                12.7008116,
                49.9788093
              ],
              [
                12.7008277,
                49.9787991
              ],
              [
                12.7007872,
                49.9787724
              ],
              [
                12.7007711,
                49.9787826
              ],
              [
                12.700628,
                49.9786881
              ],
              [
                12.7005612,
                49.9786527
              ],
              [
                12.7005934,
                49.9786012
              ],
              [
                12.7007001,
                49.9784728
              ],
              [
                12.7008022,
                49.9784021
              ],
              [
                12.7008087,
                49.9784065
              ],
              [
                12.700873,
                49.9784608
              ],
              [
                12.7008743,
                49.9784617
              ],
              [
                12.7010101,
                49.9785444
              ],
              [
                12.7011978,
                49.9786649
              ],
              [
                12.7011388,
                49.9787033
              ],
              [
                12.7009459,
                49.9788284
              ]
            ]
          ]
        ]
      },
      "properties": {
        "zdroj": "NPÚ, Památkový geografický informační systém",
        "nazev": "lázeňský dům Třebízský",
        "ochrana_kod": "KP",
        "ochrana": "kulturní památka",
        "unesco": false,
        "upresneni_ochrany": "NEM",
        "rejstrik": "17156/4-61",
        "prstav_id": "127769",
        "chraneno": true,
        "faze_ochrany": "památkově chráněno",
        "rok_zapisu": 1958,
        "url": "https://pamatkovykatalog.cz/pravni-ochrana/x-127769",
        "prislusnost_k_obci": "ÚSKP: obec uvedena u záznamu"
      }
    }
  ]
}