{
  "type": "FeatureCollection",
  "name": "Základní sídelní jednotky",
  "crs": {
    "type": "name",
    "properties": {
      "name": "urn:ogc:def:crs:OGC:1.3:CRS84"
    }
  },
  "souradnicovy_system": "WGS-84 (EPSG:4326)",
  "prevedeno_z": "S-JTSK / Křovák East North (EPSG:5514)",
  "parametry_prevodu": {
    "dx_m": 570.8,
    "dy_m": 85.7,
    "dz_m": 462.8,
    "rx_vteriny": -4.998,
    "ry_vteriny": -1.587,
    "rz_vteriny": -5.261,
    "meritko_ppm": 3.56,
    "konvence": "coordinate frame"
  },
  "zdroj": "RÚIAN VFR 20260731_OB_554642_UKSH.xml",
  "licence": "CC BY 4.0 — Český úřad zeměměřický a katastrální, RÚIAN. Data se poskytují bezúplatně a i pro komerční užití, povinností je uvést zdroj. https://cuzk.gov.cz/Uvod/Produkty-a-sluzby/Otevrena-data/Otevrena-data-zakladni-informace.aspx",
  "obec": {
    "kod": "554642",
    "nazev": "Mariánské Lázně",
    "okres": "Cheb"
  },
  "generovano": "2026-08-17",
  "features": [
    {
      "type": "Feature",
      "geometry": {
        "type": "MultiPolygon",
        "coordinates": [
          [
            [
              [
                12.6912069,
                49.9340233
              ],
              [
                12.6916623,
                49.9336768
              ],
              [
                12.6925958,
                49.9329898
              ],
              [
                12.6947915,
                49.9327607
              ],
              [
                12.6949397,
                49.9327453
              ],
              [
                12.6968309,
                49.9324972
              ],
              [
                12.6984636,
                49.9318297
              ],
              [
                12.6986535,
                49.931752
              ],
              [
                12.6991736,
                49.9315362
              ],
              [
                12.6999795,
                49.9311911
              ],
              [
                12.7003256,
                49.9310428
              ],
              [
                12.7002989,
                49.9309169
              ],
              [
                12.7001933,
                49.9304184
              ],
              [
                12.7001381,
                49.9300726
              ],
              [
                12.7003174,
                49.9294194
              ],
              [
                12.7006822,
                49.9290053
              ],
              [
                12.7013504,
                49.9285832
              ],
              [
                12.7014616,
                49.9285293
              ],
              [
                12.7015506,
                49.9284862
              ],
              [
                12.7017231,
                49.9284025
              ],
              [
                12.7020513,
                49.9280639
              ],
              [
                12.7022259,
                49.9277785
              ],
              [
                12.7024512,
                49.9276107
              ],
              [
                12.7026182,
                49.9273234
              ],
              [
                12.7028568,
                49.9269665
              ],
              [
                12.7028975,
                49.9259824
              ],
              [
                12.702899,
                49.9259459
              ],
              [
                12.7034545,
                49.926086
              ],
              [
                12.7046799,
                49.9260132
              ],
              [
                12.7053814,
                49.9259088
              ],
              [
                12.7057208,
                49.9255601
              ],
              [
                12.706919,
                49.9254355
              ],
              [
                12.7084863,
                49.9251864
              ],
              [
                12.709293,
                49.9247036
              ],
              [
                12.7096097,
                49.9248139
              ],
              [
                12.710011,
                49.9250924
              ],
              [
                12.7102021,
                49.9253501
              ],
              [
                12.7104272,
                49.9257927
              ],
              [
                12.7104853,
                49.9260092
              ],
              [
                12.7109953,
                49.9257896
              ],
              [
                12.711515,
                49.9255206
              ],
              [
                12.711701,
                49.9254625
              ],
              [
                12.711841,
                49.9254282
              ],
              [
                12.711875,
                49.925421
              ],
              [
                12.7126564,
                49.9252664
              ],
              [
                12.7128601,
                49.9252306
              ],
              [
                12.7129243,
                49.9252193
              ],
              [
                12.7129598,
                49.925213
              ],
              [
                12.7129715,
                49.925211
              ],
              [
                12.7130504,
                49.9252161
              ],
              [
                12.7130648,
                49.925217
              ],
              [
                12.7130724,
                49.925215
              ],
              [
                12.7145769,
                49.924813
              ],
              [
                12.7148991,
                49.9247259
              ],
              [
                12.71498,
                49.924704
              ],
              [
                12.7157042,
                49.9245083
              ],
              [
                12.7157394,
                49.9244955
              ],
              [
                12.7160077,
                49.9243987
              ],
              [
                12.7164195,
                49.9241644
              ],
              [
                12.7165773,
                49.9240973
              ],
              [
                12.7168507,
                49.9239809
              ],
              [
                12.7171541,
                49.9238789
              ],
              [
                12.7172678,
                49.9238408
              ],
              [
                12.7174727,
                49.9236487
              ],
              [
                12.7176415,
                49.9234904
              ],
              [
                12.7181078,
                49.9231466
              ],
              [
                12.7188718,
                49.9226595
              ],
              [
                12.7191807,
                49.922456
              ],
              [
                12.719712,
                49.9219446
              ],
              [
                12.7197581,
                49.9219466
              ],
              [
                12.7203884,
                49.9219732
              ],
              [
                12.7207933,
                49.9219776
              ],
              [
                12.7216869,
                49.9219709
              ],
              [
                12.7217871,
                49.9219761
              ],
              [
                12.7227051,
                49.922024
              ],
              [
                12.7230866,
                49.922075
              ],
              [
                12.7240613,
                49.922197
              ],
              [
                12.7254091,
                49.922386
              ],
              [
                12.7267617,
                49.922592
              ],
              [
                12.7274457,
                49.9227006
              ],
              [
                12.7283859,
                49.9228473
              ],
              [
                12.7290345,
                49.9229383
              ],
              [
                12.7296133,
                49.9230085
              ],
              [
                12.7299458,
                49.9230258
              ],
              [
                12.7298699,
                49.9233703
              ],
              [
                12.7299156,
                49.9233753
              ],
              [
                12.7301592,
                49.9234019
              ],
              [
                12.73051,
                49.9234659
              ],
              [
                12.730768,
                49.9235319
              ],
              [
                12.7308028,
                49.9233705
              ],
              [
                12.7312371,
                49.9234407
              ],
              [
                12.7318313,
                49.9235274
              ],
              [
                12.7316807,
                49.9240062
              ],
              [
                12.7315424,
                49.9244393
              ],
              [
                12.7313609,
                49.9252172
              ],
              [
                12.7311637,
                49.9257895
              ],
              [
                12.7310799,
                49.9261262
              ],
              [
                12.7309282,
                49.9264912
              ],
              [
                12.7308655,
                49.9267673
              ],
              [
                12.7308326,
                49.9270625
              ],
              [
                12.7306771,
                49.9270503
              ],
              [
                12.7304709,
                49.9270459
              ],
              [
                12.7304507,
                49.9271475
              ],
              [
                12.7303937,
                49.927255
              ],
              [
                12.7303193,
                49.9274077
              ],
              [
                12.7302137,
                49.9275883
              ],
              [
                12.7300809,
                49.9278053
              ],
              [
                12.7300315,
                49.9280036
              ],
              [
                12.7299727,
                49.9282399
              ],
              [
                12.729884,
                49.9284497
              ],
              [
                12.7298152,
                49.9286825
              ],
              [
                12.7298465,
                49.9288685
              ],
              [
                12.7299121,
                49.9290254
              ],
              [
                12.7302346,
                49.9291315
              ],
              [
                12.7313559,
                49.9294611
              ],
              [
                12.7314157,
                49.9295223
              ],
              [
                12.7318285,
                49.9296481
              ],
              [
                12.7314044,
                49.9302207
              ],
              [
                12.7310993,
                49.9306238
              ],
              [
                12.730836,
                49.9308937
              ],
              [
                12.7306161,
                49.9310581
              ],
              [
                12.7303944,
                49.9311948
              ],
              [
                12.7294485,
                49.9317737
              ],
              [
                12.7267118,
                49.9334823
              ],
              [
                12.7261553,
                49.9337989
              ],
              [
                12.7258851,
                49.933925
              ],
              [
                12.7257553,
                49.9339666
              ],
              [
                12.7251772,
                49.9340277
              ],
              [
                12.7247118,
                49.9340774
              ],
              [
                12.7240031,
                49.9341618
              ],
              [
                12.7239563,
                49.934124
              ],
              [
                12.7237851,
                49.9337823
              ],
              [
                12.7237673,
                49.93374
              ],
              [
                12.7234107,
                49.9337381
              ],
              [
                12.7233772,
                49.9339148
              ],
              [
                12.7231647,
                49.9340675
              ],
              [
                12.7231512,
                49.9340772
              ],
              [
                12.7231055,
                49.93411
              ],
              [
                12.7226808,
                49.9341321
              ],
              [
                12.7223394,
                49.9339364
              ],
              [
                12.7218066,
                49.9338224
              ],
              [
                12.7216688,
                49.9337738
              ],
              [
                12.7215029,
                49.9338039
              ],
              [
                12.7213677,
                49.9338243
              ],
              [
                12.720792,
                49.9340719
              ],
              [
                12.7206011,
                49.9340868
              ],
              [
                12.7201037,
                49.9341657
              ],
              [
                12.7197782,
                49.9341311
              ],
              [
                12.7197604,
                49.9339751
              ],
              [
                12.7197132,
                49.933932
              ],
              [
                12.7193255,
                49.9340024
              ],
              [
                12.7191977,
                49.934093
              ],
              [
                12.7191795,
                49.9341995
              ],
              [
                12.7187055,
                49.9344142
              ],
              [
                12.7185356,
                49.9344034
              ],
              [
                12.7183562,
                49.9344463
              ],
              [
                12.7182693,
                49.9343823
              ],
              [
                12.7182635,
                49.9341651
              ],
              [
                12.7179749,
                49.934213
              ],
              [
                12.7178082,
                49.9342789
              ],
              [
                12.7177202,
                49.9343522
              ],
              [
                12.7173428,
                49.9344081
              ],
              [
                12.7170392,
                49.9342979
              ],
              [
                12.7160735,
                49.9341337
              ],
              [
                12.7158129,
                49.9341494
              ],
              [
                12.7156286,
                49.9340891
              ],
              [
                12.7154081,
                49.9341952
              ],
              [
                12.7148659,
                49.9340114
              ],
              [
                12.7148216,
                49.933982
              ],
              [
                12.7147971,
                49.9339657
              ],
              [
                12.7147209,
                49.9339146
              ],
              [
                12.714505,
                49.9339576
              ],
              [
                12.7142356,
                49.934109
              ],
              [
                12.7140805,
                49.9340859
              ],
              [
                12.7140239,
                49.9341656
              ],
              [
                12.7138767,
                49.9342356
              ],
              [
                12.7137086,
                49.9342792
              ],
              [
                12.7136127,
                49.9343844
              ],
              [
                12.7135167,
                49.9344087
              ],
              [
                12.7134772,
                49.9344062
              ],
              [
                12.7134335,
                49.9343581
              ],
              [
                12.7133672,
                49.9343418
              ],
              [
                12.7132594,
                49.9344092
              ],
              [
                12.7129027,
                49.93445
              ],
              [
                12.7127197,
                49.9343539
              ],
              [
                12.7124613,
                49.9343736
              ],
              [
                12.7124085,
                49.9344804
              ],
              [
                12.7123823,
                49.9345333
              ],
              [
                12.712231,
                49.934571
              ],
              [
                12.7120657,
                49.9346318
              ],
              [
                12.7117772,
                49.9347387
              ],
              [
                12.7116411,
                49.9347891
              ],
              [
                12.7116869,
                49.9349298
              ],
              [
                12.7116117,
                49.9350037
              ],
              [
                12.7116764,
                49.9351135
              ],
              [
                12.7116131,
                49.9351417
              ],
              [
                12.7115834,
                49.935155
              ],
              [
                12.7114339,
                49.935209
              ],
              [
                12.711365,
                49.9351964
              ],
              [
                12.7112733,
                49.9352129
              ],
              [
                12.7111654,
                49.9351453
              ],
              [
                12.7111579,
                49.9350757
              ],
              [
                12.7110772,
                49.9349536
              ],
              [
                12.7109094,
                49.9347965
              ],
              [
                12.71078,
                49.934628
              ],
              [
                12.7105764,
                49.9346076
              ],
              [
                12.7098959,
                49.9345394
              ],
              [
                12.7098947,
                49.9345181
              ],
              [
                12.7097723,
                49.934506
              ],
              [
                12.7097731,
                49.9344071
              ],
              [
                12.7097735,
                49.9343877
              ],
              [
                12.7088023,
                49.9344478
              ],
              [
                12.7084887,
                49.9345199
              ],
              [
                12.7084941,
                49.9344937
              ],
              [
                12.7084616,
                49.9345119
              ],
              [
                12.7085173,
                49.9343794
              ],
              [
                12.7085303,
                49.9341945
              ],
              [
                12.7084806,
                49.9341058
              ],
              [
                12.7081723,
                49.9338294
              ],
              [
                12.7080275,
                49.9336649
              ],
              [
                12.7080053,
                49.9336718
              ],
              [
                12.7073209,
                49.9338678
              ],
              [
                12.7065791,
                49.9340883
              ],
              [
                12.7065414,
                49.9340995
              ],
              [
                12.7039969,
                49.9340709
              ],
              [
                12.7039423,
                49.9340721
              ],
              [
                12.7038417,
                49.9340722
              ],
              [
                12.7036019,
                49.9340725
              ],
              [
                12.7014187,
                49.9340618
              ],
              [
                12.6992549,
                49.9340512
              ],
              [
                12.6986897,
                49.9340478
              ],
              [
                12.6964564,
                49.9340343
              ],
              [
                12.6963055,
                49.9340334
              ],
              [
                12.6942867,
                49.9340212
              ],
              [
                12.6927437,
                49.9340223
              ],
              [
                12.6912069,
                49.9340233
              ]
            ]
          ]
        ]
      },
      "properties": {
        "zdroj": "RÚIAN",
        "kod_zsj": "91685",
        "nazev": "Skláře",
        "kod_ku": "901903",
        "vymera_m2": 2497340,
        "definicni_bod_sjtsk": [
          -866337.0,
          -1042613.0
        ]
      }
    },
    {
      "type": "Feature",
      "geometry": {
        "type": "MultiPolygon",
        "coordinates": [
          [
            [
              [
                12.7364703,
                49.9408888
              ],
              [
                12.7364437,
                49.9408717
              ],
              [
                12.7362232,
                49.9407933
              ],
              [
                12.7361706,
                49.9407744
              ],
              [
                12.7361409,
                49.9407636
              ],
              [
                12.7361055,
                49.9407508
              ],
              [
                12.7358461,
                49.9406466
              ],
              [
                12.7356639,
                49.9405736
              ],
              [
                12.7356439,
                49.9405656
              ],
              [
                12.7350605,
                49.9403315
              ],
              [
                12.7347851,
                49.9403407
              ],
              [
                12.7347501,
                49.9403504
              ],
              [
                12.7346407,
                49.9402879
              ],
              [
                12.7345415,
                49.9400475
              ],
              [
                12.7345055,
                49.9400444
              ],
              [
                12.7331052,
                49.9398518
              ],
              [
                12.7324164,
                49.939761
              ],
              [
                12.7322523,
                49.9397393
              ],
              [
                12.7322235,
                49.9397226
              ],
              [
                12.7321918,
                49.9397042
              ],
              [
                12.7321615,
                49.9396858
              ],
              [
                12.7325127,
                49.9391261
              ],
              [
                12.7325471,
                49.9389623
              ],
              [
                12.7315343,
                49.9387087
              ],
              [
                12.7315007,
                49.9387003
              ],
              [
                12.7313438,
                49.9390673
              ],
              [
                12.7311726,
                49.9392772
              ],
              [
                12.7309862,
                49.9391376
              ],
              [
                12.7305699,
                49.9388259
              ],
              [
                12.7300884,
                49.9385327
              ],
              [
                12.7295959,
                49.938261
              ],
              [
                12.7296322,
                49.9381756
              ],
              [
                12.7290842,
                49.937723
              ],
              [
                12.7285676,
                49.9372842
              ],
              [
                12.7279759,
                49.9367404
              ],
              [
                12.7276525,
                49.936489
              ],
              [
                12.7275455,
                49.9363969
              ],
              [
                12.7271805,
                49.9360829
              ],
              [
                12.7270013,
                49.9359215
              ],
              [
                12.7264043,
                49.9361817
              ],
              [
                12.7259473,
                49.9363807
              ],
              [
                12.7259111,
                49.9362417
              ],
              [
                12.7259047,
                49.9362021
              ],
              [
                12.7259043,
                49.9362003
              ],
              [
                12.7258922,
                49.9361311
              ],
              [
                12.7258772,
                49.9360344
              ],
              [
                12.7258561,
                49.9359838
              ],
              [
                12.7257911,
                49.9358272
              ],
              [
                12.7257736,
                49.9357851
              ],
              [
                12.7257699,
                49.9357761
              ],
              [
                12.7256034,
                49.9355996
              ],
              [
                12.7255056,
                49.935535
              ],
              [
                12.7254554,
                49.9355004
              ],
              [
                12.7254103,
                49.9354695
              ],
              [
                12.72521,
                49.9354006
              ],
              [
                12.7249756,
                49.9353168
              ],
              [
                12.7248718,
                49.9352763
              ],
              [
                12.7249025,
                49.9351702
              ],
              [
                12.7249666,
                49.9349481
              ],
              [
                12.7248436,
                49.934847
              ],
              [
                12.7244891,
                49.9345553
              ],
              [
                12.7241776,
                49.9343028
              ],
              [
                12.7240031,
                49.9341618
              ],
              [
                12.7247118,
                49.9340774
              ],
              [
                12.7251772,
                49.9340277
              ],
              [
                12.7257553,
                49.9339666
              ],
              [
                12.7258851,
                49.933925
              ],
              [
                12.7261553,
                49.9337989
              ],
              [
                12.7267118,
                49.9334823
              ],
              [
                12.7294485,
                49.9317737
              ],
              [
                12.7303944,
                49.9311948
              ],
              [
                12.7306161,
                49.9310581
              ],
              [
                12.730836,
                49.9308937
              ],
              [
                12.7310993,
                49.9306238
              ],
              [
                12.7314044,
                49.9302207
              ],
              [
                12.7318285,
                49.9296481
              ],
              [
                12.7314157,
                49.9295223
              ],
              [
                12.7313559,
                49.9294611
              ],
              [
                12.7302346,
                49.9291315
              ],
              [
                12.7299121,
                49.9290254
              ],
              [
                12.7298465,
                49.9288685
              ],
              [
                12.7298152,
                49.9286825
              ],
              [
                12.729884,
                49.9284497
              ],
              [
                12.7299727,
                49.9282399
              ],
              [
                12.7300315,
                49.9280036
              ],
              [
                12.7300809,
                49.9278053
              ],
              [
                12.7302137,
                49.9275883
              ],
              [
                12.7303193,
                49.9274077
              ],
              [
                12.7303937,
                49.927255
              ],
              [
                12.7304507,
                49.9271475
              ],
              [
                12.7304709,
                49.9270459
              ],
              [
                12.7306771,
                49.9270503
              ],
              [
                12.7308326,
                49.9270625
              ],
              [
                12.7308655,
                49.9267673
              ],
              [
                12.7309282,
                49.9264912
              ],
              [
                12.7310799,
                49.9261262
              ],
              [
                12.7311637,
                49.9257895
              ],
              [
                12.7313609,
                49.9252172
              ],
              [
                12.7315424,
                49.9244393
              ],
              [
                12.7316807,
                49.9240062
              ],
              [
                12.7318313,
                49.9235274
              ],
              [
                12.7318392,
                49.9235288
              ],
              [
                12.7325125,
                49.923645
              ],
              [
                12.7325491,
                49.9236454
              ],
              [
                12.7326626,
                49.9237469
              ],
              [
                12.7326786,
                49.9239286
              ],
              [
                12.7328727,
                49.9241084
              ],
              [
                12.7330769,
                49.9242639
              ],
              [
                12.7331952,
                49.9244627
              ],
              [
                12.73321,
                49.9244505
              ],
              [
                12.7335136,
                49.9241669
              ],
              [
                12.7335394,
                49.9241781
              ],
              [
                12.733585,
                49.9241979
              ],
              [
                12.7336325,
                49.9242185
              ],
              [
                12.73424,
                49.9245295
              ],
              [
                12.7344436,
                49.9246255
              ],
              [
                12.7344697,
                49.9246425
              ],
              [
                12.7349786,
                49.9249744
              ],
              [
                12.7355416,
                49.9253367
              ],
              [
                12.7359477,
                49.9255583
              ],
              [
                12.7360714,
                49.9256014
              ],
              [
                12.7362288,
                49.9256564
              ],
              [
                12.7367092,
                49.9258817
              ],
              [
                12.7371292,
                49.9261327
              ],
              [
                12.7375327,
                49.9264033
              ],
              [
                12.7375493,
                49.9264231
              ],
              [
                12.737638,
                49.926514
              ],
              [
                12.7376572,
                49.9265343
              ],
              [
                12.7379455,
                49.9268372
              ],
              [
                12.7383805,
                49.9273401
              ],
              [
                12.7383948,
                49.9273567
              ],
              [
                12.7385046,
                49.9274836
              ],
              [
                12.7387588,
                49.9279755
              ],
              [
                12.7387908,
                49.9280373
              ],
              [
                12.7388778,
                49.9281354
              ],
              [
                12.7390431,
                49.9282949
              ],
              [
                12.7391946,
                49.9284079
              ],
              [
                12.7393315,
                49.9285368
              ],
              [
                12.7394105,
                49.9290845
              ],
              [
                12.7394833,
                49.9292598
              ],
              [
                12.7396589,
                49.92953
              ],
              [
                12.7398672,
                49.9296645
              ],
              [
                12.7401405,
                49.9297823
              ],
              [
                12.740381,
                49.9298931
              ],
              [
                12.7405494,
                49.9299658
              ],
              [
                12.7407337,
                49.9300398
              ],
              [
                12.7409093,
                49.9301107
              ],
              [
                12.740724,
                49.9301762
              ],
              [
                12.7410703,
                49.9304285
              ],
              [
                12.7413581,
                49.9307228
              ],
              [
                12.741738,
                49.9311311
              ],
              [
                12.7419316,
                49.9312695
              ],
              [
                12.7423815,
                49.9315696
              ],
              [
                12.7428411,
                49.9317975
              ],
              [
                12.7431347,
                49.9318968
              ],
              [
                12.743466,
                49.9320013
              ],
              [
                12.7439709,
                49.9320631
              ],
              [
                12.7439482,
                49.9323148
              ],
              [
                12.7439261,
                49.9325592
              ],
              [
                12.7437369,
                49.9325427
              ],
              [
                12.7431762,
                49.9325038
              ],
              [
                12.7428618,
                49.9326749
              ],
              [
                12.7425279,
                49.9329015
              ],
              [
                12.742423,
                49.9330148
              ],
              [
                12.7423154,
                49.933261
              ],
              [
                12.7422163,
                49.9333781
              ],
              [
                12.7419207,
                49.9337145
              ],
              [
                12.7417293,
                49.9339049
              ],
              [
                12.7416792,
                49.9339772
              ],
              [
                12.7416296,
                49.9341002
              ],
              [
                12.7415402,
                49.9342619
              ],
              [
                12.7413976,
                49.9345033
              ],
              [
                12.74117,
                49.9347504
              ],
              [
                12.7410738,
                49.9348564
              ],
              [
                12.7408638,
                49.9350603
              ],
              [
                12.7406502,
                49.9351475
              ],
              [
                12.7397482,
                49.9354644
              ],
              [
                12.7397206,
                49.9354779
              ],
              [
                12.7396751,
                49.9354693
              ],
              [
                12.7394908,
                49.9354258
              ],
              [
                12.7391598,
                49.9353238
              ],
              [
                12.7387017,
                49.9350977
              ],
              [
                12.7385483,
                49.9349413
              ],
              [
                12.7384814,
                49.9347613
              ],
              [
                12.7380791,
                49.9350316
              ],
              [
                12.7379326,
                49.9351519
              ],
              [
                12.7377784,
                49.9353278
              ],
              [
                12.7374764,
                49.9356086
              ],
              [
                12.737368,
                49.9356974
              ],
              [
                12.7370994,
                49.9359919
              ],
              [
                12.7372506,
                49.9363189
              ],
              [
                12.7374403,
                49.9365199
              ],
              [
                12.7376337,
                49.9366523
              ],
              [
                12.7378998,
                49.9367966
              ],
              [
                12.7380852,
                49.9368754
              ],
              [
                12.7378558,
                49.9370908
              ],
              [
                12.7377225,
                49.9372244
              ],
              [
                12.7374967,
                49.9374798
              ],
              [
                12.7373351,
                49.9377461
              ],
              [
                12.737185,
                49.9380018
              ],
              [
                12.7370685,
                49.9381541
              ],
              [
                12.7370274,
                49.9382138
              ],
              [
                12.7369729,
                49.9383192
              ],
              [
                12.7370491,
                49.9384892
              ],
              [
                12.7371313,
                49.9385962
              ],
              [
                12.7373746,
                49.9388083
              ],
              [
                12.7381944,
                49.9392167
              ],
              [
                12.7385522,
                49.9394761
              ],
              [
                12.738585,
                49.9395125
              ],
              [
                12.7388761,
                49.9398366
              ],
              [
                12.7389051,
                49.9398687
              ],
              [
                12.7389533,
                49.9399896
              ],
              [
                12.7389834,
                49.9400653
              ],
              [
                12.7387709,
                49.940197
              ],
              [
                12.7385105,
                49.9402246
              ],
              [
                12.7382972,
                49.9402188
              ],
              [
                12.7381259,
                49.9402318
              ],
              [
                12.7375882,
                49.9404629
              ],
              [
                12.7374328,
                49.9405207
              ],
              [
                12.7372023,
                49.9406277
              ],
              [
                12.7369849,
                49.9407325
              ],
              [
                12.7366845,
                49.9408036
              ],
              [
                12.7365366,
                49.9408629
              ],
              [
                12.7364703,
                49.9408888
              ]
            ]
          ]
        ]
      },
      "properties": {
        "zdroj": "RÚIAN",
        "kod_zsj": "301906",
        "nazev": "Chotěnov",
        "kod_ku": "901903",
        "vymera_m2": 1216471,
        "definicni_bod_sjtsk": [
          -865030.0,
          -1042421.0
        ]
      }
    },
    {
      "type": "Feature",
      "geometry": {
        "type": "MultiPolygon",
        "coordinates": [
          [
            [
              [
                12.6915052,
                50.014924
              ],
              [
                12.6915014,
                50.0149007
              ],
              [
                12.6906817,
                50.0145265
              ],
              [
                12.6876281,
                50.013016
              ],
              [
                12.6855039,
                50.0120528
              ],
              [
                12.6844268,
                50.0115924
              ],
              [
                12.6829415,
                50.011023
              ],
              [
                12.68127,
                50.0106819
              ],
              [
                12.6813248,
                50.010617
              ],
              [
                12.6813037,
                50.0106009
              ],
              [
                12.6817752,
                50.010217
              ],
              [
                12.6818839,
                50.0100846
              ],
              [
                12.6819202,
                50.0099714
              ],
              [
                12.6818622,
                50.0097622
              ],
              [
                12.6817497,
                50.0095573
              ],
              [
                12.6813766,
                50.0091355
              ],
              [
                12.6811586,
                50.0089594
              ],
              [
                12.6804293,
                50.0084753
              ],
              [
                12.6797803,
                50.0080759
              ],
              [
                12.6791472,
                50.0077043
              ],
              [
                12.6782978,
                50.0071961
              ],
              [
                12.6779425,
                50.0070051
              ],
              [
                12.6776871,
                50.0068913
              ],
              [
                12.6773757,
                50.0067685
              ],
              [
                12.6770037,
                50.0066418
              ],
              [
                12.6764663,
                50.0064642
              ],
              [
                12.6762569,
                50.0063654
              ],
              [
                12.6761427,
                50.0062755
              ],
              [
                12.676103,
                50.0062171
              ],
              [
                12.67608,
                50.0061178
              ],
              [
                12.6761097,
                50.0060026
              ],
              [
                12.6760228,
                50.005962
              ],
              [
                12.6746382,
                50.0057117
              ],
              [
                12.6745169,
                50.0057122
              ],
              [
                12.6738411,
                50.0058086
              ],
              [
                12.6737041,
                50.0058376
              ],
              [
                12.6735912,
                50.0058878
              ],
              [
                12.6734871,
                50.0058601
              ],
              [
                12.6735205,
                50.0057929
              ],
              [
                12.6738393,
                50.00516
              ],
              [
                12.6739619,
                50.0049077
              ],
              [
                12.6742747,
                50.0043557
              ],
              [
                12.6745611,
                50.0038108
              ],
              [
                12.6745875,
                50.0037575
              ],
              [
                12.6746806,
                50.0035943
              ],
              [
                12.6749002,
                50.0033567
              ],
              [
                12.6750158,
                50.0031751
              ],
              [
                12.6755146,
                50.0023161
              ],
              [
                12.6760214,
                50.001439
              ],
              [
                12.6765008,
                50.0005999
              ],
              [
                12.6765488,
                50.0004691
              ],
              [
                12.6763533,
                50.0004374
              ],
              [
                12.676402,
                50.0003431
              ],
              [
                12.67649,
                50.0002866
              ],
              [
                12.6760868,
                49.9994234
              ],
              [
                12.6757116,
                49.9986824
              ],
              [
                12.6754166,
                49.998102
              ],
              [
                12.6750511,
                49.9973924
              ],
              [
                12.6749693,
                49.9972335
              ],
              [
                12.6746023,
                49.9964934
              ],
              [
                12.6745479,
                49.9963764
              ],
              [
                12.674641,
                49.9963195
              ],
              [
                12.6749208,
                49.9961484
              ],
              [
                12.6756216,
                49.9956716
              ],
              [
                12.676249,
                49.9952441
              ],
              [
                12.6762088,
                49.995184
              ],
              [
                12.6761661,
                49.9951221
              ],
              [
                12.6759317,
                49.9947711
              ],
              [
                12.6755017,
                49.9940352
              ],
              [
                12.6751121,
                49.9933878
              ],
              [
                12.6747097,
                49.9927071
              ],
              [
                12.6744254,
                49.9922354
              ],
              [
                12.6743168,
                49.9920548
              ],
              [
                12.6740634,
                49.9916334
              ],
              [
                12.6738233,
                49.9912184
              ],
              [
                12.6735391,
                49.9907366
              ],
              [
                12.6731375,
                49.9900609
              ],
              [
                12.6728454,
                49.9895831
              ],
              [
                12.6725618,
                49.9890869
              ],
              [
                12.6725462,
                49.9890595
              ],
              [
                12.6725388,
                49.9890467
              ],
              [
                12.6724894,
                49.9890701
              ],
              [
                12.6724763,
                49.9890494
              ],
              [
                12.6724594,
                49.9890231
              ],
              [
                12.6719015,
                49.9880769
              ],
              [
                12.6715116,
                49.9874191
              ],
              [
                12.6711174,
                49.9867532
              ],
              [
                12.6710981,
                49.9867251
              ],
              [
                12.6707636,
                49.9861546
              ],
              [
                12.6704027,
                49.985543
              ],
              [
                12.6701351,
                49.9850891
              ],
              [
                12.6695196,
                49.9840422
              ],
              [
                12.6695147,
                49.984034
              ],
              [
                12.6695684,
                49.9840206
              ],
              [
                12.6807767,
                49.9823989
              ],
              [
                12.6947275,
                49.980655
              ],
              [
                12.6951173,
                49.9806206
              ],
              [
                12.6952931,
                49.9806771
              ],
              [
                12.695502,
                49.9807907
              ],
              [
                12.6955991,
                49.9808773
              ],
              [
                12.6958968,
                49.9807782
              ],
              [
                12.6962479,
                49.9806081
              ],
              [
                12.6965851,
                49.9803983
              ],
              [
                12.6968053,
                49.9802298
              ],
              [
                12.6969571,
                49.9801921
              ],
              [
                12.6971033,
                49.9801767
              ],
              [
                12.6974749,
                49.9801618
              ],
              [
                12.6977037,
                49.9801013
              ],
              [
                12.6978279,
                49.9799842
              ],
              [
                12.6978559,
                49.9798722
              ],
              [
                12.6978052,
                49.9797905
              ],
              [
                12.6976429,
                49.9796786
              ],
              [
                12.6973515,
                49.9796591
              ],
              [
                12.6971969,
                49.9796125
              ],
              [
                12.6970228,
                49.9795025
              ],
              [
                12.6951087,
                49.9781403
              ],
              [
                12.6945602,
                49.977672
              ],
              [
                12.6944568,
                49.977577
              ],
              [
                12.6943604,
                49.9774862
              ],
              [
                12.6942401,
                49.9773815
              ],
              [
                12.6942576,
                49.9772253
              ],
              [
                12.6943318,
                49.9771182
              ],
              [
                12.6944795,
                49.9770495
              ],
              [
                12.6946624,
                49.9770302
              ],
              [
                12.6948956,
                49.9770468
              ],
              [
                12.6951772,
                49.9771067
              ],
              [
                12.6957407,
                49.9772265
              ],
              [
                12.6965099,
                49.9773294
              ],
              [
                12.6968028,
                49.9773446
              ],
              [
                12.6970702,
                49.9773189
              ],
              [
                12.6972393,
                49.9772598
              ],
              [
                12.6973348,
                49.9771627
              ],
              [
                12.6974989,
                49.9769808
              ],
              [
                12.6976488,
                49.9773216
              ],
              [
                12.6978015,
                49.9775299
              ],
              [
                12.6978819,
                49.9776634
              ],
              [
                12.6979918,
                49.9777819
              ],
              [
                12.6981756,
                49.9779012
              ],
              [
                12.698322,
                49.977979
              ],
              [
                12.6984789,
                49.9780471
              ],
              [
                12.6986152,
                49.9781199
              ],
              [
                12.6987224,
                49.9781994
              ],
              [
                12.6989013,
                49.9783733
              ],
              [
                12.6990442,
                49.978547
              ],
              [
                12.6991064,
                49.9786969
              ],
              [
                12.6991582,
                49.9788394
              ],
              [
                12.6991882,
                49.9790019
              ],
              [
                12.6992781,
                49.9792625
              ],
              [
                12.699311,
                49.9797481
              ],
              [
                12.699242,
                49.980024
              ],
              [
                12.6990939,
                49.9802841
              ],
              [
                12.6991107,
                49.9806914
              ],
              [
                12.6994044,
                49.980324
              ],
              [
                12.6997002,
                49.9799951
              ],
              [
                12.7000535,
                49.9796263
              ],
              [
                12.7004552,
                49.9793007
              ],
              [
                12.7001505,
                49.9791594
              ],
              [
                12.7001151,
                49.9790749
              ],
              [
                12.7001372,
                49.9789703
              ],
              [
                12.7005628,
                49.9782186
              ],
              [
                12.7007204,
                49.9779073
              ],
              [
                12.7008418,
                49.9774378
              ],
              [
                12.7017199,
                49.977521
              ],
              [
                12.702407,
                49.9775215
              ],
              [
                12.7027236,
                49.9773938
              ],
              [
                12.7031423,
                49.9772835
              ],
              [
                12.7032445,
                49.9772566
              ],
              [
                12.7032456,
                49.9767636
              ],
              [
                12.703247,
                49.9761435
              ],
              [
                12.7032481,
                49.9756271
              ],
              [
                12.7032328,
                49.9752214
              ],
              [
                12.7032152,
                49.9747555
              ],
              [
                12.7032094,
                49.9746005
              ],
              [
                12.7031887,
                49.9740551
              ],
              [
                12.7031846,
                49.9739463
              ],
              [
                12.7031308,
                49.9725233
              ],
              [
                12.7031297,
                49.9724926
              ],
              [
                12.7031064,
                49.9720927
              ],
              [
                12.703069,
                49.9714532
              ],
              [
                12.7030361,
                49.9709677
              ],
              [
                12.7030177,
                49.9706138
              ],
              [
                12.7029475,
                49.9702774
              ],
              [
                12.702788,
                49.9698638
              ],
              [
                12.7023971,
                49.9691565
              ],
              [
                12.7023859,
                49.9691261
              ],
              [
                12.701938,
                49.9679074
              ],
              [
                12.7017181,
                49.9671728
              ],
              [
                12.7016404,
                49.9667431
              ],
              [
                12.7015487,
                49.9662369
              ],
              [
                12.7015135,
                49.9659501
              ],
              [
                12.7023484,
                49.9658845
              ],
              [
                12.7029825,
                49.9647003
              ],
              [
                12.7029155,
                49.9644973
              ],
              [
                12.7030328,
                49.9643327
              ],
              [
                12.7034139,
                49.9640892
              ],
              [
                12.7037421,
                49.9639627
              ],
              [
                12.7039939,
                49.9639046
              ],
              [
                12.7037611,
                49.9636968
              ],
              [
                12.7032702,
                49.9632402
              ],
              [
                12.7031421,
                49.963135
              ],
              [
                12.7031105,
                49.9630246
              ],
              [
                12.7030627,
                49.962836
              ],
              [
                12.7029682,
                49.9623593
              ],
              [
                12.7029847,
                49.9612692
              ],
              [
                12.7033249,
                49.9612437
              ],
              [
                12.7033455,
                49.9612341
              ],
              [
                12.7034928,
                49.9612069
              ],
              [
                12.7037869,
                49.9612495
              ],
              [
                12.7041331,
                49.9612711
              ],
              [
                12.7044834,
                49.961293
              ],
              [
                12.7049422,
                49.9613216
              ],
              [
                12.7050623,
                49.9613291
              ],
              [
                12.7052011,
                49.9613161
              ],
              [
                12.7057172,
                49.9612697
              ],
              [
                12.7057876,
                49.9612632
              ],
              [
                12.7058201,
                49.9612729
              ],
              [
                12.7061935,
                49.961384
              ],
              [
                12.7068386,
                49.9612951
              ],
              [
                12.7069567,
                49.9612789
              ],
              [
                12.7078413,
                49.961157
              ],
              [
                12.7077872,
                49.9611004
              ],
              [
                12.707773,
                49.9609724
              ],
              [
                12.7079291,
                49.9609191
              ],
              [
                12.7077824,
                49.9607665
              ],
              [
                12.7078193,
                49.9606589
              ],
              [
                12.7078113,
                49.9605041
              ],
              [
                12.7079661,
                49.9603839
              ],
              [
                12.7079552,
                49.9601793
              ],
              [
                12.7079024,
                49.9600921
              ],
              [
                12.7081373,
                49.9599708
              ],
              [
                12.7081946,
                49.9598848
              ],
              [
                12.7080783,
                49.9598422
              ],
              [
                12.70808,
                49.9597248
              ],
              [
                12.7081649,
                49.9596911
              ],
              [
                12.7082608,
                49.9596763
              ],
              [
                12.7082439,
                49.9596341
              ],
              [
                12.7083438,
                49.9594512
              ],
              [
                12.7085025,
                49.959121
              ],
              [
                12.7085104,
                49.9590801
              ],
              [
                12.7085353,
                49.9590795
              ],
              [
                12.7085353,
                49.9590809
              ],
              [
                12.7085555,
                49.95908
              ],
              [
                12.7087975,
                49.9590781
              ],
              [
                12.7088968,
                49.9591354
              ],
              [
                12.7089666,
                49.9590319
              ],
              [
                12.7090952,
                49.9588882
              ],
              [
                12.7091252,
                49.9588917
              ],
              [
                12.7091721,
                49.9588983
              ],
              [
                12.709386,
                49.9589253
              ],
              [
                12.709625,
                49.958844
              ],
              [
                12.7097236,
                49.9587519
              ],
              [
                12.7100478,
                49.9586636
              ],
              [
                12.7104085,
                49.9586134
              ],
              [
                12.710553,
                49.9586742
              ],
              [
                12.7106786,
                49.9588527
              ],
              [
                12.710572,
                49.9589461
              ],
              [
                12.7104479,
                49.9590518
              ],
              [
                12.7101979,
                49.9592646
              ],
              [
                12.7101878,
                49.9593389
              ],
              [
                12.7101525,
                49.9595988
              ],
              [
                12.709981,
                49.9596985
              ],
              [
                12.709741,
                49.9597614
              ],
              [
                12.709604,
                49.9600849
              ],
              [
                12.7095636,
                49.9601449
              ],
              [
                12.7093571,
                49.9602969
              ],
              [
                12.7091097,
                49.9605391
              ],
              [
                12.7090073,
                49.9606006
              ],
              [
                12.7087316,
                49.9606791
              ],
              [
                12.7085351,
                49.9608755
              ],
              [
                12.7083644,
                49.9612337
              ],
              [
                12.7083739,
                49.9612959
              ],
              [
                12.7081362,
                49.9616447
              ],
              [
                12.7083107,
                49.96177
              ],
              [
                12.7085841,
                49.9618777
              ],
              [
                12.7088473,
                49.9619962
              ],
              [
                12.7085656,
                49.962441
              ],
              [
                12.7084863,
                49.9626092
              ],
              [
                12.7085535,
                49.9626268
              ],
              [
                12.708858,
                49.9627068
              ],
              [
                12.7087809,
                49.9628293
              ],
              [
                12.7087589,
                49.9629234
              ],
              [
                12.7084887,
                49.9633152
              ],
              [
                12.7084345,
                49.9633345
              ],
              [
                12.7083691,
                49.9633579
              ],
              [
                12.7082447,
                49.9637512
              ],
              [
                12.7081694,
                49.9639302
              ],
              [
                12.7081607,
                49.963951
              ],
              [
                12.7080828,
                49.9641413
              ],
              [
                12.7079898,
                49.9643632
              ],
              [
                12.7079752,
                49.9643966
              ],
              [
                12.7079617,
                49.9644317
              ],
              [
                12.7079548,
                49.9644528
              ],
              [
                12.7079485,
                49.9644591
              ],
              [
                12.7079433,
                49.9644722
              ],
              [
                12.7079368,
                49.9644711
              ],
              [
                12.7079165,
                49.9644918
              ],
              [
                12.7079013,
                49.9645094
              ],
              [
                12.7078366,
                49.9645835
              ],
              [
                12.7075629,
                49.964461
              ],
              [
                12.7074075,
                49.9648631
              ],
              [
                12.7072827,
                49.9649064
              ],
              [
                12.7072733,
                49.9649096
              ],
              [
                12.7072089,
                49.9649334
              ],
              [
                12.7068792,
                49.9654645
              ],
              [
                12.7067543,
                49.9658474
              ],
              [
                12.7067031,
                49.9659564
              ],
              [
                12.7065834,
                49.9662153
              ],
              [
                12.7065005,
                49.9663715
              ],
              [
                12.7063092,
                49.9666986
              ],
              [
                12.7060563,
                49.9671298
              ],
              [
                12.7059736,
                49.9673475
              ],
              [
                12.7058992,
                49.967417
              ],
              [
                12.7055967,
                49.9678201
              ],
              [
                12.7054871,
                49.9679491
              ],
              [
                12.7052681,
                49.9681317
              ],
              [
                12.705563,
                49.9681591
              ],
              [
                12.7051506,
                49.9684469
              ],
              [
                12.7051077,
                49.9684773
              ],
              [
                12.7049686,
                49.9686109
              ],
              [
                12.7047612,
                49.9688307
              ],
              [
                12.7045955,
                49.9692865
              ],
              [
                12.7045863,
                49.9694088
              ],
              [
                12.7045849,
                49.9694364
              ],
              [
                12.7047024,
                49.9694592
              ],
              [
                12.7048456,
                49.9694901
              ],
              [
                12.7050838,
                49.9695509
              ],
              [
                12.7051776,
                49.9696002
              ],
              [
                12.7054611,
                49.9697535
              ],
              [
                12.7054745,
                49.9697604
              ],
              [
                12.7056052,
                49.9698201
              ],
              [
                12.7060393,
                49.9699703
              ],
              [
                12.7063156,
                49.9701807
              ],
              [
                12.7066139,
                49.9703973
              ],
              [
                12.7068236,
                49.9705599
              ],
              [
                12.7073225,
                49.9707066
              ],
              [
                12.7080216,
                49.970987
              ],
              [
                12.7080558,
                49.9709926
              ],
              [
                12.7081467,
                49.9709855
              ],
              [
                12.7084703,
                49.9711923
              ],
              [
                12.7085018,
                49.9712134
              ],
              [
                12.7088417,
                49.9714412
              ],
              [
                12.7098603,
                49.9721696
              ],
              [
                12.7101902,
                49.9724272
              ],
              [
                12.7103968,
                49.9727034
              ],
              [
                12.7110684,
                49.97254
              ],
              [
                12.7112553,
                49.9724536
              ],
              [
                12.7113348,
                49.9724168
              ],
              [
                12.7116809,
                49.9722569
              ],
              [
                12.7116996,
                49.9722528
              ],
              [
                12.7118874,
                49.9722118
              ],
              [
                12.7120687,
                49.972199
              ],
              [
                12.7126548,
                49.9721568
              ],
              [
                12.7134732,
                49.9721002
              ],
              [
                12.7135244,
                49.9720956
              ],
              [
                12.7135715,
                49.9720933
              ],
              [
                12.7139071,
                49.9720697
              ],
              [
                12.7139618,
                49.9720658
              ],
              [
                12.7140358,
                49.9719873
              ],
              [
                12.7140892,
                49.9719282
              ],
              [
                12.714475,
                49.9715203
              ],
              [
                12.7149434,
                49.9712644
              ],
              [
                12.7151483,
                49.9711914
              ],
              [
                12.7154701,
                49.971055
              ],
              [
                12.7158474,
                49.9708281
              ],
              [
                12.7161598,
                49.9706552
              ],
              [
                12.7163724,
                49.970541
              ],
              [
                12.7169709,
                49.9704065
              ],
              [
                12.7173121,
                49.9702314
              ],
              [
                12.7175708,
                49.9701063
              ],
              [
                12.7175513,
                49.9700712
              ],
              [
                12.7181908,
                49.9698125
              ],
              [
                12.7186117,
                49.9696467
              ],
              [
                12.7189726,
                49.9695669
              ],
              [
                12.7191003,
                49.9695548
              ],
              [
                12.719276,
                49.9695936
              ],
              [
                12.7193297,
                49.969654
              ],
              [
                12.7193521,
                49.9696445
              ],
              [
                12.7194159,
                49.9696173
              ],
              [
                12.7194355,
                49.9696091
              ],
              [
                12.719477,
                49.9695303
              ],
              [
                12.7197205,
                49.9694899
              ],
              [
                12.7201536,
                49.9694284
              ],
              [
                12.720359,
                49.9694043
              ],
              [
                12.7204166,
                49.9693972
              ],
              [
                12.7208027,
                49.9693521
              ],
              [
                12.7210506,
                49.9693215
              ],
              [
                12.7214545,
                49.9692718
              ],
              [
                12.7218151,
                49.9691809
              ],
              [
                12.721998,
                49.9691361
              ],
              [
                12.7220101,
                49.9691642
              ],
              [
                12.7224392,
                49.9690727
              ],
              [
                12.7228801,
                49.9689797
              ],
              [
                12.7229677,
                49.9687968
              ],
              [
                12.7230228,
                49.9687317
              ],
              [
                12.7231123,
                49.9687795
              ],
              [
                12.7234677,
                49.9686348
              ],
              [
                12.7242083,
                49.9684136
              ],
              [
                12.7246883,
                49.96828
              ],
              [
                12.7249927,
                49.968192
              ],
              [
                12.7252189,
                49.9681237
              ],
              [
                12.7257745,
                49.9679636
              ],
              [
                12.7263799,
                49.9677833
              ],
              [
                12.7270674,
                49.9675917
              ],
              [
                12.7273906,
                49.9674937
              ],
              [
                12.7276122,
                49.967423
              ],
              [
                12.728121,
                49.9672752
              ],
              [
                12.7285759,
                49.9677517
              ],
              [
                12.7288031,
                49.9680065
              ],
              [
                12.7288349,
                49.9680676
              ],
              [
                12.7288671,
                49.9681292
              ],
              [
                12.7290618,
                49.9681513
              ],
              [
                12.7290881,
                49.9682229
              ],
              [
                12.7290976,
                49.9682488
              ],
              [
                12.7291435,
                49.9683366
              ],
              [
                12.7292171,
                49.9684775
              ],
              [
                12.7297076,
                49.9692347
              ],
              [
                12.7297042,
                49.9693145
              ],
              [
                12.7297033,
                49.969338
              ],
              [
                12.7294378,
                49.9699181
              ],
              [
                12.7297145,
                49.9700053
              ],
              [
                12.7297465,
                49.9700154
              ],
              [
                12.7297082,
                49.9700904
              ],
              [
                12.7296784,
                49.9701485
              ],
              [
                12.7295981,
                49.9702121
              ],
              [
                12.7295186,
                49.9702976
              ],
              [
                12.72924,
                49.9706886
              ],
              [
                12.729253,
                49.9707336
              ],
              [
                12.7291231,
                49.9710242
              ],
              [
                12.728788,
                49.9714339
              ],
              [
                12.7284803,
                49.9718582
              ],
              [
                12.7284461,
                49.9719055
              ],
              [
                12.7283813,
                49.9721494
              ],
              [
                12.7283557,
                49.972379
              ],
              [
                12.7283653,
                49.9730393
              ],
              [
                12.7283756,
                49.9732063
              ],
              [
                12.7284074,
                49.9733814
              ],
              [
                12.7284399,
                49.9739411
              ],
              [
                12.7283653,
                49.9741612
              ],
              [
                12.7283631,
                49.9741692
              ],
              [
                12.7282105,
                49.9747368
              ],
              [
                12.7282868,
                49.9747784
              ],
              [
                12.72853,
                49.97488
              ],
              [
                12.7286155,
                49.9749399
              ],
              [
                12.7289557,
                49.9748791
              ],
              [
                12.7295764,
                49.9748475
              ],
              [
                12.7299601,
                49.9747902
              ],
              [
                12.7303382,
                49.9747831
              ],
              [
                12.7307585,
                49.9748467
              ],
              [
                12.7309787,
                49.9748811
              ],
              [
                12.7315607,
                49.9749684
              ],
              [
                12.7316497,
                49.9749647
              ],
              [
                12.7320429,
                49.9750207
              ],
              [
                12.7323795,
                49.9750842
              ],
              [
                12.7328516,
                49.9751331
              ],
              [
                12.7334242,
                49.9751569
              ],
              [
                12.7338899,
                49.9751644
              ],
              [
                12.734203,
                49.975147
              ],
              [
                12.7345699,
                49.9751715
              ],
              [
                12.7346262,
                49.9751753
              ],
              [
                12.7349408,
                49.9751579
              ],
              [
                12.7353183,
                49.9751667
              ],
              [
                12.7353278,
                49.9750797
              ],
              [
                12.7355127,
                49.9750894
              ],
              [
                12.7355384,
                49.9750908
              ],
              [
                12.7356141,
                49.9750948
              ],
              [
                12.7362291,
                49.974746
              ],
              [
                12.7369447,
                49.9748243
              ],
              [
                12.7377253,
                49.9749176
              ],
              [
                12.7377989,
                49.9749393
              ],
              [
                12.7378577,
                49.9749566
              ],
              [
                12.7379686,
                49.9749986
              ],
              [
                12.7382795,
                49.9751163
              ],
              [
                12.7383787,
                49.9751709
              ],
              [
                12.7386207,
                49.9753041
              ],
              [
                12.7388962,
                49.9754556
              ],
              [
                12.7389443,
                49.9754821
              ],
              [
                12.73897,
                49.9754963
              ],
              [
                12.7389868,
                49.9755055
              ],
              [
                12.7392265,
                49.9756374
              ],
              [
                12.7393035,
                49.9756798
              ],
              [
                12.7393631,
                49.9757126
              ],
              [
                12.7393831,
                49.9757235
              ],
              [
                12.7392568,
                49.9757944
              ],
              [
                12.7390306,
                49.9759205
              ],
              [
                12.7389473,
                49.9759726
              ],
              [
                12.7389188,
                49.9759904
              ],
              [
                12.7389608,
                49.9760207
              ],
              [
                12.739162,
                49.9759166
              ],
              [
                12.7391959,
                49.976014
              ],
              [
                12.7392192,
                49.9762333
              ],
              [
                12.7390993,
                49.9762486
              ],
              [
                12.7391307,
                49.9764752
              ],
              [
                12.7391314,
                49.9764801
              ],
              [
                12.7391638,
                49.9766065
              ],
              [
                12.740643,
                49.9764573
              ],
              [
                12.7415446,
                49.9763638
              ],
              [
                12.7419969,
                49.9763117
              ],
              [
                12.7427744,
                49.9761822
              ],
              [
                12.7432497,
                49.9760829
              ],
              [
                12.7433854,
                49.9760568
              ],
              [
                12.7435091,
                49.976033
              ],
              [
                12.7438358,
                49.9759854
              ],
              [
                12.7436486,
                49.9762536
              ],
              [
                12.7433874,
                49.9766279
              ],
              [
                12.7433138,
                49.9769034
              ],
              [
                12.743245,
                49.9772687
              ],
              [
                12.7430636,
                49.9779663
              ],
              [
                12.7430634,
                49.9779706
              ],
              [
                12.7430627,
                49.9779882
              ],
              [
                12.7430521,
                49.9782501
              ],
              [
                12.7432139,
                49.9786284
              ],
              [
                12.7432429,
                49.9787827
              ],
              [
                12.7432881,
                49.9789494
              ],
              [
                12.7432932,
                49.97917
              ],
              [
                12.7432591,
                49.979589
              ],
              [
                12.7432887,
                49.9801261
              ],
              [
                12.7432902,
                49.9801521
              ],
              [
                12.7429478,
                49.9804783
              ],
              [
                12.7424865,
                49.9809206
              ],
              [
                12.7421661,
                49.981228
              ],
              [
                12.7420119,
                49.9813177
              ],
              [
                12.7416724,
                49.9814057
              ],
              [
                12.7414935,
                49.9814522
              ],
              [
                12.7413505,
                49.9815157
              ],
              [
                12.7407718,
                49.9817816
              ],
              [
                12.7396398,
                49.9821844
              ],
              [
                12.738795,
                49.9824957
              ],
              [
                12.7387133,
                49.9825217
              ],
              [
                12.7374617,
                49.9829201
              ],
              [
                12.7373108,
                49.982979
              ],
              [
                12.7371419,
                49.9830563
              ],
              [
                12.7364769,
                49.9833355
              ],
              [
                12.7360719,
                49.9835447
              ],
              [
                12.7355559,
                49.9838466
              ],
              [
                12.7350629,
                49.984269
              ],
              [
                12.734828,
                49.9846026
              ],
              [
                12.7348182,
                49.9846164
              ],
              [
                12.7345878,
                49.9848816
              ],
              [
                12.7342489,
                49.9851839
              ],
              [
                12.7340073,
                49.9854273
              ],
              [
                12.733943,
                49.9854922
              ],
              [
                12.7340041,
                49.9855196
              ],
              [
                12.7339483,
                49.9855831
              ],
              [
                12.7339301,
                49.9856037
              ],
              [
                12.7338076,
                49.9857433
              ],
              [
                12.73352,
                49.9860009
              ],
              [
                12.7331035,
                49.9862796
              ],
              [
                12.7328955,
                49.9864188
              ],
              [
                12.7326548,
                49.9865491
              ],
              [
                12.7323988,
                49.9866556
              ],
              [
                12.7321928,
                49.9867412
              ],
              [
                12.7321688,
                49.9868227
              ],
              [
                12.7321537,
                49.9872136
              ],
              [
                12.7320356,
                49.9874096
              ],
              [
                12.7318287,
                49.9876115
              ],
              [
                12.7318048,
                49.9876347
              ],
              [
                12.7316103,
                49.9879008
              ],
              [
                12.7315386,
                49.9881325
              ],
              [
                12.731335,
                49.9885925
              ],
              [
                12.7311457,
                49.9889796
              ],
              [
                12.731043,
                49.989267
              ],
              [
                12.7309691,
                49.9894171
              ],
              [
                12.7309137,
                49.9895295
              ],
              [
                12.7308459,
                49.9896216
              ],
              [
                12.7306933,
                49.9898294
              ],
              [
                12.7306929,
                49.9899561
              ],
              [
                12.730692,
                49.9902111
              ],
              [
                12.7306556,
                49.9903855
              ],
              [
                12.7306227,
                49.9905157
              ],
              [
                12.7305397,
                49.9906377
              ],
              [
                12.7304312,
                49.9912331
              ],
              [
                12.7306452,
                49.991543
              ],
              [
                12.7309445,
                49.9918505
              ],
              [
                12.7307081,
                49.991974
              ],
              [
                12.7303576,
                49.9920988
              ],
              [
                12.7298311,
                49.9923555
              ],
              [
                12.7292753,
                49.9924469
              ],
              [
                12.7292404,
                49.9925489
              ],
              [
                12.7292284,
                49.9925839
              ],
              [
                12.7294872,
                49.9927477
              ],
              [
                12.729553,
                49.9927893
              ],
              [
                12.7295632,
                49.9930859
              ],
              [
                12.7299041,
                49.9932566
              ],
              [
                12.7298846,
                49.994074
              ],
              [
                12.7298976,
                49.9947181
              ],
              [
                12.7298969,
                49.9957509
              ],
              [
                12.7298946,
                49.9969367
              ],
              [
                12.7298762,
                49.9978166
              ],
              [
                12.729893,
                49.9979488
              ],
              [
                12.7298669,
                49.9990161
              ],
              [
                12.7298699,
                50.0000548
              ],
              [
                12.7298863,
                50.0013086
              ],
              [
                12.7298135,
                50.0013165
              ],
              [
                12.7298284,
                50.0013819
              ],
              [
                12.7298345,
                50.001409
              ],
              [
                12.7297993,
                50.0025901
              ],
              [
                12.7297966,
                50.0026242
              ],
              [
                12.729761,
                50.0036928
              ],
              [
                12.7297372,
                50.0049671
              ],
              [
                12.7297791,
                50.0051605
              ],
              [
                12.7299258,
                50.0053849
              ],
              [
                12.7302886,
                50.0056101
              ],
              [
                12.7304006,
                50.0056981
              ],
              [
                12.7304877,
                50.0058531
              ],
              [
                12.7305108,
                50.0059625
              ],
              [
                12.7305456,
                50.0067741
              ],
              [
                12.7305578,
                50.0073295
              ],
              [
                12.7305646,
                50.0086353
              ],
              [
                12.7305663,
                50.0097617
              ],
              [
                12.7305832,
                50.0108575
              ],
              [
                12.7305806,
                50.0119762
              ],
              [
                12.7305999,
                50.0120252
              ],
              [
                12.7305984,
                50.0132875
              ],
              [
                12.7305939,
                50.01411
              ],
              [
                12.7305932,
                50.0145301
              ],
              [
                12.7305936,
                50.0146004
              ],
              [
                12.7305961,
                50.0149746
              ],
              [
                12.7302998,
                50.0149379
              ],
              [
                12.7302969,
                50.0149685
              ],
              [
                12.7300185,
                50.0150483
              ],
              [
                12.7298336,
                50.0150452
              ],
              [
                12.7296484,
                50.0150871
              ],
              [
                12.7294316,
                50.0152279
              ],
              [
                12.7292501,
                50.0152749
              ],
              [
                12.729165,
                50.0152969
              ],
              [
                12.7285721,
                50.0153725
              ],
              [
                12.7282378,
                50.0153786
              ],
              [
                12.7278395,
                50.0153514
              ],
              [
                12.7277527,
                50.0153455
              ],
              [
                12.7275695,
                50.0152749
              ],
              [
                12.7272785,
                50.0154623
              ],
              [
                12.7268425,
                50.0157431
              ],
              [
                12.7268441,
                50.0159954
              ],
              [
                12.72682,
                50.0161545
              ],
              [
                12.7267815,
                50.0162169
              ],
              [
                12.7267676,
                50.0162231
              ],
              [
                12.7266462,
                50.016277
              ],
              [
                12.7264057,
                50.016384
              ],
              [
                12.726336,
                50.0163982
              ],
              [
                12.7262116,
                50.0164075
              ],
              [
                12.7259046,
                50.0164303
              ],
              [
                12.7255085,
                50.0163863
              ],
              [
                12.725271,
                50.0164053
              ],
              [
                12.7252208,
                50.016422
              ],
              [
                12.7249651,
                50.0165069
              ],
              [
                12.7243542,
                50.0167658
              ],
              [
                12.7240477,
                50.0168837
              ],
              [
                12.7239493,
                50.0169358
              ],
              [
                12.7238674,
                50.0169807
              ],
              [
                12.723721,
                50.0170951
              ],
              [
                12.7234891,
                50.0173565
              ],
              [
                12.7232518,
                50.0176385
              ],
              [
                12.7230706,
                50.0178401
              ],
              [
                12.7226513,
                50.0182359
              ],
              [
                12.7222323,
                50.018644
              ],
              [
                12.7220234,
                50.0188507
              ],
              [
                12.721711,
                50.0191175
              ],
              [
                12.7216363,
                50.0192154
              ],
              [
                12.7215952,
                50.0192823
              ],
              [
                12.7210962,
                50.0194246
              ],
              [
                12.7208151,
                50.0194169
              ],
              [
                12.7204863,
                50.0195068
              ],
              [
                12.7204355,
                50.0195181
              ],
              [
                12.7201648,
                50.0196836
              ],
              [
                12.7200076,
                50.0198466
              ],
              [
                12.7198763,
                50.0199344
              ],
              [
                12.719427,
                50.0200663
              ],
              [
                12.7191689,
                50.0201417
              ],
              [
                12.7188951,
                50.0202175
              ],
              [
                12.7184423,
                50.0203599
              ],
              [
                12.7182604,
                50.0204397
              ],
              [
                12.7181158,
                50.0205646
              ],
              [
                12.7179226,
                50.0206968
              ],
              [
                12.7177992,
                50.0207434
              ],
              [
                12.7177868,
                50.020811
              ],
              [
                12.7175206,
                50.0208079
              ],
              [
                12.7173302,
                50.0208373
              ],
              [
                12.7171642,
                50.0209116
              ],
              [
                12.7169511,
                50.0211016
              ],
              [
                12.7167153,
                50.021337
              ],
              [
                12.7165068,
                50.0217009
              ],
              [
                12.7164684,
                50.0217474
              ],
              [
                12.7163916,
                50.0218403
              ],
              [
                12.716347,
                50.0218942
              ],
              [
                12.7163746,
                50.0220136
              ],
              [
                12.7162843,
                50.0220196
              ],
              [
                12.7161952,
                50.0220255
              ],
              [
                12.7160412,
                50.0219877
              ],
              [
                12.7159313,
                50.0219608
              ],
              [
                12.7158601,
                50.0219433
              ],
              [
                12.7157772,
                50.0219293
              ],
              [
                12.7156734,
                50.0219674
              ],
              [
                12.7155755,
                50.0220034
              ],
              [
                12.7155439,
                50.0220207
              ],
              [
                12.7152257,
                50.022195
              ],
              [
                12.7151137,
                50.0222611
              ],
              [
                12.7148626,
                50.0224392
              ],
              [
                12.7145804,
                50.0225787
              ],
              [
                12.7143058,
                50.0226175
              ],
              [
                12.7141243,
                50.0226432
              ],
              [
                12.7137646,
                50.0225364
              ],
              [
                12.7129453,
                50.0224272
              ],
              [
                12.7115028,
                50.0224389
              ],
              [
                12.709755,
                50.0222593
              ],
              [
                12.7083688,
                50.0223207
              ],
              [
                12.7072161,
                50.0223765
              ],
              [
                12.706587,
                50.0223697
              ],
              [
                12.7059926,
                50.0224063
              ],
              [
                12.7059627,
                50.0223873
              ],
              [
                12.7054935,
                50.0220875
              ],
              [
                12.7047717,
                50.0214498
              ],
              [
                12.7041943,
                50.0209131
              ],
              [
                12.703681,
                50.0204539
              ],
              [
                12.7024444,
                50.0193379
              ],
              [
                12.7023363,
                50.0192485
              ],
              [
                12.7014411,
                50.0183227
              ],
              [
                12.7003399,
                50.0173361
              ],
              [
                12.6995302,
                50.0165783
              ],
              [
                12.6988352,
                50.0159105
              ],
              [
                12.698754,
                50.0159198
              ],
              [
                12.6982773,
                50.0159747
              ],
              [
                12.6979927,
                50.0160142
              ],
              [
                12.6970484,
                50.0161104
              ],
              [
                12.6955547,
                50.0163079
              ],
              [
                12.69481,
                50.0163964
              ],
              [
                12.6947416,
                50.0164464
              ],
              [
                12.6946518,
                50.0164027
              ],
              [
                12.6938877,
                50.0160402
              ],
              [
                12.6934855,
                50.0158467
              ],
              [
                12.6929222,
                50.0155809
              ],
              [
                12.6920809,
                50.015187
              ],
              [
                12.6918234,
                50.0150769
              ],
              [
                12.6915052,
                50.014924
              ]
            ]
          ]
        ]
      },
      "properties": {
        "zdroj": "RÚIAN",
        "kod_zsj": "91561",
        "nazev": "Lázeňský areál",
        "kod_ku": "691585",
        "vymera_m2": 19350181,
        "definicni_bod_sjtsk": [
          -866268.0,
          -1037339.0
        ]
      }
    },
    {
      "type": "Feature",
      "geometry": {
        "type": "MultiPolygon",
        "coordinates": [
          [
            [
              [
                12.6947275,
                49.980655
              ],
              [
                12.6807767,
                49.9823989
              ],
              [
                12.6695684,
                49.9840206
              ],
              [
                12.6695147,
                49.984034
              ],
              [
                12.6694748,
                49.9839676
              ],
              [
                12.6689927,
                49.9831397
              ],
              [
                12.6685773,
                49.9824297
              ],
              [
                12.6682541,
                49.9818869
              ],
              [
                12.6680446,
                49.9815343
              ],
              [
                12.6674377,
                49.9804987
              ],
              [
                12.6670833,
                49.9799029
              ],
              [
                12.6667762,
                49.9793822
              ],
              [
                12.6667478,
                49.9793256
              ],
              [
                12.6664727,
                49.9788587
              ],
              [
                12.6659862,
                49.9780198
              ],
              [
                12.6656981,
                49.9775298
              ],
              [
                12.6655446,
                49.9772692
              ],
              [
                12.6655916,
                49.9771932
              ],
              [
                12.6656075,
                49.9771767
              ],
              [
                12.6657319,
                49.9770467
              ],
              [
                12.665892,
                49.976983
              ],
              [
                12.6668372,
                49.9767272
              ],
              [
                12.6671502,
                49.9766258
              ],
              [
                12.667472,
                49.9765594
              ],
              [
                12.6674778,
                49.9765428
              ],
              [
                12.668059,
                49.976399
              ],
              [
                12.6690296,
                49.9761883
              ],
              [
                12.670527,
                49.9759444
              ],
              [
                12.6708156,
                49.9758838
              ],
              [
                12.6711452,
                49.9757776
              ],
              [
                12.6713343,
                49.9758095
              ],
              [
                12.6718657,
                49.9755926
              ],
              [
                12.6719805,
                49.9754959
              ],
              [
                12.6721507,
                49.9754276
              ],
              [
                12.6726519,
                49.9752955
              ],
              [
                12.6730197,
                49.975167
              ],
              [
                12.6731007,
                49.97511
              ],
              [
                12.6732907,
                49.9748794
              ],
              [
                12.6741649,
                49.9744941
              ],
              [
                12.674539,
                49.9743216
              ],
              [
                12.6749685,
                49.97411
              ],
              [
                12.6749864,
                49.9741717
              ],
              [
                12.6750731,
                49.9742149
              ],
              [
                12.6754025,
                49.9740248
              ],
              [
                12.6757916,
                49.9737874
              ],
              [
                12.6755029,
                49.9737427
              ],
              [
                12.6755407,
                49.9737124
              ],
              [
                12.6758524,
                49.9734915
              ],
              [
                12.6765583,
                49.9730011
              ],
              [
                12.676578,
                49.972985
              ],
              [
                12.6767728,
                49.9728075
              ],
              [
                12.6770154,
                49.9725732
              ],
              [
                12.6771982,
                49.972381
              ],
              [
                12.6774287,
                49.9721339
              ],
              [
                12.6775977,
                49.9719446
              ],
              [
                12.6783428,
                49.9711602
              ],
              [
                12.6787891,
                49.9714114
              ],
              [
                12.6789632,
                49.9713035
              ],
              [
                12.6789562,
                49.97114
              ],
              [
                12.6788646,
                49.9709048
              ],
              [
                12.6786796,
                49.970853
              ],
              [
                12.6788689,
                49.970628
              ],
              [
                12.6789193,
                49.9705751
              ],
              [
                12.6789837,
                49.9704289
              ],
              [
                12.6783907,
                49.9703832
              ],
              [
                12.6783432,
                49.9703795
              ],
              [
                12.6778146,
                49.9702763
              ],
              [
                12.6771745,
                49.969989
              ],
              [
                12.6769618,
                49.9698504
              ],
              [
                12.6767283,
                49.9696262
              ],
              [
                12.6766732,
                49.9694799
              ],
              [
                12.6763697,
                49.969259
              ],
              [
                12.6759987,
                49.9691232
              ],
              [
                12.6754213,
                49.9689597
              ],
              [
                12.6751414,
                49.9688741
              ],
              [
                12.6751118,
                49.9688564
              ],
              [
                12.6751662,
                49.968805
              ],
              [
                12.6751255,
                49.9687188
              ],
              [
                12.675152,
                49.9685851
              ],
              [
                12.6751414,
                49.9684126
              ],
              [
                12.6751601,
                49.9683249
              ],
              [
                12.6752553,
                49.9680928
              ],
              [
                12.6753514,
                49.9679392
              ],
              [
                12.6753632,
                49.967823
              ],
              [
                12.6753653,
                49.9677449
              ],
              [
                12.675417,
                49.9676657
              ],
              [
                12.675399,
                49.9675998
              ],
              [
                12.6753999,
                49.967488
              ],
              [
                12.6754568,
                49.9673604
              ],
              [
                12.6753615,
                49.9673001
              ],
              [
                12.6753513,
                49.967236
              ],
              [
                12.675423,
                49.967071
              ],
              [
                12.6755163,
                49.9669691
              ],
              [
                12.6754599,
                49.966895
              ],
              [
                12.675456,
                49.9668326
              ],
              [
                12.6755241,
                49.966697
              ],
              [
                12.6757532,
                49.9664765
              ],
              [
                12.6758574,
                49.966419
              ],
              [
                12.6758994,
                49.9663553
              ],
              [
                12.6758743,
                49.966291
              ],
              [
                12.6759292,
                49.9662556
              ],
              [
                12.6759947,
                49.9661417
              ],
              [
                12.6761102,
                49.9660132
              ],
              [
                12.6761523,
                49.9659262
              ],
              [
                12.6762387,
                49.9658907
              ],
              [
                12.6763228,
                49.9658316
              ],
              [
                12.6763637,
                49.9657275
              ],
              [
                12.6764813,
                49.9655914
              ],
              [
                12.6764464,
                49.9655305
              ],
              [
                12.6765141,
                49.9654922
              ],
              [
                12.6765889,
                49.9654394
              ],
              [
                12.6765691,
                49.9653944
              ],
              [
                12.6767049,
                49.9652897
              ],
              [
                12.6767599,
                49.96521
              ],
              [
                12.6769033,
                49.9651413
              ],
              [
                12.6770257,
                49.9650702
              ],
              [
                12.6770994,
                49.9650585
              ],
              [
                12.6771492,
                49.9649932
              ],
              [
                12.6773232,
                49.9649109
              ],
              [
                12.6773809,
                49.9648411
              ],
              [
                12.6773859,
                49.9647803
              ],
              [
                12.6774443,
                49.9647243
              ],
              [
                12.6774646,
                49.9647296
              ],
              [
                12.6776744,
                49.9645062
              ],
              [
                12.6779261,
                49.9643405
              ],
              [
                12.6780115,
                49.9642336
              ],
              [
                12.6781412,
                49.9641153
              ],
              [
                12.6784122,
                49.9639819
              ],
              [
                12.6784863,
                49.9639037
              ],
              [
                12.6787943,
                49.9637489
              ],
              [
                12.678942,
                49.9636789
              ],
              [
                12.6791272,
                49.9636247
              ],
              [
                12.6793478,
                49.9635603
              ],
              [
                12.6795354,
                49.9634611
              ],
              [
                12.6798903,
                49.9632487
              ],
              [
                12.6800312,
                49.9631577
              ],
              [
                12.6802011,
                49.9630198
              ],
              [
                12.6803424,
                49.9628826
              ],
              [
                12.6804257,
                49.9628425
              ],
              [
                12.6805275,
                49.9628605
              ],
              [
                12.6805383,
                49.9628268
              ],
              [
                12.6805756,
                49.9628313
              ],
              [
                12.6813533,
                49.9629254
              ],
              [
                12.6816844,
                49.9629792
              ],
              [
                12.6818891,
                49.9630447
              ],
              [
                12.6825909,
                49.9633145
              ],
              [
                12.6829179,
                49.9634266
              ],
              [
                12.6833095,
                49.9635263
              ],
              [
                12.6832511,
                49.9635787
              ],
              [
                12.683667,
                49.9636325
              ],
              [
                12.6836687,
                49.9636327
              ],
              [
                12.6836818,
                49.9636368
              ],
              [
                12.6837405,
                49.9636551
              ],
              [
                12.683753,
                49.9636589
              ],
              [
                12.6839109,
                49.9636823
              ],
              [
                12.6841518,
                49.963693
              ],
              [
                12.6841615,
                49.9636302
              ],
              [
                12.6847313,
                49.9636373
              ],
              [
                12.6854669,
                49.9636828
              ],
              [
                12.6884604,
                49.9638824
              ],
              [
                12.6912103,
                49.96407
              ],
              [
                12.6928802,
                49.9641712
              ],
              [
                12.6929687,
                49.9643819
              ],
              [
                12.6933454,
                49.9646225
              ],
              [
                12.6937016,
                49.9647291
              ],
              [
                12.693766,
                49.9649765
              ],
              [
                12.6939979,
                49.9655303
              ],
              [
                12.6943296,
                49.9663221
              ],
              [
                12.6947961,
                49.9666057
              ],
              [
                12.69496,
                49.9665607
              ],
              [
                12.6951796,
                49.9667486
              ],
              [
                12.6956468,
                49.9671103
              ],
              [
                12.6960884,
                49.9674869
              ],
              [
                12.6969172,
                49.9671017
              ],
              [
                12.696957,
                49.9670832
              ],
              [
                12.6992506,
                49.9666273
              ],
              [
                12.6994781,
                49.9672492
              ],
              [
                12.6999823,
                49.9675204
              ],
              [
                12.7001881,
                49.9675035
              ],
              [
                12.7004299,
                49.9676282
              ],
              [
                12.7004792,
                49.9677634
              ],
              [
                12.700973,
                49.9677133
              ],
              [
                12.7010755,
                49.967703
              ],
              [
                12.7017181,
                49.9671728
              ],
              [
                12.701938,
                49.9679074
              ],
              [
                12.7023859,
                49.9691261
              ],
              [
                12.7023971,
                49.9691565
              ],
              [
                12.702788,
                49.9698638
              ],
              [
                12.7029475,
                49.9702774
              ],
              [
                12.7030177,
                49.9706138
              ],
              [
                12.7030361,
                49.9709677
              ],
              [
                12.703069,
                49.9714532
              ],
              [
                12.7031064,
                49.9720927
              ],
              [
                12.7031297,
                49.9724926
              ],
              [
                12.7031308,
                49.9725233
              ],
              [
                12.7031846,
                49.9739463
              ],
              [
                12.7031887,
                49.9740551
              ],
              [
                12.7032094,
                49.9746005
              ],
              [
                12.7032152,
                49.9747555
              ],
              [
                12.7032328,
                49.9752214
              ],
              [
                12.7032481,
                49.9756271
              ],
              [
                12.703247,
                49.9761435
              ],
              [
                12.7032456,
                49.9767636
              ],
              [
                12.7032445,
                49.9772566
              ],
              [
                12.7031423,
                49.9772835
              ],
              [
                12.7027236,
                49.9773938
              ],
              [
                12.702407,
                49.9775215
              ],
              [
                12.7017199,
                49.977521
              ],
              [
                12.7008418,
                49.9774378
              ],
              [
                12.7007204,
                49.9779073
              ],
              [
                12.7005628,
                49.9782186
              ],
              [
                12.7001372,
                49.9789703
              ],
              [
                12.7001151,
                49.9790749
              ],
              [
                12.7001505,
                49.9791594
              ],
              [
                12.7004552,
                49.9793007
              ],
              [
                12.7000535,
                49.9796263
              ],
              [
                12.6997002,
                49.9799951
              ],
              [
                12.6994044,
                49.980324
              ],
              [
                12.6991107,
                49.9806914
              ],
              [
                12.6990939,
                49.9802841
              ],
              [
                12.699242,
                49.980024
              ],
              [
                12.699311,
                49.9797481
              ],
              [
                12.6992781,
                49.9792625
              ],
              [
                12.6991882,
                49.9790019
              ],
              [
                12.6991582,
                49.9788394
              ],
              [
                12.6991064,
                49.9786969
              ],
              [
                12.6990442,
                49.978547
              ],
              [
                12.6989013,
                49.9783733
              ],
              [
                12.6987224,
                49.9781994
              ],
              [
                12.6986152,
                49.9781199
              ],
              [
                12.6984789,
                49.9780471
              ],
              [
                12.698322,
                49.977979
              ],
              [
                12.6981756,
                49.9779012
              ],
              [
                12.6979918,
                49.9777819
              ],
              [
                12.6978819,
                49.9776634
              ],
              [
                12.6978015,
                49.9775299
              ],
              [
                12.6976488,
                49.9773216
              ],
              [
                12.6974989,
                49.9769808
              ],
              [
                12.6973348,
                49.9771627
              ],
              [
                12.6972393,
                49.9772598
              ],
              [
                12.6970702,
                49.9773189
              ],
              [
                12.6968028,
                49.9773446
              ],
              [
                12.6965099,
                49.9773294
              ],
              [
                12.6957407,
                49.9772265
              ],
              [
                12.6951772,
                49.9771067
              ],
              [
                12.6948956,
                49.9770468
              ],
              [
                12.6946624,
                49.9770302
              ],
              [
                12.6944795,
                49.9770495
              ],
              [
                12.6943318,
                49.9771182
              ],
              [
                12.6942576,
                49.9772253
              ],
              [
                12.6942401,
                49.9773815
              ],
              [
                12.6943604,
                49.9774862
              ],
              [
                12.6944568,
                49.977577
              ],
              [
                12.6945602,
                49.977672
              ],
              [
                12.6951087,
                49.9781403
              ],
              [
                12.6970228,
                49.9795025
              ],
              [
                12.6971969,
                49.9796125
              ],
              [
                12.6973515,
                49.9796591
              ],
              [
                12.6976429,
                49.9796786
              ],
              [
                12.6978052,
                49.9797905
              ],
              [
                12.6978559,
                49.9798722
              ],
              [
                12.6978279,
                49.9799842
              ],
              [
                12.6977037,
                49.9801013
              ],
              [
                12.6974749,
                49.9801618
              ],
              [
                12.6971033,
                49.9801767
              ],
              [
                12.6969571,
                49.9801921
              ],
              [
                12.6968053,
                49.9802298
              ],
              [
                12.6965851,
                49.9803983
              ],
              [
                12.6962479,
                49.9806081
              ],
              [
                12.6958968,
                49.9807782
              ],
              [
                12.6955991,
                49.9808773
              ],
              [
                12.695502,
                49.9807907
              ],
              [
                12.6952931,
                49.9806771
              ],
              [
                12.6951173,
                49.9806206
              ],
              [
                12.6947275,
                49.980655
              ]
            ]
          ]
        ]
      },
      "properties": {
        "zdroj": "RÚIAN",
        "kod_zsj": "91570",
        "nazev": "Na Ruské",
        "kod_ku": "691585",
        "vymera_m2": 3918109,
        "definicni_bod_sjtsk": [
          -866520.0,
          -1037431.0
        ]
      }
    },
    {
      "type": "Feature",
      "geometry": {
        "type": "MultiPolygon",
        "coordinates": [
          [
            [
              [
                12.696957,
                49.9670832
              ],
              [
                12.6969172,
                49.9671017
              ],
              [
                12.6960884,
                49.9674869
              ],
              [
                12.6956468,
                49.9671103
              ],
              [
                12.6951796,
                49.9667486
              ],
              [
                12.69496,
                49.9665607
              ],
              [
                12.6947961,
                49.9666057
              ],
              [
                12.6943296,
                49.9663221
              ],
              [
                12.6939979,
                49.9655303
              ],
              [
                12.693766,
                49.9649765
              ],
              [
                12.6937016,
                49.9647291
              ],
              [
                12.6933454,
                49.9646225
              ],
              [
                12.6929687,
                49.9643819
              ],
              [
                12.6928802,
                49.9641712
              ],
              [
                12.6931098,
                49.9641851
              ],
              [
                12.6952278,
                49.9643208
              ],
              [
                12.695371,
                49.9643302
              ],
              [
                12.6954134,
                49.9643329
              ],
              [
                12.6968404,
                49.9644264
              ],
              [
                12.6969449,
                49.9644333
              ],
              [
                12.6970993,
                49.9644434
              ],
              [
                12.697201,
                49.9644501
              ],
              [
                12.6972657,
                49.9644542
              ],
              [
                12.6973079,
                49.9644569
              ],
              [
                12.6977631,
                49.9644858
              ],
              [
                12.6977637,
                49.964481
              ],
              [
                12.6977685,
                49.9644463
              ],
              [
                12.6977729,
                49.9644237
              ],
              [
                12.6977539,
                49.9643974
              ],
              [
                12.6975385,
                49.9640974
              ],
              [
                12.6975225,
                49.9641017
              ],
              [
                12.6974738,
                49.9640243
              ],
              [
                12.6974839,
                49.9640215
              ],
              [
                12.697446,
                49.9639688
              ],
              [
                12.6974395,
                49.9639597
              ],
              [
                12.6973029,
                49.9637682
              ],
              [
                12.6972464,
                49.9636857
              ],
              [
                12.6970353,
                49.9633722
              ],
              [
                12.6970069,
                49.9633299
              ],
              [
                12.6969512,
                49.9632472
              ],
              [
                12.696821,
                49.9630537
              ],
              [
                12.6971432,
                49.9629568
              ],
              [
                12.6971738,
                49.9629477
              ],
              [
                12.6972252,
                49.9629275
              ],
              [
                12.697195,
                49.9628806
              ],
              [
                12.6973678,
                49.9628345
              ],
              [
                12.697387,
                49.9628644
              ],
              [
                12.6974678,
                49.9628315
              ],
              [
                12.697574,
                49.9627913
              ],
              [
                12.6975276,
                49.962738
              ],
              [
                12.6974998,
                49.9627026
              ],
              [
                12.6973413,
                49.9625133
              ],
              [
                12.6972885,
                49.9624466
              ],
              [
                12.6970912,
                49.9622083
              ],
              [
                12.6970522,
                49.9621675
              ],
              [
                12.6970132,
                49.9621194
              ],
              [
                12.6970145,
                49.9621189
              ],
              [
                12.6971753,
                49.9620748
              ],
              [
                12.6975442,
                49.9618813
              ],
              [
                12.6976061,
                49.9618489
              ],
              [
                12.699477,
                49.9610273
              ],
              [
                12.7003108,
                49.9606101
              ],
              [
                12.700762,
                49.9602608
              ],
              [
                12.7007625,
                49.9602629
              ],
              [
                12.700804,
                49.9605517
              ],
              [
                12.7009441,
                49.9613774
              ],
              [
                12.70102,
                49.9614165
              ],
              [
                12.7029847,
                49.9612692
              ],
              [
                12.7029682,
                49.9623593
              ],
              [
                12.7030627,
                49.962836
              ],
              [
                12.7031105,
                49.9630246
              ],
              [
                12.7031421,
                49.963135
              ],
              [
                12.7032702,
                49.9632402
              ],
              [
                12.7037611,
                49.9636968
              ],
              [
                12.7039939,
                49.9639046
              ],
              [
                12.7037421,
                49.9639627
              ],
              [
                12.7034139,
                49.9640892
              ],
              [
                12.7030328,
                49.9643327
              ],
              [
                12.7029155,
                49.9644973
              ],
              [
                12.7029825,
                49.9647003
              ],
              [
                12.7023484,
                49.9658845
              ],
              [
                12.7015135,
                49.9659501
              ],
              [
                12.7015487,
                49.9662369
              ],
              [
                12.7016404,
                49.9667431
              ],
              [
                12.7017181,
                49.9671728
              ],
              [
                12.7010755,
                49.967703
              ],
              [
                12.700973,
                49.9677133
              ],
              [
                12.7004792,
                49.9677634
              ],
              [
                12.7004299,
                49.9676282
              ],
              [
                12.7001881,
                49.9675035
              ],
              [
                12.6999823,
                49.9675204
              ],
              [
                12.6994781,
                49.9672492
              ],
              [
                12.6992506,
                49.9666273
              ],
              [
                12.696957,
                49.9670832
              ]
            ]
          ]
        ]
      },
      "properties": {
        "zdroj": "RÚIAN",
        "kod_zsj": "91588",
        "nazev": "Mariánské Lázně-střed",
        "kod_ku": "691585",
        "vymera_m2": 329349,
        "definicni_bod_sjtsk": [
          -866718.0,
          -1038323.0
        ]
      }
    },
    {
      "type": "Feature",
      "geometry": {
        "type": "MultiPolygon",
        "coordinates": [
          [
            [
              [
                12.6970132,
                49.9621194
              ],
              [
                12.6970128,
                49.962119
              ],
              [
                12.697009,
                49.9621201
              ],
              [
                12.6966565,
                49.9622295
              ],
              [
                12.6965506,
                49.9622604
              ],
              [
                12.6964982,
                49.9622213
              ],
              [
                12.696411,
                49.9621563
              ],
              [
                12.6961263,
                49.9620086
              ],
              [
                12.6961148,
                49.9620112
              ],
              [
                12.6958717,
                49.9620657
              ],
              [
                12.6952192,
                49.962212
              ],
              [
                12.6952109,
                49.9623153
              ],
              [
                12.6944293,
                49.9624892
              ],
              [
                12.6941456,
                49.9625138
              ],
              [
                12.6938535,
                49.9624562
              ],
              [
                12.6937673,
                49.9621106
              ],
              [
                12.6937499,
                49.9620412
              ],
              [
                12.6936741,
                49.9617369
              ],
              [
                12.6935521,
                49.9608193
              ],
              [
                12.6933466,
                49.9603655
              ],
              [
                12.6933221,
                49.9603111
              ],
              [
                12.6933112,
                49.960287
              ],
              [
                12.6936744,
                49.9601442
              ],
              [
                12.6936202,
                49.9600116
              ],
              [
                12.6934795,
                49.9596676
              ],
              [
                12.6934765,
                49.9596602
              ],
              [
                12.6934737,
                49.9596534
              ],
              [
                12.6936166,
                49.9596277
              ],
              [
                12.6936413,
                49.9596233
              ],
              [
                12.693765,
                49.9596012
              ],
              [
                12.6941719,
                49.9595282
              ],
              [
                12.6944094,
                49.9594783
              ],
              [
                12.6943572,
                49.9593747
              ],
              [
                12.6943533,
                49.9593662
              ],
              [
                12.6944841,
                49.9593419
              ],
              [
                12.6943903,
                49.9591298
              ],
              [
                12.694341,
                49.9591389
              ],
              [
                12.6943252,
                49.9591418
              ],
              [
                12.6942488,
                49.9589693
              ],
              [
                12.6941929,
                49.9589295
              ],
              [
                12.69405,
                49.958675
              ],
              [
                12.6940245,
                49.9586326
              ],
              [
                12.6939859,
                49.9585684
              ],
              [
                12.6939787,
                49.9585564
              ],
              [
                12.6939734,
                49.9585477
              ],
              [
                12.693926,
                49.9584688
              ],
              [
                12.6939127,
                49.9584457
              ],
              [
                12.6938599,
                49.9583591
              ],
              [
                12.6938552,
                49.9583511
              ],
              [
                12.6937739,
                49.958357
              ],
              [
                12.6932759,
                49.9583931
              ],
              [
                12.6932754,
                49.9583915
              ],
              [
                12.6931751,
                49.9584011
              ],
              [
                12.6931494,
                49.9584035
              ],
              [
                12.6931331,
                49.9584125
              ],
              [
                12.6930246,
                49.9583899
              ],
              [
                12.6929852,
                49.9583722
              ],
              [
                12.6929519,
                49.9583571
              ],
              [
                12.6929207,
                49.9583431
              ],
              [
                12.692901,
                49.9583004
              ],
              [
                12.6928809,
                49.9582567
              ],
              [
                12.6928066,
                49.9580952
              ],
              [
                12.6927897,
                49.9580585
              ],
              [
                12.6927651,
                49.9580272
              ],
              [
                12.6927386,
                49.9579957
              ],
              [
                12.6927096,
                49.9579611
              ],
              [
                12.6926785,
                49.9579701
              ],
              [
                12.6926569,
                49.9579765
              ],
              [
                12.6926121,
                49.9579896
              ],
              [
                12.6919875,
                49.9581879
              ],
              [
                12.691865,
                49.9582274
              ],
              [
                12.6911782,
                49.9584439
              ],
              [
                12.6911269,
                49.9584596
              ],
              [
                12.6911179,
                49.9584624
              ],
              [
                12.6911114,
                49.9585143
              ],
              [
                12.6910391,
                49.9585363
              ],
              [
                12.6906468,
                49.9586554
              ],
              [
                12.6906361,
                49.9586587
              ],
              [
                12.6904078,
                49.9587364
              ],
              [
                12.6902469,
                49.9587911
              ],
              [
                12.6901162,
                49.9588356
              ],
              [
                12.6897909,
                49.9589463
              ],
              [
                12.6894345,
                49.9590676
              ],
              [
                12.6893051,
                49.9588964
              ],
              [
                12.6891745,
                49.9587233
              ],
              [
                12.6888379,
                49.9582773
              ],
              [
                12.6897899,
                49.9580217
              ],
              [
                12.6909186,
                49.9576885
              ],
              [
                12.6909992,
                49.9576647
              ],
              [
                12.6911299,
                49.9575674
              ],
              [
                12.6911853,
                49.9575384
              ],
              [
                12.6911877,
                49.9575372
              ],
              [
                12.692152,
                49.9570728
              ],
              [
                12.6921937,
                49.9570636
              ],
              [
                12.6926529,
                49.9568919
              ],
              [
                12.6928552,
                49.9568313
              ],
              [
                12.6930671,
                49.9567659
              ],
              [
                12.6930733,
                49.956764
              ],
              [
                12.693548,
                49.9566176
              ],
              [
                12.6940901,
                49.9564471
              ],
              [
                12.6939807,
                49.9563196
              ],
              [
                12.6939536,
                49.9562879
              ],
              [
                12.6940834,
                49.9562397
              ],
              [
                12.6941962,
                49.9561984
              ],
              [
                12.695568,
                49.9557592
              ],
              [
                12.6956056,
                49.955778
              ],
              [
                12.6956195,
                49.955762
              ],
              [
                12.6958214,
                49.9558612
              ],
              [
                12.6958328,
                49.9558669
              ],
              [
                12.6958962,
                49.9558981
              ],
              [
                12.6960173,
                49.9558631
              ],
              [
                12.6960549,
                49.9558517
              ],
              [
                12.696112,
                49.9558359
              ],
              [
                12.6961992,
                49.9558118
              ],
              [
                12.6962014,
                49.9557518
              ],
              [
                12.6962125,
                49.9554324
              ],
              [
                12.696215,
                49.9553593
              ],
              [
                12.6962268,
                49.9553604
              ],
              [
                12.6963429,
                49.9553707
              ],
              [
                12.6973886,
                49.9554638
              ],
              [
                12.6976741,
                49.9562655
              ],
              [
                12.6976998,
                49.9563374
              ],
              [
                12.6977891,
                49.9563393
              ],
              [
                12.6978373,
                49.9563747
              ],
              [
                12.6979795,
                49.9564793
              ],
              [
                12.6981526,
                49.9566052
              ],
              [
                12.698192,
                49.9566386
              ],
              [
                12.6984553,
                49.9568623
              ],
              [
                12.6985017,
                49.9569018
              ],
              [
                12.6987601,
                49.9571614
              ],
              [
                12.6987797,
                49.9571811
              ],
              [
                12.6988829,
                49.9572848
              ],
              [
                12.6988999,
                49.9573017
              ],
              [
                12.6998492,
                49.9582473
              ],
              [
                12.6999191,
                49.9583171
              ],
              [
                12.7004101,
                49.9588063
              ],
              [
                12.7005182,
                49.9590936
              ],
              [
                12.7005236,
                49.9591081
              ],
              [
                12.7006113,
                49.959109
              ],
              [
                12.7006039,
                49.9591244
              ],
              [
                12.700593,
                49.9591592
              ],
              [
                12.7006113,
                49.9593611
              ],
              [
                12.7006721,
                49.9597437
              ],
              [
                12.7006779,
                49.9597939
              ],
              [
                12.7006913,
                49.959877
              ],
              [
                12.7007339,
                49.9601141
              ],
              [
                12.700762,
                49.9602608
              ],
              [
                12.7003108,
                49.9606101
              ],
              [
                12.699477,
                49.9610273
              ],
              [
                12.6976061,
                49.9618489
              ],
              [
                12.6975442,
                49.9618813
              ],
              [
                12.6971753,
                49.9620748
              ],
              [
                12.6970145,
                49.9621189
              ],
              [
                12.6970132,
                49.9621194
              ]
            ]
          ]
        ]
      },
      "properties": {
        "zdroj": "RÚIAN",
        "kod_zsj": "91596",
        "nazev": "U nádraží",
        "kod_ku": "691585",
        "vymera_m2": 315929,
        "definicni_bod_sjtsk": [
          -867209.0,
          -1038851.0
        ]
      }
    },
    {
      "type": "Feature",
      "geometry": {
        "type": "MultiPolygon",
        "coordinates": [
          [
            [
              [
                12.6820366,
                50.0521662
              ],
              [
                12.6814306,
                50.0518616
              ],
              [
                12.6808417,
                50.051475
              ],
              [
                12.6805904,
                50.05112
              ],
              [
                12.6803426,
                50.0507063
              ],
              [
                12.6799902,
                50.0502532
              ],
              [
                12.6790072,
                50.049349
              ],
              [
                12.6782357,
                50.0491583
              ],
              [
                12.6770969,
                50.0490762
              ],
              [
                12.6754638,
                50.049183
              ],
              [
                12.674583,
                50.0490839
              ],
              [
                12.6737722,
                50.0487577
              ],
              [
                12.6728544,
                50.0481201
              ],
              [
                12.6727192,
                50.0478632
              ],
              [
                12.6723225,
                50.0475804
              ],
              [
                12.6708486,
                50.0468933
              ],
              [
                12.6703134,
                50.0463293
              ],
              [
                12.6681178,
                50.0457595
              ],
              [
                12.6671064,
                50.0456542
              ],
              [
                12.6669435,
                50.0455659
              ],
              [
                12.6664005,
                50.0451314
              ],
              [
                12.6658306,
                50.0447985
              ],
              [
                12.6655593,
                50.0445874
              ],
              [
                12.6654349,
                50.0443066
              ],
              [
                12.6648986,
                50.0440038
              ],
              [
                12.6641598,
                50.0433179
              ],
              [
                12.6639742,
                50.0428435
              ],
              [
                12.6643536,
                50.0420622
              ],
              [
                12.664271,
                50.0417087
              ],
              [
                12.6640309,
                50.0416474
              ],
              [
                12.6650622,
                50.0416056
              ],
              [
                12.6654781,
                50.0415482
              ],
              [
                12.6677919,
                50.040934
              ],
              [
                12.6684419,
                50.0409279
              ],
              [
                12.6703355,
                50.0411172
              ],
              [
                12.6725429,
                50.0402949
              ],
              [
                12.6726842,
                50.0401618
              ],
              [
                12.6734353,
                50.0389819
              ],
              [
                12.6729645,
                50.0378772
              ],
              [
                12.6724992,
                50.036785
              ],
              [
                12.6723472,
                50.0367436
              ],
              [
                12.6722588,
                50.0367759
              ],
              [
                12.6719646,
                50.0370543
              ],
              [
                12.6716421,
                50.0371864
              ],
              [
                12.670319,
                50.0373732
              ],
              [
                12.6679092,
                50.0371771
              ],
              [
                12.6671464,
                50.0370286
              ],
              [
                12.6667683,
                50.036843
              ],
              [
                12.6657426,
                50.0360962
              ],
              [
                12.6650816,
                50.0357241
              ],
              [
                12.6646823,
                50.0355668
              ],
              [
                12.6641941,
                50.0354596
              ],
              [
                12.6633452,
                50.0354204
              ],
              [
                12.6625567,
                50.0354746
              ],
              [
                12.6605803,
                50.0356462
              ],
              [
                12.6587081,
                50.0360721
              ],
              [
                12.657842,
                50.036327
              ],
              [
                12.657278,
                50.0363854
              ],
              [
                12.6569,
                50.0361943
              ],
              [
                12.6567141,
                50.0359048
              ],
              [
                12.6562996,
                50.035754
              ],
              [
                12.6557278,
                50.0357623
              ],
              [
                12.655328,
                50.0358639
              ],
              [
                12.6542759,
                50.0361879
              ],
              [
                12.6537,
                50.0363141
              ],
              [
                12.652651,
                50.0367018
              ],
              [
                12.6521409,
                50.0368067
              ],
              [
                12.6515043,
                50.0368793
              ],
              [
                12.6507144,
                50.0368544
              ],
              [
                12.6493737,
                50.0366735
              ],
              [
                12.6487382,
                50.0366416
              ],
              [
                12.6483872,
                50.0365928
              ],
              [
                12.6481102,
                50.0365002
              ],
              [
                12.6474342,
                50.0361568
              ],
              [
                12.6469115,
                50.035931
              ],
              [
                12.644942,
                50.0348778
              ],
              [
                12.643957,
                50.0342091
              ],
              [
                12.643355,
                50.0333977
              ],
              [
                12.6433243,
                50.0333435
              ],
              [
                12.6431316,
                50.0332617
              ],
              [
                12.6415542,
                50.0330697
              ],
              [
                12.6392399,
                50.0330318
              ],
              [
                12.637818,
                50.0325679
              ],
              [
                12.6370762,
                50.0319074
              ],
              [
                12.6368718,
                50.0313154
              ],
              [
                12.6371751,
                50.0303385
              ],
              [
                12.637116,
                50.0301766
              ],
              [
                12.6368643,
                50.0301405
              ],
              [
                12.6367178,
                50.0301894
              ],
              [
                12.6359322,
                50.0309479
              ],
              [
                12.6345789,
                50.0317064
              ],
              [
                12.6332694,
                50.0322031
              ],
              [
                12.6326701,
                50.0325889
              ],
              [
                12.6323974,
                50.0326854
              ],
              [
                12.6320488,
                50.0327147
              ],
              [
                12.6317699,
                50.0326285
              ],
              [
                12.6306288,
                50.0319699
              ],
              [
                12.6300038,
                50.0313622
              ],
              [
                12.6294947,
                50.0309807
              ],
              [
                12.6292207,
                50.030593
              ],
              [
                12.6289095,
                50.0303025
              ],
              [
                12.6285277,
                50.0301508
              ],
              [
                12.6280215,
                50.0300705
              ],
              [
                12.6270084,
                50.0298344
              ],
              [
                12.6266978,
                50.0297862
              ],
              [
                12.6259854,
                50.0298481
              ],
              [
                12.6259,
                50.0299468
              ],
              [
                12.6258097,
                50.0297197
              ],
              [
                12.6259064,
                50.0297665
              ],
              [
                12.6267425,
                50.0296935
              ],
              [
                12.627235,
                50.0296224
              ],
              [
                12.6276943,
                50.0294944
              ],
              [
                12.6281915,
                50.0293151
              ],
              [
                12.6295709,
                50.0286512
              ],
              [
                12.6309514,
                50.0279869
              ],
              [
                12.6328605,
                50.0271078
              ],
              [
                12.6341146,
                50.026684
              ],
              [
                12.6359055,
                50.0260931
              ],
              [
                12.6381689,
                50.0255137
              ],
              [
                12.6403837,
                50.0249483
              ],
              [
                12.6403602,
                50.0249129
              ],
              [
                12.6408132,
                50.0247781
              ],
              [
                12.6408462,
                50.0248254
              ],
              [
                12.6413242,
                50.0246574
              ],
              [
                12.6415025,
                50.0245567
              ],
              [
                12.6416419,
                50.024407
              ],
              [
                12.6426539,
                50.0231499
              ],
              [
                12.6436802,
                50.0220676
              ],
              [
                12.6439153,
                50.0219252
              ],
              [
                12.6438575,
                50.0218616
              ],
              [
                12.6442816,
                50.0216976
              ],
              [
                12.6443414,
                50.0217641
              ],
              [
                12.6462486,
                50.0210821
              ],
              [
                12.6481083,
                50.0204179
              ],
              [
                12.6484225,
                50.0203314
              ],
              [
                12.6486107,
                50.0202973
              ],
              [
                12.6495429,
                50.0191192
              ],
              [
                12.6504653,
                50.0179532
              ],
              [
                12.6513886,
                50.0167851
              ],
              [
                12.6522966,
                50.0156358
              ],
              [
                12.6524182,
                50.0154821
              ],
              [
                12.6524666,
                50.0154209
              ],
              [
                12.6525341,
                50.0153355
              ],
              [
                12.6536206,
                50.0139962
              ],
              [
                12.6536653,
                50.0139355
              ],
              [
                12.6549775,
                50.0135808
              ],
              [
                12.6562497,
                50.0132375
              ],
              [
                12.658584,
                50.01264
              ],
              [
                12.6609706,
                50.0120212
              ],
              [
                12.6633089,
                50.0114153
              ],
              [
                12.6659184,
                50.0108943
              ],
              [
                12.6684905,
                50.0103812
              ],
              [
                12.668746,
                50.01039
              ],
              [
                12.6701584,
                50.0104848
              ],
              [
                12.6721331,
                50.010266
              ],
              [
                12.6740618,
                50.0100518
              ],
              [
                12.676182,
                50.0099198
              ],
              [
                12.6782291,
                50.0101246
              ],
              [
                12.6800228,
                50.0102446
              ],
              [
                12.6813037,
                50.0106009
              ],
              [
                12.6813248,
                50.010617
              ],
              [
                12.68127,
                50.0106819
              ],
              [
                12.6829415,
                50.011023
              ],
              [
                12.6844268,
                50.0115924
              ],
              [
                12.6855039,
                50.0120528
              ],
              [
                12.6876281,
                50.013016
              ],
              [
                12.6906817,
                50.0145265
              ],
              [
                12.6915014,
                50.0149007
              ],
              [
                12.6915052,
                50.014924
              ],
              [
                12.691691,
                50.0151665
              ],
              [
                12.6915705,
                50.0153011
              ],
              [
                12.6919092,
                50.0164811
              ],
              [
                12.6911474,
                50.0171606
              ],
              [
                12.6900247,
                50.0181697
              ],
              [
                12.6895481,
                50.0195486
              ],
              [
                12.6892034,
                50.0212056
              ],
              [
                12.6892457,
                50.0221044
              ],
              [
                12.6893098,
                50.0234662
              ],
              [
                12.6879122,
                50.0249382
              ],
              [
                12.6875117,
                50.0253599
              ],
              [
                12.687529,
                50.0263015
              ],
              [
                12.6875408,
                50.0269485
              ],
              [
                12.6883412,
                50.0278214
              ],
              [
                12.6890777,
                50.0286243
              ],
              [
                12.6893236,
                50.0296605
              ],
              [
                12.6895137,
                50.0305405
              ],
              [
                12.6899987,
                50.0313437
              ],
              [
                12.6901896,
                50.0325602
              ],
              [
                12.6918307,
                50.0340048
              ],
              [
                12.6917353,
                50.0343204
              ],
              [
                12.6917081,
                50.0344104
              ],
              [
                12.6913755,
                50.0355107
              ],
              [
                12.6913843,
                50.0364772
              ],
              [
                12.6913995,
                50.0365253
              ],
              [
                12.6914148,
                50.0365733
              ],
              [
                12.691817,
                50.0378352
              ],
              [
                12.6918156,
                50.0378957
              ],
              [
                12.6920204,
                50.0385469
              ],
              [
                12.6920269,
                50.0387296
              ],
              [
                12.691961,
                50.0387974
              ],
              [
                12.692089,
                50.0392323
              ],
              [
                12.6920778,
                50.0396148
              ],
              [
                12.6920403,
                50.0396966
              ],
              [
                12.6921772,
                50.039996
              ],
              [
                12.692137,
                50.0402771
              ],
              [
                12.6920113,
                50.0405286
              ],
              [
                12.6920064,
                50.0405391
              ],
              [
                12.6916874,
                50.0409034
              ],
              [
                12.6912636,
                50.0413891
              ],
              [
                12.6910864,
                50.0416865
              ],
              [
                12.6909396,
                50.0419327
              ],
              [
                12.6907266,
                50.0423801
              ],
              [
                12.6905661,
                50.0427537
              ],
              [
                12.69022,
                50.0430838
              ],
              [
                12.6892068,
                50.043623
              ],
              [
                12.6885487,
                50.0440174
              ],
              [
                12.6883237,
                50.0444999
              ],
              [
                12.6888898,
                50.0448446
              ],
              [
                12.6889108,
                50.0453781
              ],
              [
                12.6885504,
                50.0460413
              ],
              [
                12.6881011,
                50.0465572
              ],
              [
                12.6876314,
                50.0470825
              ],
              [
                12.6871425,
                50.0474189
              ],
              [
                12.6868124,
                50.0479667
              ],
              [
                12.6862091,
                50.0482937
              ],
              [
                12.6857515,
                50.0486517
              ],
              [
                12.6852106,
                50.0492255
              ],
              [
                12.6846159,
                50.0494938
              ],
              [
                12.6840182,
                50.0500602
              ],
              [
                12.683451,
                50.0507372
              ],
              [
                12.6827429,
                50.0516202
              ],
              [
                12.6820741,
                50.0521378
              ],
              [
                12.6820366,
                50.0521662
              ]
            ]
          ]
        ]
      },
      "properties": {
        "zdroj": "RÚIAN",
        "kod_zsj": "79359",
        "nazev": "Kladská",
        "kod_ku": "691585",
        "vymera_m2": 11453281,
        "definicni_bod_sjtsk": [
          -867992.0,
          -1031249.0
        ]
      }
    },
    {
      "type": "Feature",
      "geometry": {
        "type": "MultiPolygon",
        "coordinates": [
          [
            [
              [
                12.700762,
                49.9602608
              ],
              [
                12.7007339,
                49.9601141
              ],
              [
                12.7006913,
                49.959877
              ],
              [
                12.7006779,
                49.9597939
              ],
              [
                12.7006721,
                49.9597437
              ],
              [
                12.7006113,
                49.9593611
              ],
              [
                12.700593,
                49.9591592
              ],
              [
                12.7006039,
                49.9591244
              ],
              [
                12.7006113,
                49.959109
              ],
              [
                12.7005236,
                49.9591081
              ],
              [
                12.7005182,
                49.9590936
              ],
              [
                12.7004101,
                49.9588063
              ],
              [
                12.6999191,
                49.9583171
              ],
              [
                12.6998492,
                49.9582473
              ],
              [
                12.6988999,
                49.9573017
              ],
              [
                12.6988829,
                49.9572848
              ],
              [
                12.6987797,
                49.9571811
              ],
              [
                12.6987601,
                49.9571614
              ],
              [
                12.6985017,
                49.9569018
              ],
              [
                12.6984553,
                49.9568623
              ],
              [
                12.698192,
                49.9566386
              ],
              [
                12.698257,
                49.9565892
              ],
              [
                12.6983702,
                49.9564154
              ],
              [
                12.6984404,
                49.9562542
              ],
              [
                12.6984451,
                49.9561472
              ],
              [
                12.6984341,
                49.9559758
              ],
              [
                12.6984065,
                49.9558568
              ],
              [
                12.698372,
                49.9557377
              ],
              [
                12.698369,
                49.9556822
              ],
              [
                12.6985429,
                49.9556251
              ],
              [
                12.6988154,
                49.9555163
              ],
              [
                12.6990162,
                49.9554364
              ],
              [
                12.6991281,
                49.9553667
              ],
              [
                12.6993217,
                49.955273
              ],
              [
                12.699587,
                49.9551435
              ],
              [
                12.6999475,
                49.9549328
              ],
              [
                12.7000227,
                49.9548902
              ],
              [
                12.7001302,
                49.9548293
              ],
              [
                12.700192,
                49.9547943
              ],
              [
                12.7004336,
                49.9546396
              ],
              [
                12.7005256,
                49.9545651
              ],
              [
                12.7005564,
                49.9545402
              ],
              [
                12.7007702,
                49.9543552
              ],
              [
                12.701024,
                49.9541477
              ],
              [
                12.7012165,
                49.9539993
              ],
              [
                12.7013757,
                49.9538666
              ],
              [
                12.7014949,
                49.9537675
              ],
              [
                12.701608,
                49.9536569
              ],
              [
                12.7017867,
                49.9534643
              ],
              [
                12.7019773,
                49.9532314
              ],
              [
                12.7021404,
                49.9529706
              ],
              [
                12.7023249,
                49.9526733
              ],
              [
                12.7024507,
                49.9524695
              ],
              [
                12.702604,
                49.952181
              ],
              [
                12.7027484,
                49.951945
              ],
              [
                12.7028756,
                49.9516975
              ],
              [
                12.7029725,
                49.9515249
              ],
              [
                12.7030364,
                49.9513886
              ],
              [
                12.7030381,
                49.9513154
              ],
              [
                12.7039808,
                49.9514612
              ],
              [
                12.7071695,
                49.9520992
              ],
              [
                12.7091428,
                49.9524941
              ],
              [
                12.7094045,
                49.952462
              ],
              [
                12.7103014,
                49.9523521
              ],
              [
                12.7115999,
                49.9521927
              ],
              [
                12.7128123,
                49.9521055
              ],
              [
                12.7131978,
                49.9521349
              ],
              [
                12.7135445,
                49.9521613
              ],
              [
                12.714108,
                49.9522643
              ],
              [
                12.7144534,
                49.9514831
              ],
              [
                12.714569,
                49.951253
              ],
              [
                12.7149193,
                49.9510053
              ],
              [
                12.7152777,
                49.9506965
              ],
              [
                12.7159629,
                49.9509605
              ],
              [
                12.7164325,
                49.9511387
              ],
              [
                12.7171104,
                49.9498846
              ],
              [
                12.7179335,
                49.9487492
              ],
              [
                12.7181027,
                49.94853
              ],
              [
                12.7182432,
                49.9485611
              ],
              [
                12.7183888,
                49.9483981
              ],
              [
                12.7184651,
                49.9482762
              ],
              [
                12.7185557,
                49.9480858
              ],
              [
                12.7185995,
                49.9479179
              ],
              [
                12.7186207,
                49.9477653
              ],
              [
                12.7186484,
                49.9476401
              ],
              [
                12.7186631,
                49.9475494
              ],
              [
                12.7187118,
                49.9474178
              ],
              [
                12.7188327,
                49.94734
              ],
              [
                12.7190049,
                49.9471586
              ],
              [
                12.7190524,
                49.9470497
              ],
              [
                12.7191128,
                49.9469029
              ],
              [
                12.7191458,
                49.9467208
              ],
              [
                12.7190974,
                49.9465507
              ],
              [
                12.7189978,
                49.9463451
              ],
              [
                12.7189677,
                49.9462258
              ],
              [
                12.7189238,
                49.9460442
              ],
              [
                12.7189181,
                49.9459396
              ],
              [
                12.7190035,
                49.9457811
              ],
              [
                12.7192126,
                49.9456189
              ],
              [
                12.7197451,
                49.9457207
              ],
              [
                12.7201167,
                49.9458452
              ],
              [
                12.7207183,
                49.9459016
              ],
              [
                12.7210826,
                49.9459952
              ],
              [
                12.7216991,
                49.9461993
              ],
              [
                12.7217523,
                49.9461995
              ],
              [
                12.7217645,
                49.946202
              ],
              [
                12.7221996,
                49.9462188
              ],
              [
                12.7227775,
                49.9463478
              ],
              [
                12.722798,
                49.9463533
              ],
              [
                12.7229187,
                49.9463732
              ],
              [
                12.7241786,
                49.9467281
              ],
              [
                12.7243819,
                49.9468571
              ],
              [
                12.7246226,
                49.9469691
              ],
              [
                12.7247083,
                49.9470078
              ],
              [
                12.7247076,
                49.9470678
              ],
              [
                12.7248629,
                49.9473163
              ],
              [
                12.7253476,
                49.9475206
              ],
              [
                12.7254722,
                49.9475641
              ],
              [
                12.7255109,
                49.9475809
              ],
              [
                12.7263982,
                49.947988
              ],
              [
                12.7265708,
                49.9481556
              ],
              [
                12.726876,
                49.9482764
              ],
              [
                12.726976,
                49.9482853
              ],
              [
                12.7269854,
                49.9482876
              ],
              [
                12.727037,
                49.9482997
              ],
              [
                12.7272206,
                49.9484053
              ],
              [
                12.7274045,
                49.9484842
              ],
              [
                12.7278559,
                49.9487009
              ],
              [
                12.728165,
                49.9488582
              ],
              [
                12.7278748,
                49.9489951
              ],
              [
                12.7279313,
                49.9492415
              ],
              [
                12.7280874,
                49.9494694
              ],
              [
                12.7278444,
                49.9495486
              ],
              [
                12.7276097,
                49.9496443
              ],
              [
                12.7272664,
                49.9497794
              ],
              [
                12.7268742,
                49.9498947
              ],
              [
                12.7265413,
                49.9499705
              ],
              [
                12.726015,
                49.9500719
              ],
              [
                12.7256065,
                49.9501644
              ],
              [
                12.7251866,
                49.9502813
              ],
              [
                12.724812,
                49.950404
              ],
              [
                12.7245292,
                49.9505335
              ],
              [
                12.7242229,
                49.950701
              ],
              [
                12.7238803,
                49.950897
              ],
              [
                12.7236237,
                49.9510838
              ],
              [
                12.7234074,
                49.9513079
              ],
              [
                12.7231535,
                49.9516503
              ],
              [
                12.7230541,
                49.9517942
              ],
              [
                12.7229083,
                49.9520176
              ],
              [
                12.7225364,
                49.952547
              ],
              [
                12.7222319,
                49.9529724
              ],
              [
                12.7219951,
                49.9532603
              ],
              [
                12.7218242,
                49.9534259
              ],
              [
                12.7216398,
                49.9535638
              ],
              [
                12.721437,
                49.9536629
              ],
              [
                12.7211911,
                49.9537535
              ],
              [
                12.7208888,
                49.9538478
              ],
              [
                12.720688,
                49.9538964
              ],
              [
                12.7203876,
                49.9539546
              ],
              [
                12.7200557,
                49.954005
              ],
              [
                12.7198158,
                49.9540506
              ],
              [
                12.7193683,
                49.9541327
              ],
              [
                12.7191075,
                49.9541848
              ],
              [
                12.7188528,
                49.954237
              ],
              [
                12.7185386,
                49.9542942
              ],
              [
                12.7183289,
                49.9543863
              ],
              [
                12.7181459,
                49.9543972
              ],
              [
                12.718019,
                49.9544629
              ],
              [
                12.7178485,
                49.9545165
              ],
              [
                12.7176962,
                49.9545908
              ],
              [
                12.7174481,
                49.9547226
              ],
              [
                12.7171655,
                49.9548997
              ],
              [
                12.7170011,
                49.9550315
              ],
              [
                12.7168133,
                49.9551759
              ],
              [
                12.716633,
                49.9553548
              ],
              [
                12.7164681,
                49.9555507
              ],
              [
                12.7163243,
                49.9557452
              ],
              [
                12.7162604,
                49.955889
              ],
              [
                12.7161191,
                49.9561299
              ],
              [
                12.716033,
                49.9564238
              ],
              [
                12.7159493,
                49.9566467
              ],
              [
                12.7158861,
                49.9567809
              ],
              [
                12.7158292,
                49.9569383
              ],
              [
                12.7156866,
                49.9571894
              ],
              [
                12.7155147,
                49.9573892
              ],
              [
                12.7153233,
                49.9575778
              ],
              [
                12.7151371,
                49.9577366
              ],
              [
                12.7149379,
                49.9578585
              ],
              [
                12.7146675,
                49.9580142
              ],
              [
                12.7143954,
                49.9581212
              ],
              [
                12.7141602,
                49.9582243
              ],
              [
                12.7139222,
                49.9583385
              ],
              [
                12.713606,
                49.9584564
              ],
              [
                12.7132229,
                49.9585999
              ],
              [
                12.7128888,
                49.9587266
              ],
              [
                12.7125008,
                49.9588589
              ],
              [
                12.7122165,
                49.9589495
              ],
              [
                12.7115897,
                49.9590833
              ],
              [
                12.711368,
                49.9591091
              ],
              [
                12.7109887,
                49.9591373
              ],
              [
                12.7106761,
                49.9591368
              ],
              [
                12.7105516,
                49.9591308
              ],
              [
                12.7104323,
                49.9591193
              ],
              [
                12.7103764,
                49.9591126
              ],
              [
                12.7104479,
                49.9590518
              ],
              [
                12.710572,
                49.9589461
              ],
              [
                12.7106786,
                49.9588527
              ],
              [
                12.710553,
                49.9586742
              ],
              [
                12.7104085,
                49.9586134
              ],
              [
                12.7100478,
                49.9586636
              ],
              [
                12.7097236,
                49.9587519
              ],
              [
                12.709625,
                49.958844
              ],
              [
                12.709386,
                49.9589253
              ],
              [
                12.7091721,
                49.9588983
              ],
              [
                12.7091252,
                49.9588917
              ],
              [
                12.7090952,
                49.9588882
              ],
              [
                12.7089666,
                49.9590319
              ],
              [
                12.7088968,
                49.9591354
              ],
              [
                12.7087975,
                49.9590781
              ],
              [
                12.7085555,
                49.95908
              ],
              [
                12.7085353,
                49.9590809
              ],
              [
                12.7085353,
                49.9590795
              ],
              [
                12.7085104,
                49.9590801
              ],
              [
                12.7085025,
                49.959121
              ],
              [
                12.7083438,
                49.9594512
              ],
              [
                12.7082439,
                49.9596341
              ],
              [
                12.7082608,
                49.9596763
              ],
              [
                12.7081649,
                49.9596911
              ],
              [
                12.70808,
                49.9597248
              ],
              [
                12.7080783,
                49.9598422
              ],
              [
                12.7081946,
                49.9598848
              ],
              [
                12.7081373,
                49.9599708
              ],
              [
                12.7079024,
                49.9600921
              ],
              [
                12.7079552,
                49.9601793
              ],
              [
                12.7079661,
                49.9603839
              ],
              [
                12.7078113,
                49.9605041
              ],
              [
                12.7078193,
                49.9606589
              ],
              [
                12.7077824,
                49.9607665
              ],
              [
                12.7079291,
                49.9609191
              ],
              [
                12.707773,
                49.9609724
              ],
              [
                12.7077872,
                49.9611004
              ],
              [
                12.7078413,
                49.961157
              ],
              [
                12.7069567,
                49.9612789
              ],
              [
                12.7068386,
                49.9612951
              ],
              [
                12.7061935,
                49.961384
              ],
              [
                12.7058201,
                49.9612729
              ],
              [
                12.7057876,
                49.9612632
              ],
              [
                12.7057172,
                49.9612697
              ],
              [
                12.7052011,
                49.9613161
              ],
              [
                12.7050623,
                49.9613291
              ],
              [
                12.7049422,
                49.9613216
              ],
              [
                12.7044834,
                49.961293
              ],
              [
                12.7041331,
                49.9612711
              ],
              [
                12.7037869,
                49.9612495
              ],
              [
                12.7034928,
                49.9612069
              ],
              [
                12.7033455,
                49.9612341
              ],
              [
                12.7033249,
                49.9612437
              ],
              [
                12.7029847,
                49.9612692
              ],
              [
                12.70102,
                49.9614165
              ],
              [
                12.7009441,
                49.9613774
              ],
              [
                12.700804,
                49.9605517
              ],
              [
                12.7007625,
                49.9602629
              ],
              [
                12.700762,
                49.9602608
              ]
            ]
          ]
        ]
      },
      "properties": {
        "zdroj": "RÚIAN",
        "kod_zsj": "91600",
        "nazev": "Úšovice",
        "kod_ku": "691607",
        "vymera_m2": 1482460,
        "definicni_bod_sjtsk": [
          -866137.0,
          -1039451.0
        ]
      }
    },
    {
      "type": "Feature",
      "geometry": {
        "type": "MultiPolygon",
        "coordinates": [
          [
            [
              [
                12.7131978,
                49.9521349
              ],
              [
                12.7128123,
                49.9521055
              ],
              [
                12.7115999,
                49.9521927
              ],
              [
                12.7103014,
                49.9523521
              ],
              [
                12.7094045,
                49.952462
              ],
              [
                12.7091428,
                49.9524941
              ],
              [
                12.7071695,
                49.9520992
              ],
              [
                12.7039808,
                49.9514612
              ],
              [
                12.7051008,
                49.9491162
              ],
              [
                12.7060802,
                49.9470655
              ],
              [
                12.7096424,
                49.9477735
              ],
              [
                12.7097037,
                49.9478082
              ],
              [
                12.7110011,
                49.9485397
              ],
              [
                12.7117878,
                49.9489833
              ],
              [
                12.7126118,
                49.9494933
              ],
              [
                12.7130356,
                49.9497555
              ],
              [
                12.7135626,
                49.9500721
              ],
              [
                12.7136708,
                49.9501116
              ],
              [
                12.7152777,
                49.9506965
              ],
              [
                12.7149193,
                49.9510053
              ],
              [
                12.714569,
                49.951253
              ],
              [
                12.7144534,
                49.9514831
              ],
              [
                12.714108,
                49.9522643
              ],
              [
                12.7135445,
                49.9521613
              ],
              [
                12.7131978,
                49.9521349
              ]
            ]
          ]
        ]
      },
      "properties": {
        "zdroj": "RÚIAN",
        "kod_zsj": "91618",
        "nazev": "Jižní Město",
        "kod_ku": "691607",
        "vymera_m2": 296968,
        "definicni_bod_sjtsk": [
          -866393.0,
          -1039979.0
        ]
      }
    },
    {
      "type": "Feature",
      "geometry": {
        "type": "MultiPolygon",
        "coordinates": [
          [
            [
              [
                12.7039808,
                49.9514612
              ],
              [
                12.7030381,
                49.9513154
              ],
              [
                12.7013922,
                49.9505938
              ],
              [
                12.7010218,
                49.9504272
              ],
              [
                12.7009396,
                49.9503259
              ],
              [
                12.7001721,
                49.9494925
              ],
              [
                12.6996828,
                49.9489549
              ],
              [
                12.6994658,
                49.9487468
              ],
              [
                12.6992718,
                49.9485803
              ],
              [
                12.6991259,
                49.9484757
              ],
              [
                12.698067,
                49.9481806
              ],
              [
                12.6971619,
                49.9480128
              ],
              [
                12.6970332,
                49.9476428
              ],
              [
                12.6965565,
                49.9472508
              ],
              [
                12.6961985,
                49.946914
              ],
              [
                12.6950131,
                49.9458302
              ],
              [
                12.6951812,
                49.9457681
              ],
              [
                12.6962752,
                49.9454248
              ],
              [
                12.6965389,
                49.9454736
              ],
              [
                12.6967267,
                49.9454291
              ],
              [
                12.6970391,
                49.9452834
              ],
              [
                12.6974904,
                49.945024
              ],
              [
                12.6976933,
                49.9448741
              ],
              [
                12.6977785,
                49.9447547
              ],
              [
                12.6978561,
                49.9446203
              ],
              [
                12.6979304,
                49.9444998
              ],
              [
                12.6981366,
                49.9442933
              ],
              [
                12.6983855,
                49.9440484
              ],
              [
                12.6987038,
                49.9437467
              ],
              [
                12.6989078,
                49.9435043
              ],
              [
                12.6991002,
                49.9432399
              ],
              [
                12.6992948,
                49.9429903
              ],
              [
                12.6993617,
                49.9428818
              ],
              [
                12.6993995,
                49.942729
              ],
              [
                12.6994811,
                49.9421818
              ],
              [
                12.6994763,
                49.9415139
              ],
              [
                12.6994827,
                49.9415135
              ],
              [
                12.6996026,
                49.9415104
              ],
              [
                12.699633,
                49.9415101
              ],
              [
                12.6996814,
                49.9415096
              ],
              [
                12.6996883,
                49.9415108
              ],
              [
                12.7000593,
                49.9415249
              ],
              [
                12.7001176,
                49.9415248
              ],
              [
                12.7003348,
                49.941514
              ],
              [
                12.7006286,
                49.9414993
              ],
              [
                12.7008302,
                49.9415024
              ],
              [
                12.7008378,
                49.9415017
              ],
              [
                12.7008381,
                49.9415342
              ],
              [
                12.7008392,
                49.9415606
              ],
              [
                12.7008409,
                49.9416015
              ],
              [
                12.700883,
                49.9416261
              ],
              [
                12.7012737,
                49.9418798
              ],
              [
                12.7014092,
                49.9419714
              ],
              [
                12.7012844,
                49.9420469
              ],
              [
                12.7013954,
                49.9420813
              ],
              [
                12.7015749,
                49.9420962
              ],
              [
                12.7017616,
                49.9422044
              ],
              [
                12.702159,
                49.9423153
              ],
              [
                12.7024596,
                49.94233
              ],
              [
                12.7026611,
                49.9424484
              ],
              [
                12.7030019,
                49.9426813
              ],
              [
                12.7033901,
                49.9430292
              ],
              [
                12.7036083,
                49.9430984
              ],
              [
                12.7036655,
                49.9431061
              ],
              [
                12.7036877,
                49.9431099
              ],
              [
                12.7037091,
                49.9431136
              ],
              [
                12.7039063,
                49.9430219
              ],
              [
                12.7041184,
                49.9429275
              ],
              [
                12.7044983,
                49.9427516
              ],
              [
                12.7048868,
                49.9425734
              ],
              [
                12.7048687,
                49.9425563
              ],
              [
                12.7050566,
                49.9425003
              ],
              [
                12.7050865,
                49.9424914
              ],
              [
                12.7055652,
                49.9422851
              ],
              [
                12.7062394,
                49.9420324
              ],
              [
                12.7062269,
                49.9420126
              ],
              [
                12.7062314,
                49.9420111
              ],
              [
                12.7063196,
                49.9419815
              ],
              [
                12.7063807,
                49.9419645
              ],
              [
                12.7065114,
                49.9419154
              ],
              [
                12.706531,
                49.941908
              ],
              [
                12.7065418,
                49.9419203
              ],
              [
                12.7070067,
                49.941764
              ],
              [
                12.7070767,
                49.9417401
              ],
              [
                12.7070794,
                49.9417434
              ],
              [
                12.7070873,
                49.9417531
              ],
              [
                12.7075021,
                49.941655
              ],
              [
                12.7081635,
                49.9414892
              ],
              [
                12.7083878,
                49.9416937
              ],
              [
                12.7084389,
                49.9417403
              ],
              [
                12.7084675,
                49.941775
              ],
              [
                12.7086511,
                49.9418662
              ],
              [
                12.709041,
                49.9417261
              ],
              [
                12.7092941,
                49.9416351
              ],
              [
                12.7093634,
                49.9415803
              ],
              [
                12.7093798,
                49.9415666
              ],
              [
                12.7095506,
                49.9414232
              ],
              [
                12.709601,
                49.9413809
              ],
              [
                12.7096676,
                49.9413938
              ],
              [
                12.7103465,
                49.941528
              ],
              [
                12.7108381,
                49.9416276
              ],
              [
                12.7117211,
                49.9417956
              ],
              [
                12.7122143,
                49.9418996
              ],
              [
                12.7123573,
                49.9419347
              ],
              [
                12.712583,
                49.94199
              ],
              [
                12.7126302,
                49.9420015
              ],
              [
                12.7131725,
                49.9420963
              ],
              [
                12.7141408,
                49.9422583
              ],
              [
                12.7144165,
                49.9423033
              ],
              [
                12.7145012,
                49.9423171
              ],
              [
                12.7145462,
                49.9423247
              ],
              [
                12.714548,
                49.9424278
              ],
              [
                12.7146736,
                49.9424239
              ],
              [
                12.7147864,
                49.9425523
              ],
              [
                12.7147352,
                49.9427273
              ],
              [
                12.7146414,
                49.9428985
              ],
              [
                12.7144716,
                49.9431139
              ],
              [
                12.7144207,
                49.9432277
              ],
              [
                12.7144933,
                49.9435819
              ],
              [
                12.714544,
                49.9436006
              ],
              [
                12.7145863,
                49.9436067
              ],
              [
                12.7153994,
                49.9437236
              ],
              [
                12.7161314,
                49.9438288
              ],
              [
                12.716133,
                49.9438854
              ],
              [
                12.7161386,
                49.9440646
              ],
              [
                12.7162159,
                49.9451592
              ],
              [
                12.7163717,
                49.9451753
              ],
              [
                12.7164718,
                49.9451856
              ],
              [
                12.7174745,
                49.9452891
              ],
              [
                12.7184279,
                49.9454877
              ],
              [
                12.7187568,
                49.9455867
              ],
              [
                12.7188023,
                49.9455405
              ],
              [
                12.7192126,
                49.9456189
              ],
              [
                12.7190035,
                49.9457811
              ],
              [
                12.7189181,
                49.9459396
              ],
              [
                12.7189238,
                49.9460442
              ],
              [
                12.7189677,
                49.9462258
              ],
              [
                12.7189978,
                49.9463451
              ],
              [
                12.7190974,
                49.9465507
              ],
              [
                12.7191458,
                49.9467208
              ],
              [
                12.7191128,
                49.9469029
              ],
              [
                12.7190524,
                49.9470497
              ],
              [
                12.7190049,
                49.9471586
              ],
              [
                12.7188327,
                49.94734
              ],
              [
                12.7187118,
                49.9474178
              ],
              [
                12.7186631,
                49.9475494
              ],
              [
                12.7186484,
                49.9476401
              ],
              [
                12.7186207,
                49.9477653
              ],
              [
                12.7185995,
                49.9479179
              ],
              [
                12.7185557,
                49.9480858
              ],
              [
                12.7184651,
                49.9482762
              ],
              [
                12.7183888,
                49.9483981
              ],
              [
                12.7182432,
                49.9485611
              ],
              [
                12.7181027,
                49.94853
              ],
              [
                12.7179335,
                49.9487492
              ],
              [
                12.7171104,
                49.9498846
              ],
              [
                12.7164325,
                49.9511387
              ],
              [
                12.7159629,
                49.9509605
              ],
              [
                12.7152777,
                49.9506965
              ],
              [
                12.7136708,
                49.9501116
              ],
              [
                12.7135626,
                49.9500721
              ],
              [
                12.7130356,
                49.9497555
              ],
              [
                12.7126118,
                49.9494933
              ],
              [
                12.7117878,
                49.9489833
              ],
              [
                12.7110011,
                49.9485397
              ],
              [
                12.7097037,
                49.9478082
              ],
              [
                12.7096424,
                49.9477735
              ],
              [
                12.7060802,
                49.9470655
              ],
              [
                12.7051008,
                49.9491162
              ],
              [
                12.7039808,
                49.9514612
              ]
            ]
          ]
        ]
      },
      "properties": {
        "zdroj": "RÚIAN",
        "kod_zsj": "91626",
        "nazev": "Stavební Mlýn",
        "kod_ku": "691607",
        "vymera_m2": 1138315,
        "definicni_bod_sjtsk": [
          -866649.0,
          -1040525.0
        ]
      }
    },
    {
      "type": "Feature",
      "geometry": {
        "type": "MultiPolygon",
        "coordinates": [
          [
            [
              [
                12.6949738,
                49.9528034
              ],
              [
                12.6946165,
                49.9528552
              ],
              [
                12.6941974,
                49.95271
              ],
              [
                12.6935904,
                49.9525526
              ],
              [
                12.6928652,
                49.9524626
              ],
              [
                12.6924091,
                49.9523534
              ],
              [
                12.6920156,
                49.9521965
              ],
              [
                12.6912406,
                49.9518112
              ],
              [
                12.6909863,
                49.9516142
              ],
              [
                12.6906894,
                49.9512279
              ],
              [
                12.6904164,
                49.950971
              ],
              [
                12.6901772,
                49.950714
              ],
              [
                12.689713,
                49.950185
              ],
              [
                12.6895644,
                49.9501204
              ],
              [
                12.6891869,
                49.9500325
              ],
              [
                12.6889402,
                49.949922
              ],
              [
                12.6890024,
                49.949846
              ],
              [
                12.6890915,
                49.9496941
              ],
              [
                12.6892648,
                49.9494492
              ],
              [
                12.6895478,
                49.949062
              ],
              [
                12.6897565,
                49.9488059
              ],
              [
                12.6898406,
                49.948702
              ],
              [
                12.690077,
                49.9487823
              ],
              [
                12.6902531,
                49.9487808
              ],
              [
                12.6905848,
                49.9485802
              ],
              [
                12.6912523,
                49.9482686
              ],
              [
                12.6917897,
                49.9480138
              ],
              [
                12.6921762,
                49.9477646
              ],
              [
                12.6923685,
                49.9476025
              ],
              [
                12.6925456,
                49.9474663
              ],
              [
                12.6926599,
                49.9473451
              ],
              [
                12.692732,
                49.9472096
              ],
              [
                12.6927846,
                49.9471213
              ],
              [
                12.6928585,
                49.9470699
              ],
              [
                12.6932021,
                49.9469183
              ],
              [
                12.6930366,
                49.9466939
              ],
              [
                12.6950131,
                49.9458302
              ],
              [
                12.6961985,
                49.946914
              ],
              [
                12.6965565,
                49.9472508
              ],
              [
                12.6970332,
                49.9476428
              ],
              [
                12.6971619,
                49.9480128
              ],
              [
                12.698067,
                49.9481806
              ],
              [
                12.6991259,
                49.9484757
              ],
              [
                12.6992718,
                49.9485803
              ],
              [
                12.6994658,
                49.9487468
              ],
              [
                12.6996828,
                49.9489549
              ],
              [
                12.7001721,
                49.9494925
              ],
              [
                12.6994711,
                49.9497866
              ],
              [
                12.6997853,
                49.9501507
              ],
              [
                12.6984495,
                49.9508988
              ],
              [
                12.697168,
                49.9514578
              ],
              [
                12.6962236,
                49.9518883
              ],
              [
                12.6953858,
                49.9522766
              ],
              [
                12.6951806,
                49.9523211
              ],
              [
                12.6950987,
                49.9524737
              ],
              [
                12.6949738,
                49.9528034
              ]
            ]
          ]
        ]
      },
      "properties": {
        "zdroj": "RÚIAN",
        "kod_zsj": "91634",
        "nazev": "Bývalá kasárna Hamrníky",
        "kod_ku": "691607",
        "vymera_m2": 339769,
        "definicni_bod_sjtsk": [
          -867334.0,
          -1039945.0
        ]
      }
    },
    {
      "type": "Feature",
      "geometry": {
        "type": "MultiPolygon",
        "coordinates": [
          [
            [
              [
                12.6821681,
                49.9528072
              ],
              [
                12.6822845,
                49.9524502
              ],
              [
                12.6820138,
                49.9524461
              ],
              [
                12.6815379,
                49.9522824
              ],
              [
                12.6812212,
                49.9519453
              ],
              [
                12.6810928,
                49.9518508
              ],
              [
                12.6809541,
                49.9516414
              ],
              [
                12.6806907,
                49.951357
              ],
              [
                12.6804835,
                49.9510756
              ],
              [
                12.6801745,
                49.9505281
              ],
              [
                12.680098,
                49.9502383
              ],
              [
                12.6800898,
                49.9500903
              ],
              [
                12.6800068,
                49.9499577
              ],
              [
                12.6798577,
                49.9498037
              ],
              [
                12.6796888,
                49.9495224
              ],
              [
                12.6796549,
                49.9494233
              ],
              [
                12.6795472,
                49.9493845
              ],
              [
                12.6805038,
                49.9490715
              ],
              [
                12.6803906,
                49.948771
              ],
              [
                12.6802323,
                49.9480446
              ],
              [
                12.6802343,
                49.9479879
              ],
              [
                12.6809465,
                49.9472723
              ],
              [
                12.6809938,
                49.9471499
              ],
              [
                12.6821605,
                49.9475817
              ],
              [
                12.6829698,
                49.9478556
              ],
              [
                12.6839068,
                49.9481659
              ],
              [
                12.6842145,
                49.9482198
              ],
              [
                12.6850818,
                49.9483702
              ],
              [
                12.6850116,
                49.9485231
              ],
              [
                12.6850504,
                49.9487388
              ],
              [
                12.6851157,
                49.9488971
              ],
              [
                12.685271,
                49.9490203
              ],
              [
                12.6854923,
                49.9490917
              ],
              [
                12.6856576,
                49.9491329
              ],
              [
                12.6860377,
                49.9492316
              ],
              [
                12.686606,
                49.9490036
              ],
              [
                12.6871568,
                49.9492542
              ],
              [
                12.6884453,
                49.9497298
              ],
              [
                12.6889402,
                49.949922
              ],
              [
                12.6888258,
                49.9500231
              ],
              [
                12.6889179,
                49.9500668
              ],
              [
                12.68913,
                49.9501236
              ],
              [
                12.6892854,
                49.950197
              ],
              [
                12.689305,
                49.9502385
              ],
              [
                12.689172,
                49.950421
              ],
              [
                12.6891166,
                49.9505707
              ],
              [
                12.6890345,
                49.9506689
              ],
              [
                12.6889889,
                49.9507647
              ],
              [
                12.6883663,
                49.9512852
              ],
              [
                12.687995,
                49.9516772
              ],
              [
                12.6875995,
                49.9520753
              ],
              [
                12.6873341,
                49.9522355
              ],
              [
                12.6870977,
                49.9523277
              ],
              [
                12.6870063,
                49.9523955
              ],
              [
                12.6867109,
                49.9524292
              ],
              [
                12.6863439,
                49.9526449
              ],
              [
                12.6863442,
                49.9526455
              ],
              [
                12.6859333,
                49.9527144
              ],
              [
                12.6852045,
                49.9528392
              ],
              [
                12.6850434,
                49.9528657
              ],
              [
                12.6846245,
                49.9529231
              ],
              [
                12.6843349,
                49.9529579
              ],
              [
                12.6841352,
                49.9529654
              ],
              [
                12.6837728,
                49.9529428
              ],
              [
                12.6833932,
                49.9529178
              ],
              [
                12.6830424,
                49.9528821
              ],
              [
                12.6828288,
                49.9528638
              ],
              [
                12.6821681,
                49.9528072
              ]
            ]
          ]
        ]
      },
      "properties": {
        "zdroj": "RÚIAN",
        "kod_zsj": "91642",
        "nazev": "Hamrníky",
        "kod_ku": "691607",
        "vymera_m2": 265994,
        "definicni_bod_sjtsk": [
          -868124.0,
          -1039662.0
        ]
      }
    },
    {
      "type": "Feature",
      "geometry": {
        "type": "MultiPolygon",
        "coordinates": [
          [
            [
              [
                12.6665962,
                49.9526908
              ],
              [
                12.6665844,
                49.9524465
              ],
              [
                12.6665705,
                49.9521567
              ],
              [
                12.666653,
                49.9522124
              ],
              [
                12.6667271,
                49.9522625
              ],
              [
                12.6669284,
                49.9524032
              ],
              [
                12.6670016,
                49.9524544
              ],
              [
                12.6671311,
                49.9525451
              ],
              [
                12.6675912,
                49.952893
              ],
              [
                12.6678061,
                49.952901
              ],
              [
                12.6677328,
                49.9527225
              ],
              [
                12.6677308,
                49.9526978
              ],
              [
                12.667717,
                49.9525274
              ],
              [
                12.6677246,
                49.9525276
              ],
              [
                12.6678299,
                49.9525303
              ],
              [
                12.6679017,
                49.9525322
              ],
              [
                12.6679867,
                49.9525326
              ],
              [
                12.6681589,
                49.9525334
              ],
              [
                12.6685571,
                49.9525352
              ],
              [
                12.6689397,
                49.9525369
              ],
              [
                12.6689988,
                49.9525372
              ],
              [
                12.6690183,
                49.9525373
              ],
              [
                12.6691268,
                49.9524963
              ],
              [
                12.6692848,
                49.9524369
              ],
              [
                12.6693874,
                49.9523981
              ],
              [
                12.6694432,
                49.952377
              ],
              [
                12.6696455,
                49.9523008
              ],
              [
                12.6696553,
                49.9522971
              ],
              [
                12.6697674,
                49.9522548
              ],
              [
                12.6697689,
                49.9522206
              ],
              [
                12.6697698,
                49.9522006
              ],
              [
                12.6697611,
                49.9521705
              ],
              [
                12.6697544,
                49.9521141
              ],
              [
                12.6697528,
                49.9520973
              ],
              [
                12.6697198,
                49.9517256
              ],
              [
                12.6697091,
                49.9513581
              ],
              [
                12.6697288,
                49.9512197
              ],
              [
                12.6697429,
                49.9511488
              ],
              [
                12.6697509,
                49.9510774
              ],
              [
                12.6698018,
                49.950749
              ],
              [
                12.6698774,
                49.9505074
              ],
              [
                12.6698167,
                49.9501192
              ],
              [
                12.6702874,
                49.9501003
              ],
              [
                12.6702672,
                49.9499635
              ],
              [
                12.670232,
                49.9497256
              ],
              [
                12.6704435,
                49.9494758
              ],
              [
                12.6706892,
                49.9494531
              ],
              [
                12.6707046,
                49.9494517
              ],
              [
                12.6710641,
                49.9496805
              ],
              [
                12.6715227,
                49.9498884
              ],
              [
                12.6718806,
                49.9499973
              ],
              [
                12.6719946,
                49.9500569
              ],
              [
                12.6720474,
                49.9500265
              ],
              [
                12.6723762,
                49.9499621
              ],
              [
                12.6726798,
                49.9499295
              ],
              [
                12.6727288,
                49.9499242
              ],
              [
                12.6728548,
                49.9499469
              ],
              [
                12.6728748,
                49.9499229
              ],
              [
                12.6729434,
                49.9498754
              ],
              [
                12.672834,
                49.9495994
              ],
              [
                12.6730649,
                49.9493139
              ],
              [
                12.672993,
                49.94905
              ],
              [
                12.6729525,
                49.9486412
              ],
              [
                12.6728899,
                49.9478964
              ],
              [
                12.6730332,
                49.9478892
              ],
              [
                12.6735654,
                49.9480302
              ],
              [
                12.6739925,
                49.9481684
              ],
              [
                12.6741446,
                49.9481867
              ],
              [
                12.6745832,
                49.9482863
              ],
              [
                12.6746228,
                49.9482473
              ],
              [
                12.6747137,
                49.9481576
              ],
              [
                12.6751081,
                49.948344
              ],
              [
                12.6753385,
                49.9483567
              ],
              [
                12.6758565,
                49.9479118
              ],
              [
                12.6758874,
                49.9478854
              ],
              [
                12.6759108,
                49.9478652
              ],
              [
                12.6760611,
                49.9472884
              ],
              [
                12.6757978,
                49.9471861
              ],
              [
                12.6757773,
                49.9471212
              ],
              [
                12.6757531,
                49.9470439
              ],
              [
                12.6756708,
                49.9470259
              ],
              [
                12.6755534,
                49.9470026
              ],
              [
                12.6754315,
                49.9466546
              ],
              [
                12.6753717,
                49.9463211
              ],
              [
                12.6753047,
                49.9458198
              ],
              [
                12.6752786,
                49.9455428
              ],
              [
                12.6752663,
                49.9453299
              ],
              [
                12.6752651,
                49.9453107
              ],
              [
                12.675281,
                49.9452367
              ],
              [
                12.6766951,
                49.9460409
              ],
              [
                12.6768499,
                49.9461306
              ],
              [
                12.6784024,
                49.9470301
              ],
              [
                12.6784836,
                49.9470775
              ],
              [
                12.6788881,
                49.9473195
              ],
              [
                12.6795946,
                49.9477356
              ],
              [
                12.6799837,
                49.9479648
              ],
              [
                12.6802301,
                49.9481072
              ],
              [
                12.6802323,
                49.9480446
              ],
              [
                12.6803906,
                49.948771
              ],
              [
                12.6805038,
                49.9490715
              ],
              [
                12.6795472,
                49.9493845
              ],
              [
                12.6796549,
                49.9494233
              ],
              [
                12.6796888,
                49.9495224
              ],
              [
                12.6798577,
                49.9498037
              ],
              [
                12.6800068,
                49.9499577
              ],
              [
                12.6800898,
                49.9500903
              ],
              [
                12.680098,
                49.9502383
              ],
              [
                12.6801745,
                49.9505281
              ],
              [
                12.6804835,
                49.9510756
              ],
              [
                12.6806907,
                49.951357
              ],
              [
                12.6809541,
                49.9516414
              ],
              [
                12.6810928,
                49.9518508
              ],
              [
                12.6812212,
                49.9519453
              ],
              [
                12.6815379,
                49.9522824
              ],
              [
                12.6820138,
                49.9524461
              ],
              [
                12.6822845,
                49.9524502
              ],
              [
                12.6821681,
                49.9528072
              ],
              [
                12.682165,
                49.952807
              ],
              [
                12.6821685,
                49.9528677
              ],
              [
                12.6821745,
                49.9529778
              ],
              [
                12.6821835,
                49.953009
              ],
              [
                12.6822464,
                49.9532226
              ],
              [
                12.6822467,
                49.953241
              ],
              [
                12.682265,
                49.9532826
              ],
              [
                12.6823171,
                49.9533996
              ],
              [
                12.6823164,
                49.9534512
              ],
              [
                12.6823201,
                49.9535411
              ],
              [
                12.6823152,
                49.9535987
              ],
              [
                12.6822354,
                49.9537103
              ],
              [
                12.682215,
                49.9537366
              ],
              [
                12.682018,
                49.9539757
              ],
              [
                12.6815968,
                49.9541235
              ],
              [
                12.6812531,
                49.9542411
              ],
              [
                12.6812163,
                49.9542524
              ],
              [
                12.680888,
                49.9543481
              ],
              [
                12.6806378,
                49.9543877
              ],
              [
                12.6800631,
                49.954468
              ],
              [
                12.6799011,
                49.9544973
              ],
              [
                12.6794938,
                49.9545658
              ],
              [
                12.6787141,
                49.9547725
              ],
              [
                12.6782002,
                49.9550113
              ],
              [
                12.6777085,
                49.9553019
              ],
              [
                12.6773652,
                49.9555302
              ],
              [
                12.6769422,
                49.9558131
              ],
              [
                12.6769325,
                49.9558197
              ],
              [
                12.6769254,
                49.9558243
              ],
              [
                12.6767758,
                49.9559222
              ],
              [
                12.6762732,
                49.9561413
              ],
              [
                12.6759264,
                49.9563953
              ],
              [
                12.6756877,
                49.9567661
              ],
              [
                12.6756702,
                49.9567928
              ],
              [
                12.6756296,
                49.9568598
              ],
              [
                12.6755355,
                49.9568401
              ],
              [
                12.6754669,
                49.9569421
              ],
              [
                12.6731855,
                49.957232
              ],
              [
                12.673155,
                49.9572358
              ],
              [
                12.6730889,
                49.9572436
              ],
              [
                12.6707357,
                49.957543
              ],
              [
                12.6707208,
                49.9575438
              ],
              [
                12.6696946,
                49.9576955
              ],
              [
                12.6685638,
                49.9578235
              ],
              [
                12.6682355,
                49.9578629
              ],
              [
                12.6681705,
                49.9578712
              ],
              [
                12.6680796,
                49.9578831
              ],
              [
                12.6680253,
                49.9578902
              ],
              [
                12.6678514,
                49.9579129
              ],
              [
                12.6676399,
                49.9579403
              ],
              [
                12.6675716,
                49.9579493
              ],
              [
                12.667498,
                49.9579588
              ],
              [
                12.6673359,
                49.9579798
              ],
              [
                12.6672771,
                49.9579869
              ],
              [
                12.667206,
                49.9579963
              ],
              [
                12.666916,
                49.9580285
              ],
              [
                12.6667075,
                49.9580537
              ],
              [
                12.666507,
                49.958078
              ],
              [
                12.6664535,
                49.9580845
              ],
              [
                12.666376,
                49.9580939
              ],
              [
                12.6663461,
                49.9580975
              ],
              [
                12.666779,
                49.9574192
              ],
              [
                12.6668564,
                49.9572019
              ],
              [
                12.6669033,
                49.9569033
              ],
              [
                12.666895,
                49.9567971
              ],
              [
                12.6668915,
                49.9567558
              ],
              [
                12.6668452,
                49.9562066
              ],
              [
                12.6667419,
                49.9548626
              ],
              [
                12.6666956,
                49.9542097
              ],
              [
                12.666688,
                49.9541039
              ],
              [
                12.6666812,
                49.9540085
              ],
              [
                12.6666177,
                49.9530368
              ],
              [
                12.6665962,
                49.9526908
              ]
            ]
          ]
        ]
      },
      "properties": {
        "zdroj": "RÚIAN",
        "kod_zsj": "91651",
        "nazev": "Rybníky",
        "kod_ku": "691607",
        "vymera_m2": 869877,
        "definicni_bod_sjtsk": [
          -868871.0,
          -1039343.0
        ]
      }
    },
    {
      "type": "Feature",
      "geometry": {
        "type": "MultiPolygon",
        "coordinates": [
          [
            [
              [
                12.6889402,
                49.949922
              ],
              [
                12.6884453,
                49.9497298
              ],
              [
                12.6871568,
                49.9492542
              ],
              [
                12.686606,
                49.9490036
              ],
              [
                12.6860377,
                49.9492316
              ],
              [
                12.6856576,
                49.9491329
              ],
              [
                12.6854923,
                49.9490917
              ],
              [
                12.685271,
                49.9490203
              ],
              [
                12.6851157,
                49.9488971
              ],
              [
                12.6850504,
                49.9487388
              ],
              [
                12.6850116,
                49.9485231
              ],
              [
                12.6850818,
                49.9483702
              ],
              [
                12.6842145,
                49.9482198
              ],
              [
                12.6839068,
                49.9481659
              ],
              [
                12.6829698,
                49.9478556
              ],
              [
                12.6821605,
                49.9475817
              ],
              [
                12.6809938,
                49.9471499
              ],
              [
                12.6812744,
                49.9464233
              ],
              [
                12.6815943,
                49.9448958
              ],
              [
                12.6816043,
                49.9445323
              ],
              [
                12.6818192,
                49.9437098
              ],
              [
                12.6821664,
                49.9424059
              ],
              [
                12.6823501,
                49.9418778
              ],
              [
                12.6825141,
                49.9415404
              ],
              [
                12.6829526,
                49.9406392
              ],
              [
                12.682979,
                49.9405851
              ],
              [
                12.6833349,
                49.9401438
              ],
              [
                12.6832417,
                49.9398931
              ],
              [
                12.6833612,
                49.9396721
              ],
              [
                12.6833837,
                49.9396301
              ],
              [
                12.6844722,
                49.9396559
              ],
              [
                12.6847048,
                49.9396614
              ],
              [
                12.6861293,
                49.9396962
              ],
              [
                12.6870888,
                49.9397198
              ],
              [
                12.6871265,
                49.9397383
              ],
              [
                12.6871704,
                49.939743
              ],
              [
                12.6875824,
                49.9397023
              ],
              [
                12.6880475,
                49.9396563
              ],
              [
                12.6880976,
                49.9396513
              ],
              [
                12.6881184,
                49.9396492
              ],
              [
                12.6883551,
                49.9396458
              ],
              [
                12.6883888,
                49.9396452
              ],
              [
                12.6885697,
                49.9396422
              ],
              [
                12.6901544,
                49.9396147
              ],
              [
                12.690214,
                49.9396274
              ],
              [
                12.6903149,
                49.9398198
              ],
              [
                12.6904925,
                49.9399354
              ],
              [
                12.6908485,
                49.9403223
              ],
              [
                12.6910547,
                49.9405214
              ],
              [
                12.691304,
                49.9407954
              ],
              [
                12.6915754,
                49.9408742
              ],
              [
                12.6916578,
                49.9411718
              ],
              [
                12.6918666,
                49.9412985
              ],
              [
                12.6922027,
                49.9415538
              ],
              [
                12.6922405,
                49.9415829
              ],
              [
                12.692297,
                49.9416088
              ],
              [
                12.6924456,
                49.9416413
              ],
              [
                12.6928777,
                49.9416996
              ],
              [
                12.6933004,
                49.9417147
              ],
              [
                12.6938225,
                49.941734
              ],
              [
                12.6941198,
                49.941721
              ],
              [
                12.6945491,
                49.9417409
              ],
              [
                12.6950893,
                49.9417305
              ],
              [
                12.6954466,
                49.9417424
              ],
              [
                12.6963214,
                49.9416989
              ],
              [
                12.6967079,
                49.9416495
              ],
              [
                12.6969439,
                49.941637
              ],
              [
                12.6973062,
                49.9416725
              ],
              [
                12.6975018,
                49.9416787
              ],
              [
                12.6977326,
                49.94164
              ],
              [
                12.6978478,
                49.9416155
              ],
              [
                12.698052,
                49.9415969
              ],
              [
                12.6994763,
                49.9415139
              ],
              [
                12.6994811,
                49.9421818
              ],
              [
                12.6993995,
                49.942729
              ],
              [
                12.6993617,
                49.9428818
              ],
              [
                12.6992948,
                49.9429903
              ],
              [
                12.6991002,
                49.9432399
              ],
              [
                12.6989078,
                49.9435043
              ],
              [
                12.6987038,
                49.9437467
              ],
              [
                12.6983855,
                49.9440484
              ],
              [
                12.6981366,
                49.9442933
              ],
              [
                12.6979304,
                49.9444998
              ],
              [
                12.6978561,
                49.9446203
              ],
              [
                12.6977785,
                49.9447547
              ],
              [
                12.6976933,
                49.9448741
              ],
              [
                12.6974904,
                49.945024
              ],
              [
                12.6970391,
                49.9452834
              ],
              [
                12.6967267,
                49.9454291
              ],
              [
                12.6965389,
                49.9454736
              ],
              [
                12.6962752,
                49.9454248
              ],
              [
                12.6951812,
                49.9457681
              ],
              [
                12.6950131,
                49.9458302
              ],
              [
                12.6930366,
                49.9466939
              ],
              [
                12.6932021,
                49.9469183
              ],
              [
                12.6928585,
                49.9470699
              ],
              [
                12.6927846,
                49.9471213
              ],
              [
                12.692732,
                49.9472096
              ],
              [
                12.6926599,
                49.9473451
              ],
              [
                12.6925456,
                49.9474663
              ],
              [
                12.6923685,
                49.9476025
              ],
              [
                12.6921762,
                49.9477646
              ],
              [
                12.6917897,
                49.9480138
              ],
              [
                12.6912523,
                49.9482686
              ],
              [
                12.6905848,
                49.9485802
              ],
              [
                12.6902531,
                49.9487808
              ],
              [
                12.690077,
                49.9487823
              ],
              [
                12.6898406,
                49.948702
              ],
              [
                12.6897565,
                49.9488059
              ],
              [
                12.6895478,
                49.949062
              ],
              [
                12.6892648,
                49.9494492
              ],
              [
                12.6890915,
                49.9496941
              ],
              [
                12.6890024,
                49.949846
              ],
              [
                12.6889402,
                49.949922
              ]
            ]
          ]
        ]
      },
      "properties": {
        "zdroj": "RÚIAN",
        "kod_zsj": "91669",
        "nazev": "Hamrnický les",
        "kod_ku": "691607",
        "vymera_m2": 937180,
        "definicni_bod_sjtsk": [
          -867840.0,
          -1040510.0
        ]
      }
    },
    {
      "type": "Feature",
      "geometry": {
        "type": "MultiPolygon",
        "coordinates": [
          [
            [
              [
                12.7045849,
                49.9694364
              ],
              [
                12.7045863,
                49.9694088
              ],
              [
                12.7045955,
                49.9692865
              ],
              [
                12.7047612,
                49.9688307
              ],
              [
                12.7049686,
                49.9686109
              ],
              [
                12.7051077,
                49.9684773
              ],
              [
                12.7051506,
                49.9684469
              ],
              [
                12.705563,
                49.9681591
              ],
              [
                12.7052681,
                49.9681317
              ],
              [
                12.7054871,
                49.9679491
              ],
              [
                12.7055967,
                49.9678201
              ],
              [
                12.7058992,
                49.967417
              ],
              [
                12.7059736,
                49.9673475
              ],
              [
                12.7060563,
                49.9671298
              ],
              [
                12.7063092,
                49.9666986
              ],
              [
                12.7065005,
                49.9663715
              ],
              [
                12.7065834,
                49.9662153
              ],
              [
                12.7067031,
                49.9659564
              ],
              [
                12.7067543,
                49.9658474
              ],
              [
                12.7068792,
                49.9654645
              ],
              [
                12.7072089,
                49.9649334
              ],
              [
                12.7072733,
                49.9649096
              ],
              [
                12.7072827,
                49.9649064
              ],
              [
                12.7074075,
                49.9648631
              ],
              [
                12.7075629,
                49.964461
              ],
              [
                12.7078366,
                49.9645835
              ],
              [
                12.7079013,
                49.9645094
              ],
              [
                12.7079165,
                49.9644918
              ],
              [
                12.7079368,
                49.9644711
              ],
              [
                12.7079433,
                49.9644722
              ],
              [
                12.7079485,
                49.9644591
              ],
              [
                12.7079548,
                49.9644528
              ],
              [
                12.7079617,
                49.9644317
              ],
              [
                12.7079752,
                49.9643966
              ],
              [
                12.7079898,
                49.9643632
              ],
              [
                12.7080828,
                49.9641413
              ],
              [
                12.7081607,
                49.963951
              ],
              [
                12.7081694,
                49.9639302
              ],
              [
                12.7082447,
                49.9637512
              ],
              [
                12.7083691,
                49.9633579
              ],
              [
                12.7084345,
                49.9633345
              ],
              [
                12.7084887,
                49.9633152
              ],
              [
                12.7087589,
                49.9629234
              ],
              [
                12.7087809,
                49.9628293
              ],
              [
                12.708858,
                49.9627068
              ],
              [
                12.7085535,
                49.9626268
              ],
              [
                12.7084863,
                49.9626092
              ],
              [
                12.7085656,
                49.962441
              ],
              [
                12.7088473,
                49.9619962
              ],
              [
                12.7085841,
                49.9618777
              ],
              [
                12.7083107,
                49.96177
              ],
              [
                12.7081362,
                49.9616447
              ],
              [
                12.7083739,
                49.9612959
              ],
              [
                12.7083644,
                49.9612337
              ],
              [
                12.7085351,
                49.9608755
              ],
              [
                12.7087316,
                49.9606791
              ],
              [
                12.7090073,
                49.9606006
              ],
              [
                12.7091097,
                49.9605391
              ],
              [
                12.7093571,
                49.9602969
              ],
              [
                12.7095636,
                49.9601449
              ],
              [
                12.709604,
                49.9600849
              ],
              [
                12.709741,
                49.9597614
              ],
              [
                12.709981,
                49.9596985
              ],
              [
                12.7101525,
                49.9595988
              ],
              [
                12.7101878,
                49.9593389
              ],
              [
                12.7101979,
                49.9592646
              ],
              [
                12.7103764,
                49.9591126
              ],
              [
                12.7104323,
                49.9591193
              ],
              [
                12.7105516,
                49.9591308
              ],
              [
                12.7106761,
                49.9591368
              ],
              [
                12.7109887,
                49.9591373
              ],
              [
                12.711368,
                49.9591091
              ],
              [
                12.7115897,
                49.9590833
              ],
              [
                12.7122165,
                49.9589495
              ],
              [
                12.7125008,
                49.9588589
              ],
              [
                12.7128888,
                49.9587266
              ],
              [
                12.7132229,
                49.9585999
              ],
              [
                12.713606,
                49.9584564
              ],
              [
                12.7139222,
                49.9583385
              ],
              [
                12.7141602,
                49.9582243
              ],
              [
                12.7143954,
                49.9581212
              ],
              [
                12.7146675,
                49.9580142
              ],
              [
                12.7149379,
                49.9578585
              ],
              [
                12.7151371,
                49.9577366
              ],
              [
                12.7153233,
                49.9575778
              ],
              [
                12.7155147,
                49.9573892
              ],
              [
                12.7156866,
                49.9571894
              ],
              [
                12.7158292,
                49.9569383
              ],
              [
                12.7158861,
                49.9567809
              ],
              [
                12.7159493,
                49.9566467
              ],
              [
                12.716033,
                49.9564238
              ],
              [
                12.7161191,
                49.9561299
              ],
              [
                12.7162604,
                49.955889
              ],
              [
                12.7163243,
                49.9557452
              ],
              [
                12.7164681,
                49.9555507
              ],
              [
                12.716633,
                49.9553548
              ],
              [
                12.7168133,
                49.9551759
              ],
              [
                12.7170011,
                49.9550315
              ],
              [
                12.7171655,
                49.9548997
              ],
              [
                12.7174481,
                49.9547226
              ],
              [
                12.7176962,
                49.9545908
              ],
              [
                12.7178485,
                49.9545165
              ],
              [
                12.718019,
                49.9544629
              ],
              [
                12.7181459,
                49.9543972
              ],
              [
                12.7183289,
                49.9543863
              ],
              [
                12.7185386,
                49.9542942
              ],
              [
                12.7188528,
                49.954237
              ],
              [
                12.7191075,
                49.9541848
              ],
              [
                12.7193683,
                49.9541327
              ],
              [
                12.7198158,
                49.9540506
              ],
              [
                12.7200557,
                49.954005
              ],
              [
                12.7203876,
                49.9539546
              ],
              [
                12.720688,
                49.9538964
              ],
              [
                12.7208888,
                49.9538478
              ],
              [
                12.7211911,
                49.9537535
              ],
              [
                12.721437,
                49.9536629
              ],
              [
                12.7216398,
                49.9535638
              ],
              [
                12.7218242,
                49.9534259
              ],
              [
                12.7219951,
                49.9532603
              ],
              [
                12.7222319,
                49.9529724
              ],
              [
                12.7225364,
                49.952547
              ],
              [
                12.7229083,
                49.9520176
              ],
              [
                12.7230541,
                49.9517942
              ],
              [
                12.7231535,
                49.9516503
              ],
              [
                12.7234074,
                49.9513079
              ],
              [
                12.7236237,
                49.9510838
              ],
              [
                12.7238803,
                49.950897
              ],
              [
                12.7242229,
                49.950701
              ],
              [
                12.7245292,
                49.9505335
              ],
              [
                12.724812,
                49.950404
              ],
              [
                12.7251866,
                49.9502813
              ],
              [
                12.7256065,
                49.9501644
              ],
              [
                12.726015,
                49.9500719
              ],
              [
                12.7265413,
                49.9499705
              ],
              [
                12.7268742,
                49.9498947
              ],
              [
                12.7272664,
                49.9497794
              ],
              [
                12.7276097,
                49.9496443
              ],
              [
                12.7278444,
                49.9495486
              ],
              [
                12.7280874,
                49.9494694
              ],
              [
                12.7282323,
                49.9496808
              ],
              [
                12.7284258,
                49.949546
              ],
              [
                12.7288457,
                49.9492695
              ],
              [
                12.7290115,
                49.9489083
              ],
              [
                12.7290536,
                49.9487937
              ],
              [
                12.729206,
                49.9486921
              ],
              [
                12.7293242,
                49.9485431
              ],
              [
                12.7294345,
                49.9483086
              ],
              [
                12.7294311,
                49.9481843
              ],
              [
                12.7294312,
                49.9480806
              ],
              [
                12.7297376,
                49.9480958
              ],
              [
                12.7299296,
                49.9481363
              ],
              [
                12.7299603,
                49.9481536
              ],
              [
                12.7300063,
                49.9481796
              ],
              [
                12.7301247,
                49.9482467
              ],
              [
                12.7302191,
                49.9483205
              ],
              [
                12.7302897,
                49.9483757
              ],
              [
                12.7302535,
                49.9486903
              ],
              [
                12.7302475,
                49.9487429
              ],
              [
                12.7308049,
                49.9490595
              ],
              [
                12.730925,
                49.9490873
              ],
              [
                12.7309311,
                49.94911
              ],
              [
                12.7310422,
                49.9494088
              ],
              [
                12.7310797,
                49.949807
              ],
              [
                12.7312927,
                49.9501296
              ],
              [
                12.7315003,
                49.950283
              ],
              [
                12.7315522,
                49.9503278
              ],
              [
                12.7311724,
                49.950457
              ],
              [
                12.7310719,
                49.9505864
              ],
              [
                12.7313352,
                49.950758
              ],
              [
                12.7318285,
                49.9506825
              ],
              [
                12.7320046,
                49.9505761
              ],
              [
                12.732038,
                49.9505888
              ],
              [
                12.7321026,
                49.9506133
              ],
              [
                12.7321284,
                49.9506394
              ],
              [
                12.732373,
                49.9505094
              ],
              [
                12.7326041,
                49.9503865
              ],
              [
                12.7326411,
                49.9503916
              ],
              [
                12.7326687,
                49.9503999
              ],
              [
                12.7327422,
                49.9504191
              ],
              [
                12.7327636,
                49.9504246
              ],
              [
                12.7328033,
                49.9504398
              ],
              [
                12.7329128,
                49.9503824
              ],
              [
                12.7330866,
                49.9503681
              ],
              [
                12.7332882,
                49.9503745
              ],
              [
                12.7339283,
                49.9503295
              ],
              [
                12.7341612,
                49.9504823
              ],
              [
                12.7346743,
                49.9508186
              ],
              [
                12.7344568,
                49.9509214
              ],
              [
                12.7342942,
                49.9510045
              ],
              [
                12.7340572,
                49.9511205
              ],
              [
                12.7341349,
                49.9511693
              ],
              [
                12.7340795,
                49.9512852
              ],
              [
                12.7340192,
                49.9517813
              ],
              [
                12.7339664,
                49.9520193
              ],
              [
                12.7339058,
                49.9522047
              ],
              [
                12.7338136,
                49.9524088
              ],
              [
                12.7334968,
                49.9529848
              ],
              [
                12.7334926,
                49.9529948
              ],
              [
                12.7333491,
                49.9532485
              ],
              [
                12.7332246,
                49.9534117
              ],
              [
                12.732957,
                49.9536659
              ],
              [
                12.7324281,
                49.9541506
              ],
              [
                12.7322786,
                49.9543049
              ],
              [
                12.7320886,
                49.9545713
              ],
              [
                12.7314705,
                49.9557664
              ],
              [
                12.7314359,
                49.9558126
              ],
              [
                12.7313404,
                49.9559402
              ],
              [
                12.7313089,
                49.9560039
              ],
              [
                12.7311554,
                49.956194
              ],
              [
                12.7311014,
                49.9563564
              ],
              [
                12.7311178,
                49.9564864
              ],
              [
                12.7311905,
                49.9567039
              ],
              [
                12.731281,
                49.956928
              ],
              [
                12.7313095,
                49.9570614
              ],
              [
                12.7313184,
                49.9576476
              ],
              [
                12.7312974,
                49.9577755
              ],
              [
                12.7312413,
                49.9579893
              ],
              [
                12.7312334,
                49.958021
              ],
              [
                12.7311111,
                49.9583757
              ],
              [
                12.7311071,
                49.9583885
              ],
              [
                12.7309684,
                49.9588114
              ],
              [
                12.7307024,
                49.9596328
              ],
              [
                12.7306882,
                49.959717
              ],
              [
                12.7306794,
                49.9599174
              ],
              [
                12.7307275,
                49.9601625
              ],
              [
                12.7307797,
                49.9603016
              ],
              [
                12.7308262,
                49.9604301
              ],
              [
                12.7309281,
                49.960582
              ],
              [
                12.7310923,
                49.9607273
              ],
              [
                12.7311465,
                49.9607592
              ],
              [
                12.7313504,
                49.9608804
              ],
              [
                12.7317711,
                49.961131
              ],
              [
                12.7318635,
                49.9612484
              ],
              [
                12.7319602,
                49.9614393
              ],
              [
                12.7319671,
                49.9614876
              ],
              [
                12.7319837,
                49.9615717
              ],
              [
                12.7319545,
                49.9617573
              ],
              [
                12.7318205,
                49.9623319
              ],
              [
                12.7316635,
                49.9627558
              ],
              [
                12.7318151,
                49.9627821
              ],
              [
                12.7314446,
                49.963543
              ],
              [
                12.7310607,
                49.96443
              ],
              [
                12.7306685,
                49.9653127
              ],
              [
                12.730503,
                49.9656856
              ],
              [
                12.7303358,
                49.9660318
              ],
              [
                12.7302238,
                49.9662337
              ],
              [
                12.7301008,
                49.9663624
              ],
              [
                12.7299238,
                49.9664924
              ],
              [
                12.7296313,
                49.9666805
              ],
              [
                12.7294944,
                49.96679
              ],
              [
                12.7293217,
                49.9668718
              ],
              [
                12.7289569,
                49.9669517
              ],
              [
                12.7285305,
                49.9671267
              ],
              [
                12.728121,
                49.9672752
              ],
              [
                12.7276122,
                49.967423
              ],
              [
                12.7273906,
                49.9674937
              ],
              [
                12.7270674,
                49.9675917
              ],
              [
                12.7263799,
                49.9677833
              ],
              [
                12.7257745,
                49.9679636
              ],
              [
                12.7252189,
                49.9681237
              ],
              [
                12.7249927,
                49.968192
              ],
              [
                12.7246883,
                49.96828
              ],
              [
                12.7242083,
                49.9684136
              ],
              [
                12.7234677,
                49.9686348
              ],
              [
                12.7231123,
                49.9687795
              ],
              [
                12.7230228,
                49.9687317
              ],
              [
                12.7229677,
                49.9687968
              ],
              [
                12.7228801,
                49.9689797
              ],
              [
                12.7224392,
                49.9690727
              ],
              [
                12.7220101,
                49.9691642
              ],
              [
                12.721998,
                49.9691361
              ],
              [
                12.7218151,
                49.9691809
              ],
              [
                12.7214545,
                49.9692718
              ],
              [
                12.7210506,
                49.9693215
              ],
              [
                12.7208027,
                49.9693521
              ],
              [
                12.7204166,
                49.9693972
              ],
              [
                12.720359,
                49.9694043
              ],
              [
                12.7201536,
                49.9694284
              ],
              [
                12.7197205,
                49.9694899
              ],
              [
                12.719477,
                49.9695303
              ],
              [
                12.7194355,
                49.9696091
              ],
              [
                12.7193297,
                49.969654
              ],
              [
                12.719276,
                49.9695936
              ],
              [
                12.7191003,
                49.9695548
              ],
              [
                12.7189726,
                49.9695669
              ],
              [
                12.7186117,
                49.9696467
              ],
              [
                12.7181908,
                49.9698125
              ],
              [
                12.7175513,
                49.9700712
              ],
              [
                12.7175708,
                49.9701063
              ],
              [
                12.7173121,
                49.9702314
              ],
              [
                12.7169709,
                49.9704065
              ],
              [
                12.7163724,
                49.970541
              ],
              [
                12.7161598,
                49.9706552
              ],
              [
                12.7158474,
                49.9708281
              ],
              [
                12.7154701,
                49.971055
              ],
              [
                12.7151483,
                49.9711914
              ],
              [
                12.7149434,
                49.9712644
              ],
              [
                12.714475,
                49.9715203
              ],
              [
                12.7140892,
                49.9719282
              ],
              [
                12.7140358,
                49.9719873
              ],
              [
                12.7139618,
                49.9720658
              ],
              [
                12.7139071,
                49.9720697
              ],
              [
                12.7135715,
                49.9720933
              ],
              [
                12.7135244,
                49.9720956
              ],
              [
                12.7134732,
                49.9721002
              ],
              [
                12.7126548,
                49.9721568
              ],
              [
                12.7120687,
                49.972199
              ],
              [
                12.7118874,
                49.9722118
              ],
              [
                12.7116996,
                49.9722528
              ],
              [
                12.7116809,
                49.9722569
              ],
              [
                12.7113348,
                49.9724168
              ],
              [
                12.7112553,
                49.9724536
              ],
              [
                12.7110684,
                49.97254
              ],
              [
                12.7103968,
                49.9727034
              ],
              [
                12.7101902,
                49.9724272
              ],
              [
                12.7098603,
                49.9721696
              ],
              [
                12.7088417,
                49.9714412
              ],
              [
                12.7085018,
                49.9712134
              ],
              [
                12.7084703,
                49.9711923
              ],
              [
                12.7081467,
                49.9709855
              ],
              [
                12.7080558,
                49.9709926
              ],
              [
                12.7080216,
                49.970987
              ],
              [
                12.7073225,
                49.9707066
              ],
              [
                12.7068236,
                49.9705599
              ],
              [
                12.7066139,
                49.9703973
              ],
              [
                12.7063156,
                49.9701807
              ],
              [
                12.7060393,
                49.9699703
              ],
              [
                12.7056052,
                49.9698201
              ],
              [
                12.7054745,
                49.9697604
              ],
              [
                12.7054611,
                49.9697535
              ],
              [
                12.7051776,
                49.9696002
              ],
              [
                12.7050838,
                49.9695509
              ],
              [
                12.7048456,
                49.9694901
              ],
              [
                12.7047024,
                49.9694592
              ],
              [
                12.7045849,
                49.9694364
              ]
            ]
          ]
        ]
      },
      "properties": {
        "zdroj": "RÚIAN",
        "kod_zsj": "319309",
        "nazev": "Lázeňský areál-východ",
        "kod_ku": "691607",
        "vymera_m2": 3014987,
        "definicni_bod_sjtsk": [
          -865588.0,
          -1037969.0
        ]
      }
    },
    {
      "type": "Feature",
      "geometry": {
        "type": "MultiPolygon",
        "coordinates": [
          [
            [
              [
                12.683667,
                49.9636325
              ],
              [
                12.6832511,
                49.9635787
              ],
              [
                12.6833095,
                49.9635263
              ],
              [
                12.6830982,
                49.9634725
              ],
              [
                12.6829262,
                49.9634288
              ],
              [
                12.6829179,
                49.9634266
              ],
              [
                12.6825909,
                49.9633145
              ],
              [
                12.6818891,
                49.9630447
              ],
              [
                12.6816844,
                49.9629792
              ],
              [
                12.6818035,
                49.9624109
              ],
              [
                12.6821654,
                49.9620699
              ],
              [
                12.6824658,
                49.9618663
              ],
              [
                12.6826751,
                49.9617314
              ],
              [
                12.6830813,
                49.9615909
              ],
              [
                12.6833589,
                49.9615606
              ],
              [
                12.6835287,
                49.9614451
              ],
              [
                12.6837224,
                49.9613262
              ],
              [
                12.683909,
                49.9612568
              ],
              [
                12.6839998,
                49.9611817
              ],
              [
                12.6845054,
                49.9607514
              ],
              [
                12.6853632,
                49.9602619
              ],
              [
                12.6865339,
                49.959912
              ],
              [
                12.6865846,
                49.9598695
              ],
              [
                12.6867698,
                49.9597257
              ],
              [
                12.6869472,
                49.959588
              ],
              [
                12.6872177,
                49.9593879
              ],
              [
                12.6877532,
                49.9591733
              ],
              [
                12.6891745,
                49.9587233
              ],
              [
                12.6893051,
                49.9588964
              ],
              [
                12.6894345,
                49.9590676
              ],
              [
                12.6897909,
                49.9589463
              ],
              [
                12.6901162,
                49.9588356
              ],
              [
                12.6902469,
                49.9587911
              ],
              [
                12.6904078,
                49.9587364
              ],
              [
                12.6906361,
                49.9586587
              ],
              [
                12.6906468,
                49.9586554
              ],
              [
                12.6910391,
                49.9585363
              ],
              [
                12.6911114,
                49.9585143
              ],
              [
                12.6911179,
                49.9584624
              ],
              [
                12.6911269,
                49.9584596
              ],
              [
                12.6911782,
                49.9584439
              ],
              [
                12.691865,
                49.9582274
              ],
              [
                12.6919875,
                49.9581879
              ],
              [
                12.6926121,
                49.9579896
              ],
              [
                12.6926569,
                49.9579765
              ],
              [
                12.6926785,
                49.9579701
              ],
              [
                12.6927096,
                49.9579611
              ],
              [
                12.6927386,
                49.9579957
              ],
              [
                12.6927651,
                49.9580272
              ],
              [
                12.6927897,
                49.9580585
              ],
              [
                12.6928066,
                49.9580952
              ],
              [
                12.6928809,
                49.9582567
              ],
              [
                12.692901,
                49.9583004
              ],
              [
                12.6929207,
                49.9583431
              ],
              [
                12.6929519,
                49.9583571
              ],
              [
                12.6929852,
                49.9583722
              ],
              [
                12.6930246,
                49.9583899
              ],
              [
                12.6931331,
                49.9584125
              ],
              [
                12.6931494,
                49.9584035
              ],
              [
                12.6931751,
                49.9584011
              ],
              [
                12.6932754,
                49.9583915
              ],
              [
                12.6932759,
                49.9583931
              ],
              [
                12.6937739,
                49.958357
              ],
              [
                12.6938552,
                49.9583511
              ],
              [
                12.6938599,
                49.9583591
              ],
              [
                12.6939127,
                49.9584457
              ],
              [
                12.693926,
                49.9584688
              ],
              [
                12.6939734,
                49.9585477
              ],
              [
                12.6939787,
                49.9585564
              ],
              [
                12.6939859,
                49.9585684
              ],
              [
                12.6940245,
                49.9586326
              ],
              [
                12.69405,
                49.958675
              ],
              [
                12.6941929,
                49.9589295
              ],
              [
                12.6942488,
                49.9589693
              ],
              [
                12.6943252,
                49.9591418
              ],
              [
                12.694341,
                49.9591389
              ],
              [
                12.6943903,
                49.9591298
              ],
              [
                12.6944841,
                49.9593419
              ],
              [
                12.6943533,
                49.9593662
              ],
              [
                12.6943572,
                49.9593747
              ],
              [
                12.6944094,
                49.9594783
              ],
              [
                12.6941719,
                49.9595282
              ],
              [
                12.693765,
                49.9596012
              ],
              [
                12.6936413,
                49.9596233
              ],
              [
                12.6936166,
                49.9596277
              ],
              [
                12.6934737,
                49.9596534
              ],
              [
                12.6934765,
                49.9596602
              ],
              [
                12.6934795,
                49.9596676
              ],
              [
                12.6936202,
                49.9600116
              ],
              [
                12.6936744,
                49.9601442
              ],
              [
                12.6933112,
                49.960287
              ],
              [
                12.6933221,
                49.9603111
              ],
              [
                12.6933466,
                49.9603655
              ],
              [
                12.6935521,
                49.9608193
              ],
              [
                12.6936741,
                49.9617369
              ],
              [
                12.6937499,
                49.9620412
              ],
              [
                12.6937673,
                49.9621106
              ],
              [
                12.6938535,
                49.9624562
              ],
              [
                12.6941456,
                49.9625138
              ],
              [
                12.6944293,
                49.9624892
              ],
              [
                12.6952109,
                49.9623153
              ],
              [
                12.6952192,
                49.962212
              ],
              [
                12.6958717,
                49.9620657
              ],
              [
                12.6961148,
                49.9620112
              ],
              [
                12.6961263,
                49.9620086
              ],
              [
                12.696411,
                49.9621563
              ],
              [
                12.6965506,
                49.9622604
              ],
              [
                12.6966565,
                49.9622295
              ],
              [
                12.697009,
                49.9621201
              ],
              [
                12.6970128,
                49.962119
              ],
              [
                12.6970132,
                49.9621194
              ],
              [
                12.6970522,
                49.9621675
              ],
              [
                12.6970632,
                49.962179
              ],
              [
                12.697088,
                49.9622051
              ],
              [
                12.6970912,
                49.9622083
              ],
              [
                12.697102,
                49.9622214
              ],
              [
                12.6972885,
                49.9624466
              ],
              [
                12.6973413,
                49.9625133
              ],
              [
                12.6974998,
                49.9627026
              ],
              [
                12.6975276,
                49.962738
              ],
              [
                12.697574,
                49.9627913
              ],
              [
                12.6974678,
                49.9628315
              ],
              [
                12.697387,
                49.9628644
              ],
              [
                12.6973678,
                49.9628345
              ],
              [
                12.697195,
                49.9628806
              ],
              [
                12.6972252,
                49.9629275
              ],
              [
                12.6971738,
                49.9629477
              ],
              [
                12.6971432,
                49.9629568
              ],
              [
                12.696821,
                49.9630537
              ],
              [
                12.6969512,
                49.9632472
              ],
              [
                12.6970069,
                49.9633299
              ],
              [
                12.6970353,
                49.9633722
              ],
              [
                12.6972233,
                49.9636515
              ],
              [
                12.6972464,
                49.9636857
              ],
              [
                12.6973029,
                49.9637682
              ],
              [
                12.6974395,
                49.9639597
              ],
              [
                12.697446,
                49.9639688
              ],
              [
                12.6974839,
                49.9640215
              ],
              [
                12.6974738,
                49.9640243
              ],
              [
                12.6975225,
                49.9641017
              ],
              [
                12.6975385,
                49.9640974
              ],
              [
                12.6977539,
                49.9643974
              ],
              [
                12.6977729,
                49.9644237
              ],
              [
                12.6977685,
                49.9644463
              ],
              [
                12.6977637,
                49.964481
              ],
              [
                12.6977631,
                49.9644858
              ],
              [
                12.6973079,
                49.9644569
              ],
              [
                12.6972657,
                49.9644542
              ],
              [
                12.697201,
                49.9644501
              ],
              [
                12.6970993,
                49.9644434
              ],
              [
                12.6969449,
                49.9644333
              ],
              [
                12.6968404,
                49.9644264
              ],
              [
                12.6954134,
                49.9643329
              ],
              [
                12.695371,
                49.9643302
              ],
              [
                12.6952278,
                49.9643208
              ],
              [
                12.6931098,
                49.9641851
              ],
              [
                12.6928802,
                49.9641712
              ],
              [
                12.6912103,
                49.96407
              ],
              [
                12.6884604,
                49.9638824
              ],
              [
                12.6854669,
                49.9636828
              ],
              [
                12.6847313,
                49.9636373
              ],
              [
                12.6841615,
                49.9636302
              ],
              [
                12.6841518,
                49.963693
              ],
              [
                12.6839109,
                49.9636823
              ],
              [
                12.683753,
                49.9636589
              ],
              [
                12.6837405,
                49.9636551
              ],
              [
                12.6836818,
                49.9636368
              ],
              [
                12.6836687,
                49.9636327
              ],
              [
                12.683667,
                49.9636325
              ]
            ]
          ]
        ]
      },
      "properties": {
        "zdroj": "RÚIAN",
        "kod_zsj": "319317",
        "nazev": "Panská pole",
        "kod_ku": "691607",
        "vymera_m2": 407957,
        "definicni_bod_sjtsk": [
          -867562.0,
          -1038586.0
        ]
      }
    },
    {
      "type": "Feature",
      "geometry": {
        "type": "MultiPolygon",
        "coordinates": [
          [
            [
              [
                12.6949738,
                49.9528034
              ],
              [
                12.6950987,
                49.9524737
              ],
              [
                12.6951806,
                49.9523211
              ],
              [
                12.6953858,
                49.9522766
              ],
              [
                12.6962236,
                49.9518883
              ],
              [
                12.697168,
                49.9514578
              ],
              [
                12.6984495,
                49.9508988
              ],
              [
                12.6997853,
                49.9501507
              ],
              [
                12.6994711,
                49.9497866
              ],
              [
                12.7001721,
                49.9494925
              ],
              [
                12.7009396,
                49.9503259
              ],
              [
                12.7010218,
                49.9504272
              ],
              [
                12.7013922,
                49.9505938
              ],
              [
                12.7030381,
                49.9513154
              ],
              [
                12.7030364,
                49.9513886
              ],
              [
                12.7029725,
                49.9515249
              ],
              [
                12.7028756,
                49.9516975
              ],
              [
                12.7027484,
                49.951945
              ],
              [
                12.702604,
                49.952181
              ],
              [
                12.7024507,
                49.9524695
              ],
              [
                12.7023249,
                49.9526733
              ],
              [
                12.7021404,
                49.9529706
              ],
              [
                12.7019773,
                49.9532314
              ],
              [
                12.7017867,
                49.9534643
              ],
              [
                12.701608,
                49.9536569
              ],
              [
                12.7014949,
                49.9537675
              ],
              [
                12.7013757,
                49.9538666
              ],
              [
                12.7012165,
                49.9539993
              ],
              [
                12.701024,
                49.9541477
              ],
              [
                12.7007702,
                49.9543552
              ],
              [
                12.7005564,
                49.9545402
              ],
              [
                12.7005256,
                49.9545651
              ],
              [
                12.7004336,
                49.9546396
              ],
              [
                12.700192,
                49.9547943
              ],
              [
                12.7001302,
                49.9548293
              ],
              [
                12.7000227,
                49.9548902
              ],
              [
                12.6999475,
                49.9549328
              ],
              [
                12.699587,
                49.9551435
              ],
              [
                12.6993217,
                49.955273
              ],
              [
                12.6991281,
                49.9553667
              ],
              [
                12.6990162,
                49.9554364
              ],
              [
                12.6988154,
                49.9555163
              ],
              [
                12.6985429,
                49.9556251
              ],
              [
                12.698369,
                49.9556822
              ],
              [
                12.698372,
                49.9557377
              ],
              [
                12.6984065,
                49.9558568
              ],
              [
                12.6984341,
                49.9559758
              ],
              [
                12.6984451,
                49.9561472
              ],
              [
                12.6984404,
                49.9562542
              ],
              [
                12.6983702,
                49.9564154
              ],
              [
                12.698257,
                49.9565892
              ],
              [
                12.698192,
                49.9566386
              ],
              [
                12.6981526,
                49.9566052
              ],
              [
                12.6979795,
                49.9564793
              ],
              [
                12.6978373,
                49.9563747
              ],
              [
                12.6977891,
                49.9563393
              ],
              [
                12.6976998,
                49.9563374
              ],
              [
                12.6973886,
                49.9554638
              ],
              [
                12.6963429,
                49.9553707
              ],
              [
                12.696215,
                49.9553593
              ],
              [
                12.6962125,
                49.9554324
              ],
              [
                12.6962014,
                49.9557518
              ],
              [
                12.6961992,
                49.9558118
              ],
              [
                12.6960549,
                49.9558517
              ],
              [
                12.6960173,
                49.9558631
              ],
              [
                12.6958962,
                49.9558981
              ],
              [
                12.6956195,
                49.955762
              ],
              [
                12.6956056,
                49.955778
              ],
              [
                12.695568,
                49.9557592
              ],
              [
                12.6941962,
                49.9561984
              ],
              [
                12.6940834,
                49.9562397
              ],
              [
                12.6939536,
                49.9562879
              ],
              [
                12.6940901,
                49.9564471
              ],
              [
                12.693548,
                49.9566176
              ],
              [
                12.6928552,
                49.9568313
              ],
              [
                12.6926529,
                49.9568919
              ],
              [
                12.6921937,
                49.9570636
              ],
              [
                12.692152,
                49.9570728
              ],
              [
                12.6911877,
                49.9575372
              ],
              [
                12.6913053,
                49.9571127
              ],
              [
                12.6915128,
                49.9567617
              ],
              [
                12.6917681,
                49.9565057
              ],
              [
                12.6921985,
                49.956108
              ],
              [
                12.6926092,
                49.9558634
              ],
              [
                12.6930014,
                49.9554644
              ],
              [
                12.6931189,
                49.9553128
              ],
              [
                12.6932996,
                49.9552557
              ],
              [
                12.6939118,
                49.9552665
              ],
              [
                12.6939929,
                49.9552088
              ],
              [
                12.6950368,
                49.9547224
              ],
              [
                12.6942717,
                49.9542163
              ],
              [
                12.6940524,
                49.954078
              ],
              [
                12.694009,
                49.9538747
              ],
              [
                12.6944313,
                49.9537046
              ],
              [
                12.6947626,
                49.9535266
              ],
              [
                12.6952418,
                49.9532081
              ],
              [
                12.6953903,
                49.9530496
              ],
              [
                12.6954552,
                49.9530025
              ],
              [
                12.6949738,
                49.9528034
              ]
            ]
          ]
        ]
      },
      "properties": {
        "zdroj": "RÚIAN",
        "kod_zsj": "327913",
        "nazev": "Vora",
        "kod_ku": "691607",
        "vymera_m2": 289435,
        "definicni_bod_sjtsk": [
          -867068.0,
          -1039580.0
        ]
      }
    },
    {
      "type": "Feature",
      "geometry": {
        "type": "MultiPolygon",
        "coordinates": [
          [
            [
              [
                12.6891745,
                49.9587233
              ],
              [
                12.6877532,
                49.9591733
              ],
              [
                12.6872177,
                49.9593879
              ],
              [
                12.6869472,
                49.959588
              ],
              [
                12.6867698,
                49.9597257
              ],
              [
                12.6865846,
                49.9598695
              ],
              [
                12.6865339,
                49.959912
              ],
              [
                12.6853632,
                49.9602619
              ],
              [
                12.6845054,
                49.9607514
              ],
              [
                12.6839998,
                49.9611817
              ],
              [
                12.683909,
                49.9612568
              ],
              [
                12.6837224,
                49.9613262
              ],
              [
                12.6835287,
                49.9614451
              ],
              [
                12.6833589,
                49.9615606
              ],
              [
                12.6830813,
                49.9615909
              ],
              [
                12.6826751,
                49.9617314
              ],
              [
                12.6824658,
                49.9618663
              ],
              [
                12.6821654,
                49.9620699
              ],
              [
                12.6818035,
                49.9624109
              ],
              [
                12.6816844,
                49.9629792
              ],
              [
                12.6813533,
                49.9629254
              ],
              [
                12.6805756,
                49.9628313
              ],
              [
                12.6805383,
                49.9628268
              ],
              [
                12.6805495,
                49.9627924
              ],
              [
                12.6804405,
                49.9627804
              ],
              [
                12.6804718,
                49.9626713
              ],
              [
                12.6805218,
                49.9626348
              ],
              [
                12.6806075,
                49.9625294
              ],
              [
                12.6805866,
                49.9624088
              ],
              [
                12.6806066,
                49.9622671
              ],
              [
                12.6805916,
                49.9621445
              ],
              [
                12.6805473,
                49.9620623
              ],
              [
                12.6805769,
                49.9620131
              ],
              [
                12.6806102,
                49.9619174
              ],
              [
                12.6805182,
                49.9616415
              ],
              [
                12.6804874,
                49.9614795
              ],
              [
                12.6804587,
                49.96125
              ],
              [
                12.6805334,
                49.9608583
              ],
              [
                12.6806832,
                49.9601638
              ],
              [
                12.6808635,
                49.9597593
              ],
              [
                12.6808923,
                49.9596544
              ],
              [
                12.6811236,
                49.9594358
              ],
              [
                12.6815422,
                49.9591384
              ],
              [
                12.6817046,
                49.9590152
              ],
              [
                12.6823024,
                49.9586037
              ],
              [
                12.6822513,
                49.9585836
              ],
              [
                12.6820848,
                49.9583094
              ],
              [
                12.6819551,
                49.9580981
              ],
              [
                12.6818715,
                49.9579575
              ],
              [
                12.6818362,
                49.95795
              ],
              [
                12.6818597,
                49.9578351
              ],
              [
                12.6819395,
                49.9577801
              ],
              [
                12.6819714,
                49.9577088
              ],
              [
                12.6821558,
                49.9576252
              ],
              [
                12.6822282,
                49.9575991
              ],
              [
                12.682221,
                49.9575777
              ],
              [
                12.6821972,
                49.9575729
              ],
              [
                12.6820827,
                49.9575108
              ],
              [
                12.6820939,
                49.9573867
              ],
              [
                12.6820796,
                49.9573531
              ],
              [
                12.6821177,
                49.9573214
              ],
              [
                12.6824932,
                49.9571755
              ],
              [
                12.6825384,
                49.9571791
              ],
              [
                12.6828635,
                49.9572042
              ],
              [
                12.6830232,
                49.9572357
              ],
              [
                12.6833217,
                49.9571925
              ],
              [
                12.6837717,
                49.9572902
              ],
              [
                12.6839307,
                49.957206
              ],
              [
                12.6840743,
                49.957165
              ],
              [
                12.6841968,
                49.9571589
              ],
              [
                12.6842376,
                49.957057
              ],
              [
                12.684273,
                49.9568568
              ],
              [
                12.6843405,
                49.9568023
              ],
              [
                12.6843633,
                49.9566814
              ],
              [
                12.6845068,
                49.956488
              ],
              [
                12.6845144,
                49.9563741
              ],
              [
                12.684464,
                49.9562766
              ],
              [
                12.6844723,
                49.9562224
              ],
              [
                12.6845741,
                49.9561502
              ],
              [
                12.6847246,
                49.9560888
              ],
              [
                12.6847609,
                49.9559689
              ],
              [
                12.6847215,
                49.9558218
              ],
              [
                12.6848339,
                49.9556908
              ],
              [
                12.6848839,
                49.9554196
              ],
              [
                12.6850652,
                49.9552779
              ],
              [
                12.6852222,
                49.9550937
              ],
              [
                12.6852237,
                49.9548984
              ],
              [
                12.6854757,
                49.9547887
              ],
              [
                12.6853924,
                49.954685
              ],
              [
                12.6853755,
                49.9544932
              ],
              [
                12.6854438,
                49.9542361
              ],
              [
                12.6853948,
                49.95423
              ],
              [
                12.685388,
                49.9540686
              ],
              [
                12.6855728,
                49.9539646
              ],
              [
                12.6858621,
                49.9537108
              ],
              [
                12.6860539,
                49.9535458
              ],
              [
                12.6860971,
                49.9534646
              ],
              [
                12.686174,
                49.9534361
              ],
              [
                12.6862918,
                49.953443
              ],
              [
                12.6865507,
                49.953189
              ],
              [
                12.6867103,
                49.9526553
              ],
              [
                12.6866565,
                49.9526422
              ],
              [
                12.6866698,
                49.952591
              ],
              [
                12.6863442,
                49.9526455
              ],
              [
                12.6863439,
                49.9526449
              ],
              [
                12.6867109,
                49.9524292
              ],
              [
                12.6870063,
                49.9523955
              ],
              [
                12.6870977,
                49.9523277
              ],
              [
                12.6873341,
                49.9522355
              ],
              [
                12.6875995,
                49.9520753
              ],
              [
                12.687995,
                49.9516772
              ],
              [
                12.6883663,
                49.9512852
              ],
              [
                12.6889889,
                49.9507647
              ],
              [
                12.6890345,
                49.9506689
              ],
              [
                12.6891166,
                49.9505707
              ],
              [
                12.689172,
                49.950421
              ],
              [
                12.689305,
                49.9502385
              ],
              [
                12.6892854,
                49.950197
              ],
              [
                12.68913,
                49.9501236
              ],
              [
                12.6889179,
                49.9500668
              ],
              [
                12.6888258,
                49.9500231
              ],
              [
                12.6889402,
                49.949922
              ],
              [
                12.6891869,
                49.9500325
              ],
              [
                12.6895644,
                49.9501204
              ],
              [
                12.689713,
                49.950185
              ],
              [
                12.6901772,
                49.950714
              ],
              [
                12.6904164,
                49.950971
              ],
              [
                12.6906894,
                49.9512279
              ],
              [
                12.6909863,
                49.9516142
              ],
              [
                12.6912406,
                49.9518112
              ],
              [
                12.6920156,
                49.9521965
              ],
              [
                12.6924091,
                49.9523534
              ],
              [
                12.6928652,
                49.9524626
              ],
              [
                12.6935904,
                49.9525526
              ],
              [
                12.6941974,
                49.95271
              ],
              [
                12.6946165,
                49.9528552
              ],
              [
                12.6949738,
                49.9528034
              ],
              [
                12.6954552,
                49.9530025
              ],
              [
                12.6953903,
                49.9530496
              ],
              [
                12.6952418,
                49.9532081
              ],
              [
                12.6947626,
                49.9535266
              ],
              [
                12.6944313,
                49.9537046
              ],
              [
                12.694009,
                49.9538747
              ],
              [
                12.6940524,
                49.954078
              ],
              [
                12.6942717,
                49.9542163
              ],
              [
                12.6950368,
                49.9547224
              ],
              [
                12.6939929,
                49.9552088
              ],
              [
                12.6939118,
                49.9552665
              ],
              [
                12.6932996,
                49.9552557
              ],
              [
                12.6931189,
                49.9553128
              ],
              [
                12.6930014,
                49.9554644
              ],
              [
                12.6926092,
                49.9558634
              ],
              [
                12.6921985,
                49.956108
              ],
              [
                12.6917681,
                49.9565057
              ],
              [
                12.6915128,
                49.9567617
              ],
              [
                12.6913053,
                49.9571127
              ],
              [
                12.6911877,
                49.9575372
              ],
              [
                12.6911853,
                49.9575384
              ],
              [
                12.6911299,
                49.9575674
              ],
              [
                12.6909992,
                49.9576647
              ],
              [
                12.6909186,
                49.9576885
              ],
              [
                12.6897899,
                49.9580217
              ],
              [
                12.6888379,
                49.9582773
              ],
              [
                12.6891745,
                49.9587233
              ]
            ]
          ]
        ]
      },
      "properties": {
        "zdroj": "RÚIAN",
        "kod_zsj": "327921",
        "nazev": "Za nádražím",
        "kod_ku": "691607",
        "vymera_m2": 649929,
        "definicni_bod_sjtsk": [
          -867809.0,
          -1039231.0
        ]
      }
    },
    {
      "type": "Feature",
      "geometry": {
        "type": "MultiPolygon",
        "coordinates": [
          [
            [
              [
                12.7192126,
                49.9456189
              ],
              [
                12.7188023,
                49.9455405
              ],
              [
                12.7187568,
                49.9455867
              ],
              [
                12.7184279,
                49.9454877
              ],
              [
                12.7174745,
                49.9452891
              ],
              [
                12.7164718,
                49.9451856
              ],
              [
                12.7163717,
                49.9451753
              ],
              [
                12.7162159,
                49.9451592
              ],
              [
                12.7161386,
                49.9440646
              ],
              [
                12.716133,
                49.9438854
              ],
              [
                12.7161314,
                49.9438288
              ],
              [
                12.7153994,
                49.9437236
              ],
              [
                12.7145863,
                49.9436067
              ],
              [
                12.714544,
                49.9436006
              ],
              [
                12.7144933,
                49.9435819
              ],
              [
                12.7144207,
                49.9432277
              ],
              [
                12.7144716,
                49.9431139
              ],
              [
                12.7146414,
                49.9428985
              ],
              [
                12.7147352,
                49.9427273
              ],
              [
                12.7147864,
                49.9425523
              ],
              [
                12.7146736,
                49.9424239
              ],
              [
                12.714548,
                49.9424278
              ],
              [
                12.7145462,
                49.9423247
              ],
              [
                12.7145012,
                49.9423171
              ],
              [
                12.7144165,
                49.9423033
              ],
              [
                12.7141408,
                49.9422583
              ],
              [
                12.7131725,
                49.9420963
              ],
              [
                12.7126302,
                49.9420015
              ],
              [
                12.712583,
                49.94199
              ],
              [
                12.7123573,
                49.9419347
              ],
              [
                12.7122143,
                49.9418996
              ],
              [
                12.7117211,
                49.9417956
              ],
              [
                12.7108381,
                49.9416276
              ],
              [
                12.7103465,
                49.941528
              ],
              [
                12.7096676,
                49.9413938
              ],
              [
                12.709601,
                49.9413809
              ],
              [
                12.7095506,
                49.9414232
              ],
              [
                12.7093798,
                49.9415666
              ],
              [
                12.7093634,
                49.9415803
              ],
              [
                12.7092941,
                49.9416351
              ],
              [
                12.709041,
                49.9417261
              ],
              [
                12.7086511,
                49.9418662
              ],
              [
                12.7084675,
                49.941775
              ],
              [
                12.7084389,
                49.9417403
              ],
              [
                12.7083878,
                49.9416937
              ],
              [
                12.7081635,
                49.9414892
              ],
              [
                12.7075021,
                49.941655
              ],
              [
                12.7070873,
                49.9417531
              ],
              [
                12.7070794,
                49.9417434
              ],
              [
                12.7070767,
                49.9417401
              ],
              [
                12.7070067,
                49.941764
              ],
              [
                12.7065418,
                49.9419203
              ],
              [
                12.706531,
                49.941908
              ],
              [
                12.7065114,
                49.9419154
              ],
              [
                12.7063807,
                49.9419645
              ],
              [
                12.7063196,
                49.9419815
              ],
              [
                12.7062314,
                49.9420111
              ],
              [
                12.7062269,
                49.9420126
              ],
              [
                12.7062394,
                49.9420324
              ],
              [
                12.7055652,
                49.9422851
              ],
              [
                12.7050865,
                49.9424914
              ],
              [
                12.7050566,
                49.9425003
              ],
              [
                12.7048687,
                49.9425563
              ],
              [
                12.7048868,
                49.9425734
              ],
              [
                12.7044983,
                49.9427516
              ],
              [
                12.7041184,
                49.9429275
              ],
              [
                12.7039063,
                49.9430219
              ],
              [
                12.7037091,
                49.9431136
              ],
              [
                12.7036877,
                49.9431099
              ],
              [
                12.7036655,
                49.9431061
              ],
              [
                12.7036083,
                49.9430984
              ],
              [
                12.7033901,
                49.9430292
              ],
              [
                12.7030019,
                49.9426813
              ],
              [
                12.7026611,
                49.9424484
              ],
              [
                12.7024596,
                49.94233
              ],
              [
                12.702159,
                49.9423153
              ],
              [
                12.7017616,
                49.9422044
              ],
              [
                12.7015749,
                49.9420962
              ],
              [
                12.7013954,
                49.9420813
              ],
              [
                12.7012844,
                49.9420469
              ],
              [
                12.7014092,
                49.9419714
              ],
              [
                12.7012737,
                49.9418798
              ],
              [
                12.700883,
                49.9416261
              ],
              [
                12.7008409,
                49.9416015
              ],
              [
                12.7008392,
                49.9415606
              ],
              [
                12.7008381,
                49.9415342
              ],
              [
                12.7008378,
                49.9415017
              ],
              [
                12.7008302,
                49.9415024
              ],
              [
                12.7006286,
                49.9414993
              ],
              [
                12.7003348,
                49.941514
              ],
              [
                12.7001176,
                49.9415248
              ],
              [
                12.7000593,
                49.9415249
              ],
              [
                12.6996883,
                49.9415108
              ],
              [
                12.6996814,
                49.9415096
              ],
              [
                12.699633,
                49.9415101
              ],
              [
                12.6996026,
                49.9415104
              ],
              [
                12.6994827,
                49.9415135
              ],
              [
                12.6994763,
                49.9415139
              ],
              [
                12.698052,
                49.9415969
              ],
              [
                12.6978478,
                49.9416155
              ],
              [
                12.6977326,
                49.94164
              ],
              [
                12.6975018,
                49.9416787
              ],
              [
                12.6973062,
                49.9416725
              ],
              [
                12.6969439,
                49.941637
              ],
              [
                12.6967079,
                49.9416495
              ],
              [
                12.6963214,
                49.9416989
              ],
              [
                12.6954466,
                49.9417424
              ],
              [
                12.6950893,
                49.9417305
              ],
              [
                12.6945491,
                49.9417409
              ],
              [
                12.6941198,
                49.941721
              ],
              [
                12.6938225,
                49.941734
              ],
              [
                12.6933004,
                49.9417147
              ],
              [
                12.6928777,
                49.9416996
              ],
              [
                12.6924456,
                49.9416413
              ],
              [
                12.692297,
                49.9416088
              ],
              [
                12.6922405,
                49.9415829
              ],
              [
                12.6922027,
                49.9415538
              ],
              [
                12.6918666,
                49.9412985
              ],
              [
                12.6916578,
                49.9411718
              ],
              [
                12.6915754,
                49.9408742
              ],
              [
                12.691304,
                49.9407954
              ],
              [
                12.6910547,
                49.9405214
              ],
              [
                12.6908485,
                49.9403223
              ],
              [
                12.6904925,
                49.9399354
              ],
              [
                12.6903149,
                49.9398198
              ],
              [
                12.690214,
                49.9396274
              ],
              [
                12.6901544,
                49.9396147
              ],
              [
                12.6901153,
                49.9388248
              ],
              [
                12.6898443,
                49.9376312
              ],
              [
                12.6897761,
                49.9373309
              ],
              [
                12.6897854,
                49.9372853
              ],
              [
                12.689787,
                49.9372775
              ],
              [
                12.6897982,
                49.9372225
              ],
              [
                12.6898187,
                49.9371217
              ],
              [
                12.6898537,
                49.93695
              ],
              [
                12.6903224,
                49.9363722
              ],
              [
                12.6907309,
                49.9355704
              ],
              [
                12.6910169,
                49.934923
              ],
              [
                12.6911762,
                49.9341264
              ],
              [
                12.6912069,
                49.9340233
              ],
              [
                12.6927437,
                49.9340223
              ],
              [
                12.6942867,
                49.9340212
              ],
              [
                12.6963055,
                49.9340334
              ],
              [
                12.6964564,
                49.9340343
              ],
              [
                12.6978445,
                49.9340427
              ],
              [
                12.6986897,
                49.9340478
              ],
              [
                12.6992549,
                49.9340512
              ],
              [
                12.7014187,
                49.9340618
              ],
              [
                12.7036019,
                49.9340725
              ],
              [
                12.7038417,
                49.9340722
              ],
              [
                12.7039423,
                49.9340721
              ],
              [
                12.7039969,
                49.9340709
              ],
              [
                12.7065414,
                49.9340995
              ],
              [
                12.7065791,
                49.9340883
              ],
              [
                12.7073209,
                49.9338678
              ],
              [
                12.7080053,
                49.9336718
              ],
              [
                12.7080275,
                49.9336649
              ],
              [
                12.7081723,
                49.9338294
              ],
              [
                12.7084806,
                49.9341058
              ],
              [
                12.7085303,
                49.9341945
              ],
              [
                12.7085173,
                49.9343794
              ],
              [
                12.7084616,
                49.9345119
              ],
              [
                12.7084941,
                49.9344937
              ],
              [
                12.7084887,
                49.9345199
              ],
              [
                12.7088023,
                49.9344478
              ],
              [
                12.7097735,
                49.9343877
              ],
              [
                12.7097731,
                49.9344071
              ],
              [
                12.7097723,
                49.934506
              ],
              [
                12.7098947,
                49.9345181
              ],
              [
                12.7098959,
                49.9345394
              ],
              [
                12.7105764,
                49.9346076
              ],
              [
                12.71078,
                49.934628
              ],
              [
                12.7109094,
                49.9347965
              ],
              [
                12.7110772,
                49.9349536
              ],
              [
                12.7111579,
                49.9350757
              ],
              [
                12.7111654,
                49.9351453
              ],
              [
                12.7112733,
                49.9352129
              ],
              [
                12.711365,
                49.9351964
              ],
              [
                12.7114339,
                49.935209
              ],
              [
                12.7115834,
                49.935155
              ],
              [
                12.7116131,
                49.9351417
              ],
              [
                12.7116764,
                49.9351135
              ],
              [
                12.7116117,
                49.9350037
              ],
              [
                12.7116869,
                49.9349298
              ],
              [
                12.7116411,
                49.9347891
              ],
              [
                12.7117772,
                49.9347387
              ],
              [
                12.7120657,
                49.9346318
              ],
              [
                12.712231,
                49.934571
              ],
              [
                12.7123823,
                49.9345333
              ],
              [
                12.7124085,
                49.9344804
              ],
              [
                12.7124613,
                49.9343736
              ],
              [
                12.7127197,
                49.9343539
              ],
              [
                12.7129027,
                49.93445
              ],
              [
                12.7132594,
                49.9344092
              ],
              [
                12.7133672,
                49.9343418
              ],
              [
                12.7134335,
                49.9343581
              ],
              [
                12.7134772,
                49.9344062
              ],
              [
                12.7135167,
                49.9344087
              ],
              [
                12.7136127,
                49.9343844
              ],
              [
                12.7137086,
                49.9342792
              ],
              [
                12.7138767,
                49.9342356
              ],
              [
                12.7140239,
                49.9341656
              ],
              [
                12.7140805,
                49.9340859
              ],
              [
                12.7142356,
                49.934109
              ],
              [
                12.714505,
                49.9339576
              ],
              [
                12.7147209,
                49.9339146
              ],
              [
                12.7147971,
                49.9339657
              ],
              [
                12.7148216,
                49.933982
              ],
              [
                12.7148659,
                49.9340114
              ],
              [
                12.7154081,
                49.9341952
              ],
              [
                12.7156286,
                49.9340891
              ],
              [
                12.7158129,
                49.9341494
              ],
              [
                12.7160735,
                49.9341337
              ],
              [
                12.7170392,
                49.9342979
              ],
              [
                12.7173428,
                49.9344081
              ],
              [
                12.7177202,
                49.9343522
              ],
              [
                12.7178082,
                49.9342789
              ],
              [
                12.7179749,
                49.934213
              ],
              [
                12.7182635,
                49.9341651
              ],
              [
                12.7182693,
                49.9343823
              ],
              [
                12.7183562,
                49.9344463
              ],
              [
                12.7185356,
                49.9344034
              ],
              [
                12.7187055,
                49.9344142
              ],
              [
                12.7191795,
                49.9341995
              ],
              [
                12.7191977,
                49.934093
              ],
              [
                12.7193255,
                49.9340024
              ],
              [
                12.7197132,
                49.933932
              ],
              [
                12.7197604,
                49.9339751
              ],
              [
                12.7197782,
                49.9341311
              ],
              [
                12.7201037,
                49.9341657
              ],
              [
                12.7206011,
                49.9340868
              ],
              [
                12.720792,
                49.9340719
              ],
              [
                12.7213677,
                49.9338243
              ],
              [
                12.7215029,
                49.9338039
              ],
              [
                12.7216688,
                49.9337738
              ],
              [
                12.7218066,
                49.9338224
              ],
              [
                12.7223394,
                49.9339364
              ],
              [
                12.7226808,
                49.9341321
              ],
              [
                12.7231055,
                49.93411
              ],
              [
                12.7231512,
                49.9340772
              ],
              [
                12.7231647,
                49.9340675
              ],
              [
                12.7233772,
                49.9339148
              ],
              [
                12.7234107,
                49.9337381
              ],
              [
                12.7237673,
                49.93374
              ],
              [
                12.7237851,
                49.9337823
              ],
              [
                12.7239563,
                49.934124
              ],
              [
                12.7240031,
                49.9341618
              ],
              [
                12.7241776,
                49.9343028
              ],
              [
                12.7244891,
                49.9345553
              ],
              [
                12.7248436,
                49.934847
              ],
              [
                12.7249666,
                49.9349481
              ],
              [
                12.7249025,
                49.9351702
              ],
              [
                12.7248718,
                49.9352763
              ],
              [
                12.7249756,
                49.9353168
              ],
              [
                12.72521,
                49.9354006
              ],
              [
                12.7254103,
                49.9354695
              ],
              [
                12.7254554,
                49.9355004
              ],
              [
                12.7255056,
                49.935535
              ],
              [
                12.7256034,
                49.9355996
              ],
              [
                12.7257699,
                49.9357761
              ],
              [
                12.7257736,
                49.9357851
              ],
              [
                12.7257911,
                49.9358272
              ],
              [
                12.7258561,
                49.9359838
              ],
              [
                12.7258772,
                49.9360344
              ],
              [
                12.7258922,
                49.9361311
              ],
              [
                12.7259043,
                49.9362003
              ],
              [
                12.7259047,
                49.9362021
              ],
              [
                12.7259111,
                49.9362417
              ],
              [
                12.7259473,
                49.9363807
              ],
              [
                12.7264043,
                49.9361817
              ],
              [
                12.7270013,
                49.9359215
              ],
              [
                12.7271805,
                49.9360829
              ],
              [
                12.7275455,
                49.9363969
              ],
              [
                12.7276525,
                49.936489
              ],
              [
                12.7279759,
                49.9367404
              ],
              [
                12.7285676,
                49.9372842
              ],
              [
                12.7290842,
                49.937723
              ],
              [
                12.7296322,
                49.9381756
              ],
              [
                12.7295959,
                49.938261
              ],
              [
                12.7300884,
                49.9385327
              ],
              [
                12.7305699,
                49.9388259
              ],
              [
                12.7309862,
                49.9391376
              ],
              [
                12.7311726,
                49.9392772
              ],
              [
                12.7313438,
                49.9390673
              ],
              [
                12.7315007,
                49.9387003
              ],
              [
                12.7315343,
                49.9387087
              ],
              [
                12.7325471,
                49.9389623
              ],
              [
                12.7325127,
                49.9391261
              ],
              [
                12.7321615,
                49.9396858
              ],
              [
                12.7321918,
                49.9397042
              ],
              [
                12.7322235,
                49.9397226
              ],
              [
                12.7322523,
                49.9397393
              ],
              [
                12.7324164,
                49.939761
              ],
              [
                12.7331052,
                49.9398518
              ],
              [
                12.7345055,
                49.9400444
              ],
              [
                12.7345415,
                49.9400475
              ],
              [
                12.7346407,
                49.9402879
              ],
              [
                12.7347501,
                49.9403504
              ],
              [
                12.7347851,
                49.9403407
              ],
              [
                12.7350605,
                49.9403315
              ],
              [
                12.7356439,
                49.9405656
              ],
              [
                12.7356639,
                49.9405736
              ],
              [
                12.7358461,
                49.9406466
              ],
              [
                12.7361055,
                49.9407508
              ],
              [
                12.7361409,
                49.9407636
              ],
              [
                12.7361706,
                49.9407744
              ],
              [
                12.7362232,
                49.9407933
              ],
              [
                12.7364437,
                49.9408717
              ],
              [
                12.7364703,
                49.9408888
              ],
              [
                12.7366215,
                49.9409856
              ],
              [
                12.7369227,
                49.941037
              ],
              [
                12.7371703,
                49.9412007
              ],
              [
                12.7373166,
                49.9414123
              ],
              [
                12.7372242,
                49.9414649
              ],
              [
                12.73672,
                49.9417104
              ],
              [
                12.7364917,
                49.9418078
              ],
              [
                12.7362575,
                49.9418891
              ],
              [
                12.7358102,
                49.9420618
              ],
              [
                12.7356484,
                49.9421229
              ],
              [
                12.7354207,
                49.9422084
              ],
              [
                12.7350746,
                49.942318
              ],
              [
                12.7348018,
                49.9423868
              ],
              [
                12.7344651,
                49.9425115
              ],
              [
                12.7342027,
                49.9425945
              ],
              [
                12.7336813,
                49.9425936
              ],
              [
                12.7335052,
                49.9426517
              ],
              [
                12.7341194,
                49.9432096
              ],
              [
                12.7341278,
                49.9432831
              ],
              [
                12.734131,
                49.9433104
              ],
              [
                12.7336508,
                49.9434423
              ],
              [
                12.7332752,
                49.9435622
              ],
              [
                12.7329973,
                49.9436702
              ],
              [
                12.7327252,
                49.9436894
              ],
              [
                12.7325181,
                49.9437555
              ],
              [
                12.7322647,
                49.9438932
              ],
              [
                12.7322214,
                49.943961
              ],
              [
                12.7322213,
                49.9440278
              ],
              [
                12.7322156,
                49.9441349
              ],
              [
                12.732135,
                49.9442088
              ],
              [
                12.7318616,
                49.9443019
              ],
              [
                12.7317164,
                49.9443221
              ],
              [
                12.7315577,
                49.9444117
              ],
              [
                12.7311574,
                49.9446233
              ],
              [
                12.7311929,
                49.9446496
              ],
              [
                12.7310603,
                49.9447711
              ],
              [
                12.7310789,
                49.9448149
              ],
              [
                12.7312091,
                49.9448291
              ],
              [
                12.7310397,
                49.9452912
              ],
              [
                12.7310493,
                49.9454224
              ],
              [
                12.7311243,
                49.9455711
              ],
              [
                12.7312481,
                49.9456904
              ],
              [
                12.7314536,
                49.9458054
              ],
              [
                12.7321016,
                49.9460657
              ],
              [
                12.7319323,
                49.9461167
              ],
              [
                12.7316028,
                49.9460426
              ],
              [
                12.7315239,
                49.9460794
              ],
              [
                12.7313539,
                49.9461568
              ],
              [
                12.7312695,
                49.946179
              ],
              [
                12.7310996,
                49.9462012
              ],
              [
                12.7308614,
                49.9462355
              ],
              [
                12.7307397,
                49.9462179
              ],
              [
                12.7306967,
                49.9462125
              ],
              [
                12.7303094,
                49.9460661
              ],
              [
                12.7302213,
                49.9460367
              ],
              [
                12.729781,
                49.9459167
              ],
              [
                12.7295458,
                49.9458541
              ],
              [
                12.7293834,
                49.9457267
              ],
              [
                12.729224,
                49.9458172
              ],
              [
                12.7289945,
                49.9459474
              ],
              [
                12.7288822,
                49.9460068
              ],
              [
                12.7287487,
                49.9461388
              ],
              [
                12.7282929,
                49.9465832
              ],
              [
                12.7280916,
                49.9469528
              ],
              [
                12.7279903,
                49.9471281
              ],
              [
                12.727978,
                49.9472755
              ],
              [
                12.7277952,
                49.94742
              ],
              [
                12.7277608,
                49.9474426
              ],
              [
                12.7276093,
                49.9475274
              ],
              [
                12.727482,
                49.9476355
              ],
              [
                12.7271498,
                49.9479338
              ],
              [
                12.7270593,
                49.9480548
              ],
              [
                12.7270956,
                49.9483019
              ],
              [
                12.727037,
                49.9482997
              ],
              [
                12.7269854,
                49.9482876
              ],
              [
                12.726976,
                49.9482853
              ],
              [
                12.726876,
                49.9482764
              ],
              [
                12.7265708,
                49.9481556
              ],
              [
                12.7263982,
                49.947988
              ],
              [
                12.7255109,
                49.9475809
              ],
              [
                12.7254722,
                49.9475641
              ],
              [
                12.7253476,
                49.9475206
              ],
              [
                12.7248629,
                49.9473163
              ],
              [
                12.7247076,
                49.9470678
              ],
              [
                12.7247083,
                49.9470078
              ],
              [
                12.7246226,
                49.9469691
              ],
              [
                12.7243819,
                49.9468571
              ],
              [
                12.7241786,
                49.9467281
              ],
              [
                12.7229187,
                49.9463732
              ],
              [
                12.722798,
                49.9463533
              ],
              [
                12.7227775,
                49.9463478
              ],
              [
                12.7221996,
                49.9462188
              ],
              [
                12.7217645,
                49.946202
              ],
              [
                12.7217523,
                49.9461995
              ],
              [
                12.7216991,
                49.9461993
              ],
              [
                12.7210826,
                49.9459952
              ],
              [
                12.7207183,
                49.9459016
              ],
              [
                12.7201167,
                49.9458452
              ],
              [
                12.7197451,
                49.9457207
              ],
              [
                12.7192126,
                49.9456189
              ]
            ]
          ]
        ]
      },
      "properties": {
        "zdroj": "RÚIAN",
        "kod_zsj": "91677",
        "nazev": "Stanoviště",
        "kod_ku": "691674",
        "vymera_m2": 3056365,
        "definicni_bod_sjtsk": [
          -865468.0,
          -1041289.0
        ]
      }
    }
  ]
}